candidate_index,proposal_type,proxy_energy,true_score,valid,shortcut_mass,hidden_mse,prototype_error,smoothness,seam_error,benchmark,target_id,source_idx,digit,N,method,selection_index,score_used
0,near_valid,-0.25058932956277713,0.9892404514163159,1.0,0.5376525805949774,0.0037658420042894275,0.015908336856385995,0.2554105911001595,0.04496306703545499,sklearn_digits_hidden_completion,0,0,0,1,min_energy,0,-0.25058932956277713
0,near_valid,-0.25058932956277713,0.9892404514163159,1.0,0.5376525805949774,0.0037658420042894275,0.015908336856385995,0.2554105911001595,0.04496306703545499,sklearn_digits_hidden_completion,0,0,0,1,random_selector,0,0.0
0,near_valid,-0.25058932956277713,0.9892404514163159,1.0,0.5376525805949774,0.0037658420042894275,0.015908336856385995,0.2554105911001595,0.04496306703545499,sklearn_digits_hidden_completion,0,0,0,1,calibrated_clipped,0,-0.25058932956277713
0,near_valid,-0.25058932956277713,0.9892404514163159,1.0,0.5376525805949774,0.0037658420042894275,0.015908336856385995,0.2554105911001595,0.04496306703545499,sklearn_digits_hidden_completion,0,0,0,1,oracle_true_score,0,0.9892404514163159
3,shortcut,-0.6634652160626242,0.5700660544579026,0.0,1.0,0.15047688093973408,0.1826739196868788,0.0,0.25,sklearn_digits_hidden_completion,0,0,0,4,min_energy,3,-0.6634652160626242
2,near_valid,-0.22573682687566402,0.9688984924597216,1.0,0.5334991771477842,0.010885527639097437,0.018626458664456433,0.2557462819918045,0.15000904578395163,sklearn_digits_hidden_completion,0,0,0,4,random_selector,2,2.0
0,near_valid,-0.25058932956277713,0.9892404514163159,1.0,0.5376525805949774,0.0037658420042894275,0.015908336856385995,0.2554105911001595,0.04496306703545499,sklearn_digits_hidden_completion,0,0,0,4,calibrated_clipped,0,-0.24872029801154016
0,near_valid,-0.25058932956277713,0.9892404514163159,1.0,0.5376525805949774,0.0037658420042894275,0.015908336856385995,0.2554105911001595,0.04496306703545499,sklearn_digits_hidden_completion,0,0,0,4,oracle_true_score,0,0.9892404514163159
3,shortcut,-0.6634652160626242,0.5700660544579026,0.0,1.0,0.15047688093973408,0.1826739196868788,0.0,0.25,sklearn_digits_hidden_completion,0,0,0,16,min_energy,3,-0.6634652160626242
15,class_neighbor,-0.19320541261328947,0.8552010835989424,1.0,0.5133274581143186,0.050679620740370135,0.024107065885763425,0.29371719972362936,0.12712153973650306,sklearn_digits_hidden_completion,0,0,0,16,random_selector,15,15.0
0,near_valid,-0.25058932956277713,0.9892404514163159,1.0,0.5376525805949774,0.0037658420042894275,0.015908336856385995,0.2554105911001595,0.04496306703545499,sklearn_digits_hidden_completion,0,0,0,16,calibrated_clipped,0,-0.24523559936897102
0,near_valid,-0.25058932956277713,0.9892404514163159,1.0,0.5376525805949774,0.0037658420042894275,0.015908336856385995,0.2554105911001595,0.04496306703545499,sklearn_digits_hidden_completion,0,0,0,16,oracle_true_score,0,0.9892404514163159
24,shortcut,-0.6706298198148088,0.6554191018436676,0.0,1.0,0.12060331435471633,0.14685090092595557,0.0,0.25,sklearn_digits_hidden_completion,0,0,0,64,min_energy,24,-0.6706298198148088
13,class_neighbor,-0.21865712200241683,0.710810943399796,0.0,0.5299088058337127,0.1012161698100714,0.07055154009614528,0.2607140393119475,0.1063572636603376,sklearn_digits_hidden_completion,0,0,0,64,random_selector,13,13.0
55,near_valid,-0.25470302493056807,0.9839468031342529,1.0,0.539900929907088,0.005618618903011516,0.017021105966302446,0.24338836561603489,0.06477425108834148,sklearn_digits_hidden_completion,0,0,0,64,calibrated_clipped,55,-0.24642817924334126
17,near_valid,-0.25900849898036304,0.9937382268117759,1.0,0.5445996918022615,0.0021916206158784247,0.013783796911830942,0.2404526665988838,0.07217771929790398,sklearn_digits_hidden_completion,0,0,0,64,oracle_true_score,17,0.9937382268117759
24,shortcut,-0.6706298198148088,0.6554191018436676,0.0,1.0,0.12060331435471633,0.14685090092595557,0.0,0.25,sklearn_digits_hidden_completion,0,0,0,128,min_energy,24,-0.6706298198148088
38,near_valid,-0.21520079286539662,0.9568645110444421,1.0,0.5210778899010791,0.015097421134445234,0.030176788374870096,0.28106651855597653,0.07492840839825775,sklearn_digits_hidden_completion,0,0,0,128,random_selector,38,38.0
55,near_valid,-0.25470302493056807,0.9839468031342529,1.0,0.539900929907088,0.005618618903011516,0.017021105966302446,0.24338836561603489,0.06477425108834148,sklearn_digits_hidden_completion,0,0,0,128,calibrated_clipped,55,-0.2438446261821385
17,near_valid,-0.25900849898036304,0.9937382268117759,1.0,0.5445996918022615,0.0021916206158784247,0.013783796911830942,0.2404526665988838,0.07217771929790398,sklearn_digits_hidden_completion,0,0,0,128,oracle_true_score,17,0.9937382268117759
0,near_valid,-0.23163296932598032,0.9859726437627597,1.0,0.5499235967893684,0.004909574683034102,0.0533367644522844,0.22973171982449314,0.21894964736058933,sklearn_digits_hidden_completion,1,15,5,1,min_energy,0,-0.23163296932598032
0,near_valid,-0.23163296932598032,0.9859726437627597,1.0,0.5499235967893684,0.004909574683034102,0.0533367644522844,0.22973171982449314,0.21894964736058933,sklearn_digits_hidden_completion,1,15,5,1,random_selector,0,0.0
0,near_valid,-0.23163296932598032,0.9859726437627597,1.0,0.5499235967893684,0.004909574683034102,0.0533367644522844,0.22973171982449314,0.21894964736058933,sklearn_digits_hidden_completion,1,15,5,1,calibrated_clipped,0,-0.23163296932598032
0,near_valid,-0.23163296932598032,0.9859726437627597,1.0,0.5499235967893684,0.004909574683034102,0.0533367644522844,0.22973171982449314,0.21894964736058933,sklearn_digits_hidden_completion,1,15,5,1,oracle_true_score,0,0.9859726437627597
3,class_neighbor,-0.29379764214641557,0.8519926363684996,1.0,0.5822512034378114,0.05180257727102511,0.0481914834137364,0.18639821287117933,0.15366723335023574,sklearn_digits_hidden_completion,1,15,5,4,min_energy,3,-0.29379764214641557
3,class_neighbor,-0.29379764214641557,0.8519926363684996,1.0,0.5822512034378114,0.05180257727102511,0.0481914834137364,0.18639821287117933,0.15366723335023574,sklearn_digits_hidden_completion,1,15,5,4,random_selector,3,3.0
1,near_valid,-0.23914008434154954,0.9905531833272504,1.0,0.5577147702295246,0.0033063858354623636,0.04892014274532089,0.2228958016714628,0.233846369311126,sklearn_digits_hidden_completion,1,15,5,4,calibrated_clipped,1,-0.23563405629347928
1,near_valid,-0.23914008434154954,0.9905531833272504,1.0,0.5577147702295246,0.0033063858354623636,0.04892014274532089,0.2228958016714628,0.233846369311126,sklearn_digits_hidden_completion,1,15,5,4,oracle_true_score,1,0.9905531833272504
13,shortcut,-0.6435463645371912,0.5313240361698193,0.0,1.0,0.16403658734056326,0.11039317731404405,0.0,0.421875,sklearn_digits_hidden_completion,1,15,5,16,min_energy,13,-0.6435463645371912
9,class_neighbor,-0.26490579939229897,0.8254054892247147,1.0,0.5789044544475603,0.061108078771349834,0.06611835648693792,0.19274645015753128,0.2501916127967073,sklearn_digits_hidden_completion,1,15,5,16,random_selector,9,9.0
3,class_neighbor,-0.29379764214641557,0.8519926363684996,1.0,0.5822512034378114,0.05180257727102511,0.0481914834137364,0.18639821287117933,0.15366723335023574,sklearn_digits_hidden_completion,1,15,5,16,calibrated_clipped,3,-0.2699557239373217
6,near_valid,-0.23850348916975148,0.9933065433870953,1.0,0.5565942598606782,0.0023427098145166227,0.049613492962687536,0.22231811026831583,0.23372273242822972,sklearn_digits_hidden_completion,1,15,5,16,oracle_true_score,6,0.9933065433870953
46,shortcut,-0.6440619686810486,0.5380988084185465,0.0,1.0,0.16166541705350873,0.10781515659475707,0.0,0.421875,sklearn_digits_hidden_completion,1,15,5,64,min_energy,46,-0.6440619686810486
13,shortcut,-0.6435463645371912,0.5313240361698193,0.0,1.0,0.16403658734056326,0.11039317731404405,0.0,0.421875,sklearn_digits_hidden_completion,1,15,5,64,random_selector,13,13.0
18,class_neighbor,-0.252960996181209,0.8809533982246336,1.0,0.5509624406609153,0.04166631062137826,0.05150451302324206,0.2261530341538561,0.12787881462604095,sklearn_digits_hidden_completion,1,15,5,64,calibrated_clipped,18,-0.2528857689308472
23,near_valid,-0.23339555026530182,0.9935317797643447,1.0,0.5525517973237546,0.0022638770824793715,0.04442079550820817,0.22632120757174604,0.2382873723070607,sklearn_digits_hidden_completion,1,15,5,64,oracle_true_score,23,0.9935317797643447
82,shortcut,-0.6468154994035752,0.5738710850878246,0.0,1.0,0.1491451202192614,0.0940475029821239,0.0,0.421875,sklearn_digits_hidden_completion,1,15,5,128,min_energy,82,-0.6468154994035752
52,near_valid,-0.21536468976846265,0.9812955259742127,1.0,0.5418264198647884,0.006546565909025554,0.04573268317460614,0.23891512154408573,0.2522763582298012,sklearn_digits_hidden_completion,1,15,5,128,random_selector,52,52.0
77,class_neighbor,-0.2555765129134494,0.943416901586573,1.0,0.5452374369439399,0.019804084444699447,0.05436154534798375,0.22942611189197787,0.08147447092160467,sklearn_digits_hidden_completion,1,15,5,128,calibrated_clipped,77,-0.251429769618283
104,near_valid,-0.24815798233505879,0.9945999065954907,1.0,0.5607596114815508,0.0018900326915782587,0.04727336195835677,0.216668964729346,0.21894561641646348,sklearn_digits_hidden_completion,1,15,5,128,oracle_true_score,104,0.9945999065954907
0,class_neighbor,-0.2036785574256843,0.7929366984843796,0.0,0.5179218755345885,0.07247215553046712,0.02057011771903538,0.28495256655201767,0.11962457038920117,sklearn_digits_hidden_completion,2,30,0,1,min_energy,0,-0.2036785574256843
0,class_neighbor,-0.2036785574256843,0.7929366984843796,0.0,0.5179218755345885,0.07247215553046712,0.02057011771903538,0.28495256655201767,0.11962457038920117,sklearn_digits_hidden_completion,2,30,0,1,random_selector,0,0.0
0,class_neighbor,-0.2036785574256843,0.7929366984843796,0.0,0.5179218755345885,0.07247215553046712,0.02057011771903538,0.28495256655201767,0.11962457038920117,sklearn_digits_hidden_completion,2,30,0,1,calibrated_clipped,0,-0.2036785574256843
0,class_neighbor,-0.2036785574256843,0.7929366984843796,0.0,0.5179218755345885,0.07247215553046712,0.02057011771903538,0.28495256655201767,0.11962457038920117,sklearn_digits_hidden_completion,2,30,0,1,oracle_true_score,0,0.7929366984843796
2,shortcut,-0.6604053355505831,0.38556652196060914,0.0,1.0,0.2150517173137868,0.14328582224708433,0.0,0.3046875,sklearn_digits_hidden_completion,2,30,0,4,min_energy,2,-0.6604053355505831
1,near_valid,-0.1995521409428178,0.9861484820963838,1.0,0.517512818614001,0.004848031266265652,0.03632220007200173,0.2969343845031548,0.09002060763273713,sklearn_digits_hidden_completion,2,30,0,4,random_selector,1,1.0
3,shortcut,-0.4139307801293566,0.6999812213304968,0.0,0.6964513805073016,0.1050065725343261,0.059743041446040326,0.06458481265802095,0.3046875,sklearn_digits_hidden_completion,2,30,0,4,calibrated_clipped,3,-0.33359250289163567
1,near_valid,-0.1995521409428178,0.9861484820963838,1.0,0.517512818614001,0.004848031266265652,0.03632220007200173,0.2969343845031548,0.09002060763273713,sklearn_digits_hidden_completion,2,30,0,4,oracle_true_score,1,0.9861484820963838
2,shortcut,-0.6604053355505831,0.38556652196060914,0.0,1.0,0.2150517173137868,0.14328582224708433,0.0,0.3046875,sklearn_digits_hidden_completion,2,30,0,16,min_energy,2,-0.6604053355505831
0,class_neighbor,-0.2036785574256843,0.7929366984843796,0.0,0.5179218755345885,0.07247215553046712,0.02057011771903538,0.28495256655201767,0.11962457038920117,sklearn_digits_hidden_completion,2,30,0,16,random_selector,0,0.0
10,class_neighbor,-0.21628718859826762,0.8510372650518285,1.0,0.5256031718407711,0.05213695723186002,0.024392098446251436,0.2672328066371552,0.13029363471312508,sklearn_digits_hidden_completion,2,30,0,16,calibrated_clipped,10,-0.20615206655676996
15,near_valid,-0.18939041645064258,0.9908031958654304,1.0,0.5073748336174357,0.0032188814470993565,0.03570347171365266,0.3186994425664006,0.04357660504091671,sklearn_digits_hidden_completion,2,30,0,16,oracle_true_score,15,0.9908031958654304
59,shortcut,-0.6605804664643802,0.3884336613411383,0.0,1.0,0.21404821853060157,0.1424101676780991,0.0,0.3046875,sklearn_digits_hidden_completion,2,30,0,64,min_energy,59,-0.6605804664643802
30,near_valid,-0.16312000554029812,0.9610155045050112,1.0,0.4942962263202759,0.013644573423246079,0.04277825082488217,0.33074191060830954,0.0856923160018105,sklearn_digits_hidden_completion,2,30,0,64,random_selector,30,30.0
16,class_neighbor,-0.22349216798318403,0.7835097937816404,0.0,0.5210424701605202,0.07577157217642584,0.020879749820916078,0.27478944229083313,0.05989770706532324,sklearn_digits_hidden_completion,2,30,0,64,calibrated_clipped,16,-0.21354995125758497
58,near_valid,-0.18250418259879556,0.9942979857006193,1.0,0.5067768503306791,0.001995705004783229,0.04186492596006643,0.3198756240025579,0.0663693837789681,sklearn_digits_hidden_completion,2,30,0,64,oracle_true_score,58,0.9942979857006193
124,shortcut,-0.660700279238783,0.39039747938662084,0.0,1.0,0.2133608822146827,0.14181110380608472,0.0,0.3046875,sklearn_digits_hidden_completion,2,30,0,128,min_energy,124,-0.660700279238783
47,near_valid,-0.19512041571662234,0.9679053723178405,1.0,0.5108180753409155,0.011233119688755837,0.03291392697148884,0.30674744076506283,0.0634963148699097,sklearn_digits_hidden_completion,2,30,0,128,random_selector,47,47.0
16,class_neighbor,-0.22349216798318403,0.7835097937816404,0.0,0.5210424701605202,0.07577157217642584,0.020879749820916078,0.27478944229083313,0.05989770706532324,sklearn_digits_hidden_completion,2,30,0,128,calibrated_clipped,16,-0.21213351360894087
113,near_valid,-0.19618557527988706,0.9943584405851226,1.0,0.5110242160619015,0.001974545795207113,0.03793461343803513,0.3122496905591454,0.038791671357010275,sklearn_digits_hidden_completion,2,30,0,128,oracle_true_score,113,0.9943584405851226
0,random_digit,-0.19897105541535096,0.8974609375,1.0,0.515234375,0.035888671875,0.025489775006578654,0.2747395833333333,0.15625,sklearn_digits_hidden_completion,3,45,3,1,min_energy,0,-0.19897105541535096
0,random_digit,-0.19897105541535096,0.8974609375,1.0,0.515234375,0.035888671875,0.025489775006578654,0.2747395833333333,0.15625,sklearn_digits_hidden_completion,3,45,3,1,random_selector,0,0.0
0,random_digit,-0.19897105541535096,0.8974609375,1.0,0.515234375,0.035888671875,0.025489775006578654,0.2747395833333333,0.15625,sklearn_digits_hidden_completion,3,45,3,1,calibrated_clipped,0,-0.19897105541535096
0,random_digit,-0.19897105541535096,0.8974609375,1.0,0.515234375,0.035888671875,0.025489775006578654,0.2747395833333333,0.15625,sklearn_digits_hidden_completion,3,45,3,1,oracle_true_score,0,0.8974609375
1,random_digit,-0.25522656334982596,0.8085239955357143,1.0,0.5521205357142858,0.0670166015625,0.03306547194134642,0.22284226190476192,0.1484375,sklearn_digits_hidden_completion,3,45,3,4,min_energy,1,-0.25522656334982596
0,random_digit,-0.19897105541535096,0.8974609375,1.0,0.515234375,0.035888671875,0.025489775006578654,0.2747395833333333,0.15625,sklearn_digits_hidden_completion,3,45,3,4,random_selector,0,0.0
2,random_digit,-0.22846875084982593,0.4674246651785714,0.0,0.5353236607142857,0.1864013671875,0.1289313573580131,0.24497767857142858,0.0625,sklearn_digits_hidden_completion,3,45,3,4,calibrated_clipped,2,-0.2227667033308429
3,near_valid,-0.19760918882546014,0.9846567375007478,1.0,0.5226524440054345,0.005370141874738276,0.03517485840412243,0.25340321637803853,0.23986701744935046,sklearn_digits_hidden_completion,3,45,3,4,oracle_true_score,3,0.9846567375007478
8,shortcut,-0.45673839759719537,0.7316127198397104,0.0,0.716176965326089,0.09393554805610137,0.04709244207803402,0.06038787971785342,0.18881252068472576,sklearn_digits_hidden_completion,3,45,3,16,min_energy,8,-0.45673839759719537
4,near_valid,-0.20502664759750558,0.9595757827723141,1.0,0.5223185606803201,0.014148476029690066,0.029629983486855298,0.262258837194678,0.1827195787914524,sklearn_digits_hidden_completion,3,45,3,16,random_selector,4,4.0
11,class_neighbor,-0.23758758540291194,0.8772843037224622,1.0,0.5281381390122424,0.04295049369713823,0.013185025292653117,0.25449930811488813,0.07952197167275374,sklearn_digits_hidden_completion,3,45,3,16,calibrated_clipped,11,-0.23521142471891615
14,near_valid,-0.2038717714234489,0.9898479051549623,1.0,0.5228577819366962,0.0035532331957631807,0.030986429595425934,0.25705613442580477,0.20346702587897708,sklearn_digits_hidden_completion,3,45,3,16,oracle_true_score,14,0.9898479051549623
47,shortcut,-0.6850046766991378,0.5669796838058071,0.0,1.0,0.1515571106679675,0.12371683578856218,0.0,0.2012597807157488,sklearn_digits_hidden_completion,3,45,3,64,min_energy,47,-0.6850046766991378
3,near_valid,-0.19760918882546014,0.9846567375007478,1.0,0.5226524440054345,0.005370141874738276,0.03517485840412243,0.25340321637803853,0.23986701744935046,sklearn_digits_hidden_completion,3,45,3,64,random_selector,3,3.0
52,class_neighbor,-0.2674647661478352,0.9178053357600974,1.0,0.547863978667105,0.028768132483965925,0.02205208712211561,0.22081137790085048,0.0878827129130129,sklearn_digits_hidden_completion,3,45,3,64,calibrated_clipped,52,-0.25192935756968843
55,near_valid,-0.21834372327401963,0.9926580053467732,1.0,0.5292833027308803,0.0025696981286293824,0.02423206361995895,0.24464077757318553,0.1960995669244839,sklearn_digits_hidden_completion,3,45,3,64,oracle_true_score,55,0.9926580053467732
47,shortcut,-0.6850046766991378,0.5669796838058071,0.0,1.0,0.1515571106679675,0.12371683578856218,0.0,0.2012597807157488,sklearn_digits_hidden_completion,3,45,3,128,min_energy,47,-0.6850046766991378
78,near_valid,-0.19267218647093864,0.9899471292779125,1.0,0.5152870801515483,0.00351850475273061,0.02616288751271064,0.267144171860065,0.20815625808572344,sklearn_digits_hidden_completion,3,45,3,128,random_selector,78,78.0
100,near_valid,-0.24916842453299817,0.9561328689185495,1.0,0.5359237330475601,0.015353495878507659,0.023117453506816155,0.23554890731074898,0.09299492765198368,sklearn_digits_hidden_completion,3,45,3,128,calibrated_clipped,100,-0.24589542017893332
84,near_valid,-0.21867300682519847,0.9927884770738489,1.0,0.5289804238804331,0.002524033024152903,0.023622401347258543,0.24534887204205996,0.19197975596270817,sklearn_digits_hidden_completion,3,45,3,128,oracle_true_score,84,0.9927884770738489
0,random_digit,-0.12250737423975569,0.5026506696428571,0.0,0.4939732142857143,0.174072265625,0.1280695276107453,0.3162202380952381,0.2421875,sklearn_digits_hidden_completion,4,60,3,1,min_energy,0,-0.12250737423975569
0,random_digit,-0.12250737423975569,0.5026506696428571,0.0,0.4939732142857143,0.174072265625,0.1280695276107453,0.3162202380952381,0.2421875,sklearn_digits_hidden_completion,4,60,3,1,random_selector,0,0.0
0,random_digit,-0.12250737423975569,0.5026506696428571,0.0,0.4939732142857143,0.174072265625,0.1280695276107453,0.3162202380952381,0.2421875,sklearn_digits_hidden_completion,4,60,3,1,calibrated_clipped,0,-0.12250737423975569
0,random_digit,-0.12250737423975569,0.5026506696428571,0.0,0.4939732142857143,0.174072265625,0.1280695276107453,0.3162202380952381,0.2421875,sklearn_digits_hidden_completion,4,60,3,1,oracle_true_score,0,0.5026506696428571
1,near_valid,-0.23597805112206552,0.9839550541736836,1.0,0.5326012152993853,0.005615731039210757,0.020435440373870614,0.25165439924894456,0.10487926345389913,sklearn_digits_hidden_completion,4,60,3,4,min_energy,1,-0.23597805112206552
0,random_digit,-0.12250737423975569,0.5026506696428571,0.0,0.4939732142857143,0.174072265625,0.1280695276107453,0.3162202380952381,0.2421875,sklearn_digits_hidden_completion,4,60,3,4,random_selector,0,0.0
1,near_valid,-0.23597805112206552,0.9839550541736836,1.0,0.5326012152993853,0.005615731039210757,0.020435440373870614,0.25165439924894456,0.10487926345389913,sklearn_digits_hidden_completion,4,60,3,4,calibrated_clipped,1,-0.231212758171474
3,near_valid,-0.22803589620441297,0.9899165894521369,1.0,0.5336889162688323,0.003529193691752069,0.020318885400031128,0.2556560876325926,0.1377808285963954,sklearn_digits_hidden_completion,4,60,3,4,oracle_true_score,3,0.9899165894521369
7,near_valid,-0.2707302689903805,0.9720964596035311,1.0,0.5601301595530994,0.00976623913876412,0.021211123095520097,0.2138880024053323,0.1374336236620364,sklearn_digits_hidden_completion,4,60,3,16,min_energy,7,-0.2707302689903805
0,random_digit,-0.12250737423975569,0.5026506696428571,0.0,0.4939732142857143,0.174072265625,0.1280695276107453,0.3162202380952381,0.2421875,sklearn_digits_hidden_completion,4,60,3,16,random_selector,0,0.0
4,near_valid,-0.23678908070289825,0.9738966564189753,1.0,0.5314865472108166,0.009136170253358665,0.017755059909046196,0.2514420388451685,0.09990848179281114,sklearn_digits_hidden_completion,4,60,3,16,calibrated_clipped,4,-0.23647438199412174
13,near_valid,-0.2192045327816982,0.9906218475961198,1.0,0.524383604721155,0.003282353341358054,0.02081447234572596,0.2676655693036623,0.11352106586504265,sklearn_digits_hidden_completion,4,60,3,16,oracle_true_score,13,0.9906218475961198
46,shortcut,-0.6816073648447545,0.5289453882724608,0.0,1.0,0.16486911410463867,0.13854500845434153,0.0,0.2034181673218862,sklearn_digits_hidden_completion,4,60,3,64,min_energy,46,-0.6816073648447545
56,random_digit,-0.236864996611194,0.86083984375,1.0,0.5333147321428572,0.0487060546875,0.03868003926545843,0.24274553571428573,0.109375,sklearn_digits_hidden_completion,4,60,3,64,random_selector,56,56.0
31,near_valid,-0.24128939275396483,0.9807847603798463,1.0,0.5309507626091191,0.0067253338670538124,0.01861425462586433,0.24758270334886268,0.0851517071791356,sklearn_digits_hidden_completion,4,60,3,64,calibrated_clipped,31,-0.24128939275396483
52,near_valid,-0.24406083006423074,0.9909135713683276,1.0,0.5374371004170666,0.003180250021085339,0.016916324398626087,0.2483961439640267,0.09507925594314653,sklearn_digits_hidden_completion,4,60,3,64,oracle_true_score,52,0.9909135713683276
65,shortcut,-0.6817808257602155,0.5137233076257393,0.0,1.0,0.17019684233099128,0.14423142298068015,0.0,0.19686444821824248,sklearn_digits_hidden_completion,4,60,3,128,min_energy,65,-0.6817808257602155
60,shortcut,-0.67994731979219,0.4588054648533454,0.0,1.0,0.1894180873013291,0.1645930384197655,0.0,0.1856703626192842,sklearn_digits_hidden_completion,4,60,3,128,random_selector,60,60.0
112,class_neighbor,-0.2581621064985393,0.9132839002935738,1.0,0.541574838712124,0.03035063489724916,0.023896151400380525,0.23931712249506326,0.05807687441596375,sklearn_digits_hidden_completion,4,60,3,128,calibrated_clipped,112,-0.2476619960134314
111,near_valid,-0.2499116483345369,0.9942084352713875,1.0,0.5391724575576049,0.0020270476550143853,0.016934616350680127,0.24212248306413414,0.08956702939128466,sklearn_digits_hidden_completion,4,60,3,128,oracle_true_score,111,0.9942084352713875
0,near_valid,-0.12072993103413854,0.9534678153539752,1.0,0.4635145509012879,0.016286264626108694,0.09175597181925102,0.3160107874402399,0.17374427342922602,sklearn_digits_hidden_completion,5,75,2,1,min_energy,0,-0.12072993103413854
0,near_valid,-0.12072993103413854,0.9534678153539752,1.0,0.4635145509012879,0.016286264626108694,0.09175597181925102,0.3160107874402399,0.17374427342922602,sklearn_digits_hidden_completion,5,75,2,1,random_selector,0,0.0
0,near_valid,-0.12072993103413854,0.9534678153539752,1.0,0.4635145509012879,0.016286264626108694,0.09175597181925102,0.3160107874402399,0.17374427342922602,sklearn_digits_hidden_completion,5,75,2,1,calibrated_clipped,0,-0.12072993103413854
0,near_valid,-0.12072993103413854,0.9534678153539752,1.0,0.4635145509012879,0.016286264626108694,0.09175597181925102,0.3160107874402399,0.17374427342922602,sklearn_digits_hidden_completion,5,75,2,1,oracle_true_score,0,0.9534678153539752
1,shortcut,-0.3798883692507353,0.4821094066665731,0.0,0.6800748334914135,0.1812617076666994,0.10606262712724995,0.09759651381519775,0.2763857392200803,sklearn_digits_hidden_completion,5,75,2,4,min_energy,1,-0.3798883692507353
3,near_valid,-0.156094448468689,0.9289935307665507,1.0,0.48891655763834707,0.024852264231707284,0.07394927231677043,0.2971723847950408,0.16179151829722366,sklearn_digits_hidden_completion,5,75,2,4,random_selector,3,3.0
2,random_digit,-0.23523843019489585,0.4370814732142857,0.0,0.5537946428571429,0.197021484375,0.15109579545409205,0.22991071428571427,0.1171875,sklearn_digits_hidden_completion,5,75,2,4,calibrated_clipped,2,-0.20604329184643774
0,near_valid,-0.12072993103413854,0.9534678153539752,1.0,0.4635145509012879,0.016286264626108694,0.09175597181925102,0.3160107874402399,0.17374427342922602,sklearn_digits_hidden_completion,5,75,2,4,oracle_true_score,0,0.9534678153539752
13,shortcut,-0.6787230054394164,0.3681227135864953,0.0,1.0,0.22115705024472665,0.19008853793045377,0.0,0.16629643487246412,sklearn_digits_hidden_completion,5,75,2,16,min_energy,13,-0.6787230054394164
6,near_valid,-0.1004559219131867,0.8954091196173669,1.0,0.4689869694034737,0.03660680813392159,0.09473141034025778,0.33314726117368243,0.24553514712920818,sklearn_digits_hidden_completion,5,75,2,16,random_selector,6,6.0
5,random_digit,-0.2787330382142159,0.6083286830357142,0.0,0.5965959821428571,0.1370849609375,0.07250389375034912,0.17243303571428573,0.296875,sklearn_digits_hidden_completion,5,75,2,16,calibrated_clipped,5,-0.19066542759917213
15,near_valid,-0.16917806840487487,0.9913181485761766,1.0,0.5005688872499119,0.003038647998338197,0.06881453207430392,0.28208829390700774,0.18668564484422,sklearn_digits_hidden_completion,5,75,2,16,oracle_true_score,15,0.9913181485761766
59,shortcut,-0.679054341059334,0.44815018671091433,0.0,1.0,0.19314743465117998,0.16001433713390587,0.0,0.19471395756942395,sklearn_digits_hidden_completion,5,75,2,64,min_energy,59,-0.679054341059334
32,near_valid,-0.1455724678055483,0.980430412799715,1.0,0.48453361824668656,0.006849355520099744,0.07999061749411351,0.3012820998890229,0.1806223372084065,sklearn_digits_hidden_completion,5,75,2,64,random_selector,32,32.0
11,shortcut,-0.3786061060469842,0.714968899556329,0.0,0.6524050831355468,0.0997608851552848,0.05328360517495753,0.09518983372890652,0.2384328835939289,sklearn_digits_hidden_completion,5,75,2,64,calibrated_clipped,11,-0.24438249330489528
49,near_valid,-0.1614517692984192,0.9937943867106427,1.0,0.4906224997552457,0.0021719646512750636,0.06964448555302144,0.2932781855086297,0.15641603188832207,sklearn_digits_hidden_completion,5,75,2,64,oracle_true_score,49,0.9937943867106427
112,shortcut,-0.6790670116436663,0.4149876397376582,0.0,1.0,0.20475432609181962,0.17253551806623274,0.0,0.18212942371543522,sklearn_digits_hidden_completion,5,75,2,128,min_energy,112,-0.6790670116436663
11,shortcut,-0.3786061060469842,0.714968899556329,0.0,0.6524050831355468,0.0997608851552848,0.05328360517495753,0.09518983372890652,0.2384328835939289,sklearn_digits_hidden_completion,5,75,2,128,random_selector,11,11.0
105,class_neighbor,-0.24096588125850904,0.6742415262867074,0.0,0.5378350421724671,0.1140154657996524,0.0434879709421699,0.23906650976633248,0.11113112905462239,sklearn_digits_hidden_completion,5,75,2,128,calibrated_clipped,105,-0.20889604281452234
89,near_valid,-0.1623249914263396,0.9966020774485995,1.0,0.4950284707387167,0.0011892728929901834,0.07191345266561593,0.2908945256019474,0.17285841006751831,sklearn_digits_hidden_completion,5,75,2,128,oracle_true_score,89,0.9966020774485995
0,shortcut,-0.6278977181004355,0.546026521320746,0.0,1.0,0.15889071753773887,0.1756100766477693,0.0,0.4349013328500533,sklearn_digits_hidden_completion,6,90,1,1,min_energy,0,-0.6278977181004355
0,shortcut,-0.6278977181004355,0.546026521320746,0.0,1.0,0.15889071753773887,0.1756100766477693,0.0,0.4349013328500533,sklearn_digits_hidden_completion,6,90,1,1,random_selector,0,0.0
0,shortcut,-0.6278977181004355,0.546026521320746,0.0,1.0,0.15889071753773887,0.1756100766477693,0.0,0.4349013328500533,sklearn_digits_hidden_completion,6,90,1,1,calibrated_clipped,0,-0.6278977181004355
0,shortcut,-0.6278977181004355,0.546026521320746,0.0,1.0,0.15889071753773887,0.1756100766477693,0.0,0.4349013328500533,sklearn_digits_hidden_completion,6,90,1,1,oracle_true_score,0,0.546026521320746
0,shortcut,-0.6278977181004355,0.546026521320746,0.0,1.0,0.15889071753773887,0.1756100766477693,0.0,0.4349013328500533,sklearn_digits_hidden_completion,6,90,1,4,min_energy,0,-0.6278977181004355
0,shortcut,-0.6278977181004355,0.546026521320746,0.0,1.0,0.15889071753773887,0.1756100766477693,0.0,0.4349013328500533,sklearn_digits_hidden_completion,6,90,1,4,random_selector,0,0.0
2,class_neighbor,-0.30907529623333485,0.8349068263028042,1.0,0.5940558177061692,0.05778261079401853,0.047239490653567154,0.1803616360853059,0.13909884534330177,sklearn_digits_hidden_completion,6,90,1,4,calibrated_clipped,2,-0.30508163708688546
1,near_valid,-0.2932515105021283,0.984131050895989,1.0,0.5734990233400385,0.005554132186403874,0.0392182865814652,0.20363048780975118,0.0851616569562223,sklearn_digits_hidden_completion,6,90,1,4,oracle_true_score,1,0.984131050895989
0,shortcut,-0.6278977181004355,0.546026521320746,0.0,1.0,0.15889071753773887,0.1756100766477693,0.0,0.4349013328500533,sklearn_digits_hidden_completion,6,90,1,16,min_energy,0,-0.6278977181004355
3,near_valid,-0.285876942306576,0.9494739172645551,1.0,0.5851810196029484,0.017684128957405714,0.044118194591959786,0.1874877337758542,0.20533464950261737,sklearn_digits_hidden_completion,6,90,1,16,random_selector,3,3.0
1,near_valid,-0.2932515105021283,0.984131050895989,1.0,0.5734990233400385,0.005554132186403874,0.0392182865814652,0.20363048780975118,0.0851616569562223,sklearn_digits_hidden_completion,6,90,1,16,calibrated_clipped,1,-0.2932192411713374
8,near_valid,-0.290060916824438,0.988707126333411,1.0,0.5738172769475662,0.00395250578330615,0.041648153674220555,0.20409057743159242,0.09861296282008364,sklearn_digits_hidden_completion,6,90,1,16,oracle_true_score,8,0.988707126333411
0,shortcut,-0.6278977181004355,0.546026521320746,0.0,1.0,0.15889071753773887,0.1756100766477693,0.0,0.4349013328500533,sklearn_digits_hidden_completion,6,90,1,64,min_energy,0,-0.6278977181004355
55,near_valid,-0.2865840282335375,0.9692725924577849,1.0,0.5772643123568236,0.010754592639775296,0.043505783639000664,0.19458216637660272,0.15321428899574302,sklearn_digits_hidden_completion,6,90,1,64,random_selector,55,55.0
1,near_valid,-0.2932515105021283,0.984131050895989,1.0,0.5734990233400385,0.005554132186403874,0.0392182865814652,0.20363048780975118,0.0851616569562223,sklearn_digits_hidden_completion,6,90,1,64,calibrated_clipped,1,-0.2899690264255241
37,near_valid,-0.2986209053345242,0.9959921521743361,1.0,0.5814924248588493,0.001402746738982367,0.04934533770757993,0.19866585070560358,0.09181563940007428,sklearn_digits_hidden_completion,6,90,1,64,oracle_true_score,37,0.9959921521743361
88,shortcut,-0.6369467200889415,0.6118387895736768,0.0,1.0,0.13585642364921313,0.14339139955529245,0.0,0.421875,sklearn_digits_hidden_completion,6,90,1,128,min_energy,88,-0.6369467200889415
73,class_neighbor,-0.270011359104011,0.7457613440101956,0.0,0.5715747734707353,0.08898352959643152,0.07151205176115888,0.20570463327557637,0.15614881172620831,sklearn_digits_hidden_completion,6,90,1,128,random_selector,73,73.0
1,near_valid,-0.2932515105021283,0.984131050895989,1.0,0.5734990233400385,0.005554132186403874,0.0392182865814652,0.20363048780975118,0.0851616569562223,sklearn_digits_hidden_completion,6,90,1,128,calibrated_clipped,1,-0.2896388028327365
78,near_valid,-0.3035640312584338,0.9963148508015498,1.0,0.5828331409462749,0.0012898022194575522,0.04561445730017881,0.192024692332065,0.09412176104300447,sklearn_digits_hidden_completion,6,90,1,128,oracle_true_score,78,0.9963148508015498
0,shortcut,-0.6657388672002249,0.5684207336093867,0.0,1.0,0.15105274323671464,0.10099316399887572,0.0,0.3203125,sklearn_digits_hidden_completion,7,105,9,1,min_energy,0,-0.6657388672002249
0,shortcut,-0.6657388672002249,0.5684207336093867,0.0,1.0,0.15105274323671464,0.10099316399887572,0.0,0.3203125,sklearn_digits_hidden_completion,7,105,9,1,random_selector,0,0.0
0,shortcut,-0.6657388672002249,0.5684207336093867,0.0,1.0,0.15105274323671464,0.10099316399887572,0.0,0.3203125,sklearn_digits_hidden_completion,7,105,9,1,calibrated_clipped,0,-0.6657388672002249
0,shortcut,-0.6657388672002249,0.5684207336093867,0.0,1.0,0.15105274323671464,0.10099316399887572,0.0,0.3203125,sklearn_digits_hidden_completion,7,105,9,1,oracle_true_score,0,0.5684207336093867
0,shortcut,-0.6657388672002249,0.5684207336093867,0.0,1.0,0.15105274323671464,0.10099316399887572,0.0,0.3203125,sklearn_digits_hidden_completion,7,105,9,4,min_energy,0,-0.6657388672002249
0,shortcut,-0.6657388672002249,0.5684207336093867,0.0,1.0,0.15105274323671464,0.10099316399887572,0.0,0.3203125,sklearn_digits_hidden_completion,7,105,9,4,random_selector,0,0.0
0,shortcut,-0.6657388672002249,0.5684207336093867,0.0,1.0,0.15105274323671464,0.10099316399887572,0.0,0.3203125,sklearn_digits_hidden_completion,7,105,9,4,calibrated_clipped,0,-0.46029342203582313
1,near_valid,-0.23705530524502558,0.986906728524171,1.0,0.5486065636602221,0.004582645016540135,0.03929969533401256,0.2194940058627532,0.22908987604412107,sklearn_digits_hidden_completion,7,105,9,4,oracle_true_score,1,0.986906728524171
0,shortcut,-0.6657388672002249,0.5684207336093867,0.0,1.0,0.15105274323671464,0.10099316399887572,0.0,0.3203125,sklearn_digits_hidden_completion,7,105,9,16,min_energy,0,-0.6657388672002249
8,near_valid,-0.21554090072160534,0.9790626275624488,1.0,0.5414768990702743,0.007328080353142939,0.03780013778703969,0.2341380959342651,0.27115396629923305,sklearn_digits_hidden_completion,7,105,9,16,random_selector,8,8.0
4,shortcut,-0.4313856006174934,0.6536467688427543,0.0,0.6897664778182777,0.12122363090503596,0.04337665635198405,0.06600713237908985,0.20480001833659278,sklearn_digits_hidden_completion,7,105,9,16,calibrated_clipped,4,-0.30531480725038523
13,near_valid,-0.23573880502023398,0.989874370254669,1.0,0.555860245705703,0.003543970410865881,0.04517557873587897,0.216437166220176,0.2654041104538535,sklearn_digits_hidden_completion,7,105,9,16,oracle_true_score,13,0.989874370254669
0,shortcut,-0.6657388672002249,0.5684207336093867,0.0,1.0,0.15105274323671464,0.10099316399887572,0.0,0.3203125,sklearn_digits_hidden_completion,7,105,9,64,min_energy,0,-0.6657388672002249
17,near_valid,-0.22258635037583877,0.9664473264872124,1.0,0.5559478313614175,0.011743435729475666,0.05240260034871743,0.2112284440545399,0.3385917942274195,sklearn_digits_hidden_completion,7,105,9,64,random_selector,17,17.0
14,class_neighbor,-0.24212589637341367,0.8536514145581195,1.0,0.5324608364669758,0.05122200490465814,0.03323070319651458,0.2465451677153088,0.07486874047047731,sklearn_digits_hidden_completion,7,105,9,64,calibrated_clipped,14,-0.24212589637341367
63,near_valid,-0.24572114750232074,0.9936012368966257,1.0,0.5601802605708972,0.0022395670861809916,0.042058305643882916,0.20754582764586846,0.2592609079592396,sklearn_digits_hidden_completion,7,105,9,64,oracle_true_score,63,0.9936012368966257
106,shortcut,-0.669509982198204,0.6258692398036281,0.0,1.0,0.13094576606873015,0.08213758900897958,0.0,0.3203125,sklearn_digits_hidden_completion,7,105,9,128,min_energy,106,-0.669509982198204
16,near_valid,-0.22643533977924465,0.9832872983232022,1.0,0.5430009923370381,0.005849445586879233,0.040521236821479165,0.22760577427040132,0.23763990630258708,sklearn_digits_hidden_completion,7,105,9,128,random_selector,16,16.0
105,class_neighbor,-0.24403757218270902,0.9148378974309153,1.0,0.5491216044432667,0.029806735899179676,0.04326405607712569,0.2222283864589084,0.18462603690958138,sklearn_digits_hidden_completion,7,105,9,128,calibrated_clipped,105,-0.24385389684322858
109,near_valid,-0.24180412395840847,0.9949513040756907,1.0,0.5582313292805157,0.0017670435735082741,0.03927479413985922,0.21271010986215558,0.26011926874910424,sklearn_digits_hidden_completion,7,105,9,128,oracle_true_score,109,0.9949513040756907
0,shortcut,-0.671766775022172,0.6487384161597733,0.0,1.0,0.1229415543440793,0.09429112488914032,0.0,0.296875,sklearn_digits_hidden_completion,8,120,5,1,min_energy,0,-0.671766775022172
0,shortcut,-0.671766775022172,0.6487384161597733,0.0,1.0,0.1229415543440793,0.09429112488914032,0.0,0.296875,sklearn_digits_hidden_completion,8,120,5,1,random_selector,0,0.0
0,shortcut,-0.671766775022172,0.6487384161597733,0.0,1.0,0.1229415543440793,0.09429112488914032,0.0,0.296875,sklearn_digits_hidden_completion,8,120,5,1,calibrated_clipped,0,-0.671766775022172
0,shortcut,-0.671766775022172,0.6487384161597733,0.0,1.0,0.1229415543440793,0.09429112488914032,0.0,0.296875,sklearn_digits_hidden_completion,8,120,5,1,oracle_true_score,0,0.6487384161597733
0,shortcut,-0.671766775022172,0.6487384161597733,0.0,1.0,0.1229415543440793,0.09429112488914032,0.0,0.296875,sklearn_digits_hidden_completion,8,120,5,4,min_energy,0,-0.671766775022172
2,near_valid,-0.22289805310017569,0.9490563137088919,1.0,0.543143618420792,0.017830290201887825,0.045607657667897386,0.22605761802333973,0.25503219634500957,sklearn_digits_hidden_completion,8,120,5,4,random_selector,2,2.0
1,class_neighbor,-0.2393208307255207,0.7690219239640769,0.0,0.5337896623632941,0.0808423266125731,0.041685172247537525,0.2484740885907038,0.08011816436277616,sklearn_digits_hidden_completion,8,120,5,4,calibrated_clipped,1,-0.2393208307255207
2,near_valid,-0.22289805310017569,0.9490563137088919,1.0,0.543143618420792,0.017830290201887825,0.045607657667897386,0.22605761802333973,0.25503219634500957,sklearn_digits_hidden_completion,8,120,5,4,oracle_true_score,2,0.9490563137088919
0,shortcut,-0.671766775022172,0.6487384161597733,0.0,1.0,0.1229415543440793,0.09429112488914032,0.0,0.296875,sklearn_digits_hidden_completion,8,120,5,16,min_energy,0,-0.671766775022172
14,near_valid,-0.20058814216435739,0.9588760079083247,1.0,0.5241303595573706,0.014393397232086366,0.036006049391585665,0.25793571980110885,0.21721885867371804,sklearn_digits_hidden_completion,8,120,5,16,random_selector,14,14.0
12,random_digit,-0.29368269500038363,0.6962193080357142,0.0,0.5856026785714286,0.1063232421875,0.07757796845046265,0.17671130952380953,0.1640625,sklearn_digits_hidden_completion,8,120,5,16,calibrated_clipped,12,-0.2500686410035053
6,near_valid,-0.2395688950832657,0.9862787964887526,1.0,0.5523115044505444,0.0048024212289366035,0.02471943148339769,0.2214529164997565,0.23960871441548484,sklearn_digits_hidden_completion,8,120,5,16,oracle_true_score,6,0.9862787964887526
0,shortcut,-0.671766775022172,0.6487384161597733,0.0,1.0,0.1229415543440793,0.09429112488914032,0.0,0.296875,sklearn_digits_hidden_completion,8,120,5,64,min_energy,0,-0.671766775022172
48,near_valid,-0.2152564450587722,0.9738547375624074,1.0,0.5350552575978013,0.009150841853157402,0.03411202112371973,0.24125497440711557,0.23261178995460627,sklearn_digits_hidden_completion,8,120,5,64,random_selector,48,48.0
28,class_neighbor,-0.24806597709913927,0.7465868455344435,0.0,0.5403854369636545,0.08869460406294476,0.038354571238409844,0.24023388377022523,0.08711775151147882,sklearn_digits_hidden_completion,8,120,5,64,calibrated_clipped,28,-0.24604188121257806
21,near_valid,-0.2523834930255557,0.9943350723081948,1.0,0.5560576762119023,0.0019827246921317963,0.020038841381688155,0.21504304439430544,0.21189160720082684,sklearn_digits_hidden_completion,8,120,5,64,oracle_true_score,21,0.9943350723081948
0,shortcut,-0.671766775022172,0.6487384161597733,0.0,1.0,0.1229415543440793,0.09429112488914032,0.0,0.296875,sklearn_digits_hidden_completion,8,120,5,128,min_energy,0,-0.671766775022172
6,near_valid,-0.2395688950832657,0.9862787964887526,1.0,0.5523115044505444,0.0048024212289366035,0.02471943148339769,0.2214529164997565,0.23960871441548484,sklearn_digits_hidden_completion,8,120,5,128,random_selector,6,6.0
28,class_neighbor,-0.24806597709913927,0.7465868455344435,0.0,0.5403854369636545,0.08869460406294476,0.038354571238409844,0.24023388377022523,0.08711775151147882,sklearn_digits_hidden_completion,8,120,5,128,calibrated_clipped,28,-0.24776590045180585
65,class_neighbor,-0.22712891175650035,0.9953487686056449,1.0,0.5431584589555254,0.001627930988024293,0.023020547828878666,0.2333113514401897,0.2365728980113181,sklearn_digits_hidden_completion,8,120,5,128,oracle_true_score,65,0.9953487686056449
0,near_valid,-0.23965083918828023,0.9862245656533473,1.0,0.5505949957024642,0.004821402021328471,0.06154679965156149,0.2310023151164966,0.16967387172091214,sklearn_digits_hidden_completion,9,135,5,1,min_energy,0,-0.23965083918828023
0,near_valid,-0.23965083918828023,0.9862245656533473,1.0,0.5505949957024642,0.004821402021328471,0.06154679965156149,0.2310023151164966,0.16967387172091214,sklearn_digits_hidden_completion,9,135,5,1,random_selector,0,0.0
0,near_valid,-0.23965083918828023,0.9862245656533473,1.0,0.5505949957024642,0.004821402021328471,0.06154679965156149,0.2310023151164966,0.16967387172091214,sklearn_digits_hidden_completion,9,135,5,1,calibrated_clipped,0,-0.23965083918828023
0,near_valid,-0.23965083918828023,0.9862245656533473,1.0,0.5505949957024642,0.004821402021328471,0.06154679965156149,0.2310023151164966,0.16967387172091214,sklearn_digits_hidden_completion,9,135,5,1,oracle_true_score,0,0.9862245656533473
0,near_valid,-0.23965083918828023,0.9862245656533473,1.0,0.5505949957024642,0.004821402021328471,0.06154679965156149,0.2310023151164966,0.16967387172091214,sklearn_digits_hidden_completion,9,135,5,4,min_energy,0,-0.23965083918828023
1,near_valid,-0.20863607477041643,0.9755782900235388,1.0,0.5357570891988956,0.00854759849176144,0.07977183542446784,0.2519908645257522,0.19316199777349008,sklearn_digits_hidden_completion,9,135,5,4,random_selector,1,1.0
0,near_valid,-0.23965083918828023,0.9862245656533473,1.0,0.5505949957024642,0.004821402021328471,0.06154679965156149,0.2310023151164966,0.16967387172091214,sklearn_digits_hidden_completion,9,135,5,4,calibrated_clipped,0,-0.22489794187836162
0,near_valid,-0.23965083918828023,0.9862245656533473,1.0,0.5505949957024642,0.004821402021328471,0.06154679965156149,0.2310023151164966,0.16967387172091214,sklearn_digits_hidden_completion,9,135,5,4,oracle_true_score,0,0.9862245656533473
9,shortcut,-0.6770948178526927,0.46987702483356963,0.0,1.0,0.1855430413082506,0.10473934354250566,0.0,0.2597865671940311,sklearn_digits_hidden_completion,9,135,5,16,min_energy,9,-0.6770948178526927
8,near_valid,-0.22995819138562196,0.9910995520457216,1.0,0.5485691292399832,0.0031151567839974334,0.07456464986306693,0.23259648384039122,0.19313829729768436,sklearn_digits_hidden_completion,9,135,5,16,random_selector,8,8.0
6,near_valid,-0.25041329606760654,0.9813742259528264,1.0,0.5545618741935017,0.00651902091651077,0.054698402550222514,0.22299805343100093,0.15959749840212334,sklearn_digits_hidden_completion,9,135,5,16,calibrated_clipped,6,-0.24497051640940593
12,near_valid,-0.23586070611562762,0.9943828651868978,1.0,0.55535389784766,0.001965997184585764,0.07375066830132318,0.22455993442888258,0.21198309836983634,sklearn_digits_hidden_completion,9,135,5,16,oracle_true_score,12,0.9943828651868978
26,shortcut,-0.6775000515959098,0.49113009386143336,0.0,1.0,0.1781044671484983,0.09795659578553964,0.0,0.2645431462349118,sklearn_digits_hidden_completion,9,135,5,64,min_energy,26,-0.6775000515959098
42,near_valid,-0.25348516331979454,0.9873770599647906,1.0,0.561788016963868,0.004418029012323292,0.061508555508089396,0.21549501241873703,0.18515940735591627,sklearn_digits_hidden_completion,9,135,5,64,random_selector,42,42.0
6,near_valid,-0.25041329606760654,0.9813742259528264,1.0,0.5545618741935017,0.00651902091651077,0.054698402550222514,0.22299805343100093,0.15959749840212334,sklearn_digits_hidden_completion,9,135,5,64,calibrated_clipped,6,-0.24854843932185777
12,near_valid,-0.23586070611562762,0.9943828651868978,1.0,0.55535389784766,0.001965997184585764,0.07375066830132318,0.22455993442888258,0.21198309836983634,sklearn_digits_hidden_completion,9,135,5,64,oracle_true_score,12,0.9943828651868978
90,shortcut,-0.677834170831504,0.5188044293640569,0.0,1.0,0.16841844972258008,0.08924181470519274,0.0,0.2715873311372873,sklearn_digits_hidden_completion,9,135,5,128,min_energy,90,-0.677834170831504
116,shortcut,-0.6765690273335709,0.44750678581575387,0.0,1.0,0.19337262496448615,0.11193876170278771,0.0,0.25521610162935726,sklearn_digits_hidden_completion,9,135,5,128,random_selector,116,116.0
96,near_valid,-0.2523995973150782,0.9648958906596362,1.0,0.5501264725676012,0.012286438269127339,0.06361980253521074,0.22500400548337327,0.11859546793862584,sklearn_digits_hidden_completion,9,135,5,128,calibrated_clipped,96,-0.2523995973150782
12,near_valid,-0.23586070611562762,0.9943828651868978,1.0,0.55535389784766,0.001965997184585764,0.07375066830132318,0.22455993442888258,0.21198309836983634,sklearn_digits_hidden_completion,9,135,5,128,oracle_true_score,12,0.9943828651868978
0,near_valid,-0.18072267510487486,0.9524267369181975,1.0,0.5058634937762486,0.016650642078630897,0.04246235432228376,0.29017926943243844,0.15291938087506865,sklearn_digits_hidden_completion,10,150,0,1,min_energy,0,-0.18072267510487486
0,near_valid,-0.18072267510487486,0.9524267369181975,1.0,0.5058634937762486,0.016650642078630897,0.04246235432228376,0.29017926943243844,0.15291938087506865,sklearn_digits_hidden_completion,10,150,0,1,random_selector,0,0.0
0,near_valid,-0.18072267510487486,0.9524267369181975,1.0,0.5058634937762486,0.016650642078630897,0.04246235432228376,0.29017926943243844,0.15291938087506865,sklearn_digits_hidden_completion,10,150,0,1,calibrated_clipped,0,-0.18072267510487486
0,near_valid,-0.18072267510487486,0.9524267369181975,1.0,0.5058634937762486,0.016650642078630897,0.04246235432228376,0.29017926943243844,0.15291938087506865,sklearn_digits_hidden_completion,10,150,0,1,oracle_true_score,0,0.9524267369181975
3,shortcut,-0.44319143364707103,0.4920304911345361,0.0,0.7480221192665019,0.17778932810291234,0.10470104271926381,0.07686848454752962,0.27303640378905664,sklearn_digits_hidden_completion,10,150,0,4,min_energy,3,-0.44319143364707103
3,shortcut,-0.44319143364707103,0.4920304911345361,0.0,0.7480221192665019,0.17778932810291234,0.10470104271926381,0.07686848454752962,0.27303640378905664,sklearn_digits_hidden_completion,10,150,0,4,random_selector,3,3.0
2,random_digit,-0.22203943691030872,0.7743443080357143,0.0,0.5340959821428573,0.0789794921875,0.017430233603218503,0.25576636904761907,0.171875,sklearn_digits_hidden_completion,10,150,0,4,calibrated_clipped,2,-0.21808714643109742
0,near_valid,-0.18072267510487486,0.9524267369181975,1.0,0.5058634937762486,0.016650642078630897,0.04246235432228376,0.29017926943243844,0.15291938087506865,sklearn_digits_hidden_completion,10,150,0,4,oracle_true_score,0,0.9524267369181975
5,shortcut,-0.652877531041084,0.3890484478773004,0.0,1.0,0.21383304324294483,0.1396089248238099,0.0,0.34600341997077,sklearn_digits_hidden_completion,10,150,0,16,min_energy,5,-0.652877531041084
10,near_valid,-0.19010371744343557,0.9841332823541523,1.0,0.5158760809000229,0.005553351176046693,0.040449685821873284,0.2874371019055113,0.15311500009587858,sklearn_digits_hidden_completion,10,150,0,16,random_selector,10,10.0
2,random_digit,-0.22203943691030872,0.7743443080357143,0.0,0.5340959821428573,0.0789794921875,0.017430233603218503,0.25576636904761907,0.171875,sklearn_digits_hidden_completion,10,150,0,16,calibrated_clipped,2,-0.21416597514183064
10,near_valid,-0.19010371744343557,0.9841332823541523,1.0,0.5158760809000229,0.005553351176046693,0.040449685821873284,0.2874371019055113,0.15311500009587858,sklearn_digits_hidden_completion,10,150,0,16,oracle_true_score,10,0.9841332823541523
5,shortcut,-0.652877531041084,0.3890484478773004,0.0,1.0,0.21383304324294483,0.1396089248238099,0.0,0.34600341997077,sklearn_digits_hidden_completion,10,150,0,64,min_energy,5,-0.652877531041084
41,random_digit,-0.1969210502605293,0.6620396205357142,0.0,0.5569196428571428,0.1182861328125,0.13304727845925785,0.21949404761904762,0.3671875,sklearn_digits_hidden_completion,10,150,0,64,random_selector,41,41.0
24,class_neighbor,-0.2282174503767935,0.801878086798044,1.0,0.5392799358120295,0.0693426696206846,0.01745821832334385,0.26136961017664845,0.1449878611020159,sklearn_digits_hidden_completion,10,150,0,64,calibrated_clipped,24,-0.21098256996256418
63,near_valid,-0.19052548044271364,0.9911189603698752,1.0,0.5156378807683513,0.003108363870543679,0.03800370086867158,0.2888701355564238,0.14861807701891191,sklearn_digits_hidden_completion,10,150,0,64,oracle_true_score,63,0.9911189603698752
126,shortcut,-0.6530128130028998,0.3905883054051035,0.0,1.0,0.2132940931082138,0.13919919427395638,0.0,0.3457367407115445,sklearn_digits_hidden_completion,10,150,0,128,min_energy,126,-0.6530128130028998
101,near_valid,-0.22562561226897482,0.9886868665909341,1.0,0.5374613112849955,0.00395959669317308,0.028575966561576543,0.25650344159804733,0.1533914250176522,sklearn_digits_hidden_completion,10,150,0,128,random_selector,101,101.0
24,class_neighbor,-0.2282174503767935,0.801878086798044,1.0,0.5392799358120295,0.0693426696206846,0.01745821832334385,0.26136961017664845,0.1449878611020159,sklearn_digits_hidden_completion,10,150,0,128,calibrated_clipped,24,-0.2112792239990337
120,near_valid,-0.20356889041910053,0.9942552094860581,1.0,0.524792526521409,0.002010676679879671,0.038718738900495535,0.2775746337901999,0.1480785405362356,sklearn_digits_hidden_completion,10,150,0,128,oracle_true_score,120,0.9942552094860581
0,class_neighbor,-0.19184734495124642,0.509022830377203,0.0,0.5230202385566218,0.17184200936797894,0.04097922351463596,0.25797425575810673,0.2516807429816702,sklearn_digits_hidden_completion,11,165,5,1,min_energy,0,-0.19184734495124642
0,class_neighbor,-0.19184734495124642,0.509022830377203,0.0,0.5230202385566218,0.17184200936797894,0.04097922351463596,0.25797425575810673,0.2516807429816702,sklearn_digits_hidden_completion,11,165,5,1,random_selector,0,0.0
0,class_neighbor,-0.19184734495124642,0.509022830377203,0.0,0.5230202385566218,0.17184200936797894,0.04097922351463596,0.25797425575810673,0.2516807429816702,sklearn_digits_hidden_completion,11,165,5,1,calibrated_clipped,0,-0.19184734495124642
0,class_neighbor,-0.19184734495124642,0.509022830377203,0.0,0.5230202385566218,0.17184200936797894,0.04097922351463596,0.25797425575810673,0.2516807429816702,sklearn_digits_hidden_completion,11,165,5,1,oracle_true_score,0,0.509022830377203
2,shortcut,-0.6785184645200282,0.5876539561688352,0.0,1.0,0.14432111534090766,0.09138594470069572,0.0,0.2660217326991636,sklearn_digits_hidden_completion,11,165,5,4,min_energy,2,-0.6785184645200282
0,class_neighbor,-0.19184734495124642,0.509022830377203,0.0,0.5230202385566218,0.17184200936797894,0.04097922351463596,0.25797425575810673,0.2516807429816702,sklearn_digits_hidden_completion,11,165,5,4,random_selector,0,0.0
1,near_valid,-0.2509799970310842,0.9825021625414675,1.0,0.5534742934730754,0.0061242431104863715,0.07047551546612173,0.22383902547801598,0.13459577983794607,sklearn_digits_hidden_completion,11,165,5,4,calibrated_clipped,1,-0.2428624355039145
1,near_valid,-0.2509799970310842,0.9825021625414675,1.0,0.5534742934730754,0.0061242431104863715,0.07047551546612173,0.22383902547801598,0.13459577983794607,sklearn_digits_hidden_completion,11,165,5,4,oracle_true_score,1,0.9825021625414675
2,shortcut,-0.6785184645200282,0.5876539561688352,0.0,1.0,0.14432111534090766,0.09138594470069572,0.0,0.2660217326991636,sklearn_digits_hidden_completion,11,165,5,16,min_energy,2,-0.6785184645200282
12,near_valid,-0.27886663090132047,0.983070679254967,1.0,0.5732123358025094,0.005925262260761517,0.0686468983165611,0.20487403616237462,0.12316260698971636,sklearn_digits_hidden_completion,11,165,5,16,random_selector,12,12.0
7,near_valid,-0.28407665680016886,0.9758119898426285,1.0,0.5654409637079123,0.008465803555080007,0.06098898127898067,0.20683730415109142,0.07022876220934465,sklearn_digits_hidden_completion,11,165,5,16,calibrated_clipped,7,-0.2726089896037587
14,near_valid,-0.2952386388534295,0.9915469674878343,1.0,0.5761220992081421,0.0029585613792579993,0.06570444363109573,0.19599286596036347,0.0795798527412902,sklearn_digits_hidden_completion,11,165,5,16,oracle_true_score,14,0.9915469674878343
32,shortcut,-0.6805977988965517,0.4851406737398456,0.0,1.0,0.18020076419105402,0.1304231121334885,0.0,0.2165878933837529,sklearn_digits_hidden_completion,11,165,5,64,min_energy,32,-0.6805977988965517
24,class_neighbor,-0.1875672315694941,0.39692162501936934,0.0,0.5258403899895121,0.2110774312432207,0.06633946459372639,0.25120953955927594,0.2768996062314647,sklearn_digits_hidden_completion,11,165,5,64,random_selector,24,24.0
7,near_valid,-0.28407665680016886,0.9758119898426285,1.0,0.5654409637079123,0.008465803555080007,0.06098898127898067,0.20683730415109142,0.07022876220934465,sklearn_digits_hidden_completion,11,165,5,64,calibrated_clipped,7,-0.2788092483130746
23,near_valid,-0.2999727549101746,0.9922860085284799,1.0,0.5824153870097497,0.002699897015032009,0.06498821934357282,0.18958773012064248,0.09783944956034879,sklearn_digits_hidden_completion,11,165,5,64,oracle_true_score,23,0.9922860085284799
32,shortcut,-0.6805977988965517,0.4851406737398456,0.0,1.0,0.18020076419105402,0.1304231121334885,0.0,0.2165878933837529,sklearn_digits_hidden_completion,11,165,5,128,min_energy,32,-0.6805977988965517
35,random_digit,-0.12894348726801183,0.3851143973214285,0.0,0.48816964285714287,0.2152099609375,0.1239767600885121,0.3236607142857143,0.171875,sklearn_digits_hidden_completion,11,165,5,128,random_selector,35,35.0
14,near_valid,-0.2952386388534295,0.9915469674878343,1.0,0.5761220992081421,0.0029585613792579993,0.06570444363109573,0.19599286596036347,0.0795798527412902,sklearn_digits_hidden_completion,11,165,5,128,calibrated_clipped,14,-0.28091441336801876
122,near_valid,-0.26459775884262327,0.9944647483853094,1.0,0.5590475626991335,0.001937338065141727,0.07216019262275332,0.21668784179667946,0.105387808345012,sklearn_digits_hidden_completion,11,165,5,128,oracle_true_score,122,0.9944647483853094
0,near_valid,-0.2547707800842193,0.9874097424206321,1.0,0.5489014638977084,0.0044065901527787716,0.0300089350794321,0.23100695365663487,0.1192485315601322,sklearn_digits_hidden_completion,12,181,2,1,min_energy,0,-0.2547707800842193
0,near_valid,-0.2547707800842193,0.9874097424206321,1.0,0.5489014638977084,0.0044065901527787716,0.0300089350794321,0.23100695365663487,0.1192485315601322,sklearn_digits_hidden_completion,12,181,2,1,random_selector,0,0.0
0,near_valid,-0.2547707800842193,0.9874097424206321,1.0,0.5489014638977084,0.0044065901527787716,0.0300089350794321,0.23100695365663487,0.1192485315601322,sklearn_digits_hidden_completion,12,181,2,1,calibrated_clipped,0,-0.2547707800842193
0,near_valid,-0.2547707800842193,0.9874097424206321,1.0,0.5489014638977084,0.0044065901527787716,0.0300089350794321,0.23100695365663487,0.1192485315601322,sklearn_digits_hidden_completion,12,181,2,1,oracle_true_score,0,0.9874097424206321
2,near_valid,-0.26372192403990574,0.9536113669229682,1.0,0.5596560828690371,0.016236021576961118,0.030439211481799924,0.21434516306818752,0.16021228064004486,sklearn_digits_hidden_completion,12,181,2,4,min_energy,2,-0.26372192403990574
2,near_valid,-0.26372192403990574,0.9536113669229682,1.0,0.5596560828690371,0.016236021576961118,0.030439211481799924,0.21434516306818752,0.16021228064004486,sklearn_digits_hidden_completion,12,181,2,4,random_selector,2,2.0
0,near_valid,-0.2547707800842193,0.9874097424206321,1.0,0.5489014638977084,0.0044065901527787716,0.0300089350794321,0.23100695365663487,0.1192485315601322,sklearn_digits_hidden_completion,12,181,2,4,calibrated_clipped,0,-0.2547707800842193
0,near_valid,-0.2547707800842193,0.9874097424206321,1.0,0.5489014638977084,0.0044065901527787716,0.0300089350794321,0.23100695365663487,0.1192485315601322,sklearn_digits_hidden_completion,12,181,2,4,oracle_true_score,0,0.9874097424206321
12,shortcut,-0.675353566070519,0.45393529117588505,0.0,1.0,0.1911226480884402,0.18032328189234176,0.0,0.1929088877550634,sklearn_digits_hidden_completion,12,181,2,16,min_energy,12,-0.675353566070519
5,near_valid,-0.247292064192677,0.9756147339334631,1.0,0.5478510023191984,0.008534843123287925,0.02860948645765848,0.2267151175203957,0.16590487809486243,sklearn_digits_hidden_completion,12,181,2,16,random_selector,5,5.0
9,near_valid,-0.2864953949162661,0.9794929388858532,1.0,0.568060131363304,0.007177471389951371,0.021265637553156608,0.19936702090713654,0.12822357298327758,sklearn_digits_hidden_completion,12,181,2,16,calibrated_clipped,9,-0.2726539054073169
0,near_valid,-0.2547707800842193,0.9874097424206321,1.0,0.5489014638977084,0.0044065901527787716,0.0300089350794321,0.23100695365663487,0.1192485315601322,sklearn_digits_hidden_completion,12,181,2,16,oracle_true_score,0,0.9874097424206321
12,shortcut,-0.675353566070519,0.45393529117588505,0.0,1.0,0.1911226480884402,0.18032328189234176,0.0,0.1929088877550634,sklearn_digits_hidden_completion,12,181,2,64,min_energy,12,-0.675353566070519
8,near_valid,-0.24748810552707295,0.9730720526007612,1.0,0.5554988012327793,0.009424781589733575,0.03848134498652602,0.2233876055614678,0.1928827167069949,sklearn_digits_hidden_completion,12,181,2,64,random_selector,8,8.0
30,class_neighbor,-0.2808104682824992,0.9354379834454449,1.0,0.5518032964310292,0.02259670579409426,0.017358324742691753,0.22123987235481057,0.03944204648544286,sklearn_digits_hidden_completion,12,181,2,64,calibrated_clipped,30,-0.2808104682824992
56,near_valid,-0.2692710251239401,0.9943471516334887,1.0,0.5613500396530534,0.0019784969282789196,0.030436866865873505,0.21754204367774688,0.13003003609957256,sklearn_digits_hidden_completion,12,181,2,64,oracle_true_score,56,0.9943471516334887
120,shortcut,-0.6755529793654569,0.4585634683050527,0.0,1.0,0.18950278609323157,0.17849060868350075,0.0,0.19374449448921496,sklearn_digits_hidden_completion,12,181,2,128,min_energy,120,-0.6755529793654569
122,near_valid,-0.2583007020839093,0.982779940939878,1.0,0.5576336117368546,0.006027020671042721,0.036774298469675816,0.21831702035435396,0.1624764291495086,sklearn_digits_hidden_completion,12,181,2,128,random_selector,122,122.0
30,class_neighbor,-0.2808104682824992,0.9354379834454449,1.0,0.5518032964310292,0.02259670579409426,0.017358324742691753,0.22123987235481057,0.03944204648544286,sklearn_digits_hidden_completion,12,181,2,128,calibrated_clipped,30,-0.2808104682824992
56,near_valid,-0.2692710251239401,0.9943471516334887,1.0,0.5613500396530534,0.0019784969282789196,0.030436866865873505,0.21754204367774688,0.13003003609957256,sklearn_digits_hidden_completion,12,181,2,128,oracle_true_score,56,0.9943471516334887
0,near_valid,-0.19898161388164312,0.9872723619714322,1.0,0.5197526289882743,0.004454673309998736,0.029765106215989837,0.27461111245857484,0.16921862382074257,sklearn_digits_hidden_completion,13,196,6,1,min_energy,0,-0.19898161388164312
0,near_valid,-0.19898161388164312,0.9872723619714322,1.0,0.5197526289882743,0.004454673309998736,0.029765106215989837,0.27461111245857484,0.16921862382074257,sklearn_digits_hidden_completion,13,196,6,1,random_selector,0,0.0
0,near_valid,-0.19898161388164312,0.9872723619714322,1.0,0.5197526289882743,0.004454673309998736,0.029765106215989837,0.27461111245857484,0.16921862382074257,sklearn_digits_hidden_completion,13,196,6,1,calibrated_clipped,0,-0.19898161388164312
0,near_valid,-0.19898161388164312,0.9872723619714322,1.0,0.5197526289882743,0.004454673309998736,0.029765106215989837,0.27461111245857484,0.16921862382074257,sklearn_digits_hidden_completion,13,196,6,1,oracle_true_score,0,0.9872723619714322
0,near_valid,-0.19898161388164312,0.9872723619714322,1.0,0.5197526289882743,0.004454673309998736,0.029765106215989837,0.27461111245857484,0.16921862382074257,sklearn_digits_hidden_completion,13,196,6,4,min_energy,0,-0.19898161388164312
0,near_valid,-0.19898161388164312,0.9872723619714322,1.0,0.5197526289882743,0.004454673309998736,0.029765106215989837,0.27461111245857484,0.16921862382074257,sklearn_digits_hidden_completion,13,196,6,4,random_selector,0,0.0
3,near_valid,-0.19123450528022393,0.9865954853449608,1.0,0.5106394412828201,0.004691580129263721,0.02518989751727772,0.27920840968224114,0.16571235426601488,sklearn_digits_hidden_completion,13,196,6,4,calibrated_clipped,3,-0.18788127703474913
0,near_valid,-0.19898161388164312,0.9872723619714322,1.0,0.5197526289882743,0.004454673309998736,0.029765106215989837,0.27461111245857484,0.16921862382074257,sklearn_digits_hidden_completion,13,196,6,4,oracle_true_score,0,0.9872723619714322
9,shortcut,-0.3767240631487927,0.820603040508795,1.0,0.6547434673884791,0.06278893582192178,0.04890559328735325,0.0905130652230418,0.2738511643121149,sklearn_digits_hidden_completion,13,196,6,16,min_energy,9,-0.3767240631487927
15,near_valid,-0.15006358833750688,0.9632509043312099,1.0,0.487169385394019,0.012862183484076549,0.04273736236395689,0.3139025048972056,0.17059800270876413,sklearn_digits_hidden_completion,13,196,6,16,random_selector,15,15.0
3,near_valid,-0.19123450528022393,0.9865954853449608,1.0,0.5106394412828201,0.004691580129263721,0.02518989751727772,0.27920840968224114,0.16571235426601488,sklearn_digits_hidden_completion,13,196,6,16,calibrated_clipped,3,-0.18378561552754577
0,near_valid,-0.19898161388164312,0.9872723619714322,1.0,0.5197526289882743,0.004454673309998736,0.029765106215989837,0.27461111245857484,0.16921862382074257,sklearn_digits_hidden_completion,13,196,6,16,oracle_true_score,0,0.9872723619714322
17,shortcut,-0.6657416107722972,0.38830971542497816,0.0,1.0,0.21409159960125762,0.197346796372371,0.0,0.2239451497661431,sklearn_digits_hidden_completion,13,196,6,64,min_energy,17,-0.6657416107722972
40,near_valid,-0.1889593346253731,0.9666135195572373,1.0,0.5152321050088775,0.011685268154966939,0.024557553368996152,0.27544188918844115,0.20530097201921582,sklearn_digits_hidden_completion,13,196,6,64,random_selector,40,40.0
18,near_valid,-0.20413132539265372,0.972413410900826,1.0,0.5144269437221299,0.009655306184710912,0.03894872894774914,0.2722641326562616,0.12076931824224987,sklearn_digits_hidden_completion,13,196,6,64,calibrated_clipped,18,-0.20165026667307415
49,near_valid,-0.18471513704664141,0.9916121419048499,1.0,0.507014971554091,0.0029357503333025123,0.027641327750431773,0.2896024620142817,0.15368235980492786,sklearn_digits_hidden_completion,13,196,6,64,oracle_true_score,49,0.9916121419048499
17,shortcut,-0.6657416107722972,0.38830971542497816,0.0,1.0,0.21409159960125762,0.197346796372371,0.0,0.2239451497661431,sklearn_digits_hidden_completion,13,196,6,128,min_energy,17,-0.6657416107722972
110,class_neighbor,-0.22946545103666185,0.8742176079095691,1.0,0.5316831077189446,0.04402383723165081,0.07210396658918382,0.2566367131881556,0.068629470906121,sklearn_digits_hidden_completion,13,196,6,128,random_selector,110,110.0
48,near_valid,-0.22285381505819546,0.9745389260645901,1.0,0.5270587842270935,0.008911375877393442,0.027714756276576918,0.25285226641753383,0.13914287663582842,sklearn_digits_hidden_completion,13,196,6,128,calibrated_clipped,48,-0.20529897094180433
49,near_valid,-0.18471513704664141,0.9916121419048499,1.0,0.507014971554091,0.0029357503333025123,0.027641327750431773,0.2896024620142817,0.15368235980492786,sklearn_digits_hidden_completion,13,196,6,128,oracle_true_score,49,0.9916121419048499
0,near_valid,-0.25081571321445084,0.9876687771045515,1.0,0.5655844808606773,0.004315928013406997,0.03630068276963724,0.21053498996948544,0.2515913319695632,sklearn_digits_hidden_completion,14,211,7,1,min_energy,0,-0.25081571321445084
0,near_valid,-0.25081571321445084,0.9876687771045515,1.0,0.5655844808606773,0.004315928013406997,0.03630068276963724,0.21053498996948544,0.2515913319695632,sklearn_digits_hidden_completion,14,211,7,1,random_selector,0,0.0
0,near_valid,-0.25081571321445084,0.9876687771045515,1.0,0.5655844808606773,0.004315928013406997,0.03630068276963724,0.21053498996948544,0.2515913319695632,sklearn_digits_hidden_completion,14,211,7,1,calibrated_clipped,0,-0.25081571321445084
0,near_valid,-0.25081571321445084,0.9876687771045515,1.0,0.5655844808606773,0.004315928013406997,0.03630068276963724,0.21053498996948544,0.2515913319695632,sklearn_digits_hidden_completion,14,211,7,1,oracle_true_score,0,0.9876687771045515
3,near_valid,-0.2728460964281225,0.9869026204550951,1.0,0.5680374479407634,0.0045840828407167165,0.02778713712789496,0.20591264201021603,0.1718630449812611,sklearn_digits_hidden_completion,14,211,7,4,min_energy,3,-0.2728460964281225
3,near_valid,-0.2728460964281225,0.9869026204550951,1.0,0.5680374479407634,0.0045840828407167165,0.02778713712789496,0.20591264201021603,0.1718630449812611,sklearn_digits_hidden_completion,14,211,7,4,random_selector,3,3.0
3,near_valid,-0.2728460964281225,0.9869026204550951,1.0,0.5680374479407634,0.0045840828407167165,0.02778713712789496,0.20591264201021603,0.1718630449812611,sklearn_digits_hidden_completion,14,211,7,4,calibrated_clipped,3,-0.2481326494857916
0,near_valid,-0.25081571321445084,0.9876687771045515,1.0,0.5655844808606773,0.004315928013406997,0.03630068276963724,0.21053498996948544,0.2515913319695632,sklearn_digits_hidden_completion,14,211,7,4,oracle_true_score,0,0.9876687771045515
8,shortcut,-0.6219146998566167,0.590732096710004,0.0,1.0,0.14324376615149859,0.1373041641119795,0.0,0.5031223366049369,sklearn_digits_hidden_completion,14,211,7,16,min_energy,8,-0.6219146998566167
5,class_neighbor,-0.21788693032535075,0.5875347490823282,0.0,0.5553577183692009,0.14436283782118514,0.07576905363812844,0.22704525001632014,0.2930133010747407,sklearn_digits_hidden_completion,14,211,7,16,random_selector,5,5.0
6,class_neighbor,-0.28374650697928694,0.861420261839593,1.0,0.5587507333837521,0.04850290835614245,0.019731294529581125,0.21511481306125485,0.06528568484460379,sklearn_digits_hidden_completion,14,211,7,16,calibrated_clipped,6,-0.27808159490258466
7,near_valid,-0.2866572532637438,0.9936782374724532,1.0,0.5811574106794267,0.002212616884641391,0.031151984248899,0.19181291546738077,0.18741652194493508,sklearn_digits_hidden_completion,14,211,7,16,oracle_true_score,7,0.9936782374724532
33,shortcut,-0.6275576616218788,0.6254813455288972,0.0,1.0,0.131081529064886,0.12060314578466597,0.0,0.49160854610594,sklearn_digits_hidden_completion,14,211,7,64,min_energy,33,-0.6275576616218788
24,near_valid,-0.2360122411621293,0.9651474029601634,1.0,0.5477601590860353,0.012198408963942784,0.0406641859352474,0.23166735024737123,0.19628999164646738,sklearn_digits_hidden_completion,14,211,7,64,random_selector,24,24.0
6,class_neighbor,-0.28374650697928694,0.861420261839593,1.0,0.5587507333837521,0.04850290835614245,0.019731294529581125,0.21511481306125485,0.06528568484460379,sklearn_digits_hidden_completion,14,211,7,64,calibrated_clipped,6,-0.28374650697928694
7,near_valid,-0.2866572532637438,0.9936782374724532,1.0,0.5811574106794267,0.002212616884641391,0.031151984248899,0.19181291546738077,0.18741652194493508,sklearn_digits_hidden_completion,14,211,7,64,oracle_true_score,7,0.9936782374724532
72,shortcut,-0.6278395208702373,0.6270198395159916,0.0,1.0,0.13054305616940295,0.11981845211332932,0.0,0.4909839435354841,sklearn_digits_hidden_completion,14,211,7,128,min_energy,72,-0.6278395208702373
57,random_digit,-0.12876287378169482,0.1580636160714285,0.0,0.5245535714285714,0.294677734375,0.2239311668058113,0.26339285714285715,0.375,sklearn_digits_hidden_completion,14,211,7,128,random_selector,57,57.0
88,random_digit,-0.2869413898743226,0.8566545758928571,1.0,0.5627232142857144,0.0501708984375,0.022045282771244266,0.21205357142857142,0.0703125,sklearn_digits_hidden_completion,14,211,7,128,calibrated_clipped,88,-0.2868277352300911
7,near_valid,-0.2866572532637438,0.9936782374724532,1.0,0.5811574106794267,0.002212616884641391,0.031151984248899,0.19181291546738077,0.18741652194493508,sklearn_digits_hidden_completion,14,211,7,128,oracle_true_score,7,0.9936782374724532
0,near_valid,-0.24198513921415724,0.9916039407637549,1.0,0.5349436111008863,0.0029386207326857843,0.06686290416199311,0.24872067209653564,0.045268093130071296,sklearn_digits_hidden_completion,15,226,3,1,min_energy,0,-0.24198513921415724
0,near_valid,-0.24198513921415724,0.9916039407637549,1.0,0.5349436111008863,0.0029386207326857843,0.06686290416199311,0.24872067209653564,0.045268093130071296,sklearn_digits_hidden_completion,15,226,3,1,random_selector,0,0.0
0,near_valid,-0.24198513921415724,0.9916039407637549,1.0,0.5349436111008863,0.0029386207326857843,0.06686290416199311,0.24872067209653564,0.045268093130071296,sklearn_digits_hidden_completion,15,226,3,1,calibrated_clipped,0,-0.24198513921415724
0,near_valid,-0.24198513921415724,0.9916039407637549,1.0,0.5349436111008863,0.0029386207326857843,0.06686290416199311,0.24872067209653564,0.045268093130071296,sklearn_digits_hidden_completion,15,226,3,1,oracle_true_score,0,0.9916039407637549
1,near_valid,-0.2609913128972879,0.966967146447942,1.0,0.5414063442148027,0.011561498743220293,0.049058477856642815,0.2384064838887901,0.02064091776825522,sklearn_digits_hidden_completion,15,226,3,4,min_energy,1,-0.2609913128972879
1,near_valid,-0.2609913128972879,0.966967146447942,1.0,0.5414063442148027,0.011561498743220293,0.049058477856642815,0.2384064838887901,0.02064091776825522,sklearn_digits_hidden_completion,15,226,3,4,random_selector,1,1.0
1,near_valid,-0.2609913128972879,0.966967146447942,1.0,0.5414063442148027,0.011561498743220293,0.049058477856642815,0.2384064838887901,0.02064091776825522,sklearn_digits_hidden_completion,15,226,3,4,calibrated_clipped,1,-0.2515304766589309
3,near_valid,-0.25183809852653705,0.9940861011023896,1.0,0.5390492826267049,0.002069864614163644,0.05626010440429147,0.24386732875764644,0.03534905872963901,sklearn_digits_hidden_completion,15,226,3,4,oracle_true_score,3,0.9940861011023896
6,near_valid,-0.2639890204938693,0.9831089887149126,1.0,0.547359076732048,0.005911853949780578,0.057103216782871856,0.23216728773989992,0.03708817720823663,sklearn_digits_hidden_completion,15,226,3,16,min_energy,6,-0.2639890204938693
6,near_valid,-0.2639890204938693,0.9831089887149126,1.0,0.547359076732048,0.005911853949780578,0.057103216782871856,0.23216728773989992,0.03708817720823663,sklearn_digits_hidden_completion,15,226,3,16,random_selector,6,6.0
4,near_valid,-0.2503424705867032,0.9775514032146595,1.0,0.5389797229719593,0.007857008874869164,0.06779499029888722,0.24393110965265177,0.0308560663676516,sklearn_digits_hidden_completion,15,226,3,16,calibrated_clipped,4,-0.24828848766585615
3,near_valid,-0.25183809852653705,0.9940861011023896,1.0,0.5390492826267049,0.002069864614163644,0.05626010440429147,0.24386732875764644,0.03534905872963901,sklearn_digits_hidden_completion,15,226,3,16,oracle_true_score,3,0.9940861011023896
24,shortcut,-0.6664500786349177,0.4839421204771681,0.0,1.0,0.18062025783299115,0.14263709260395835,0.0,0.2751125142214533,sklearn_digits_hidden_completion,15,226,3,64,min_energy,24,-0.6664500786349177
42,near_valid,-0.23025706118072026,0.9812287539721298,1.0,0.5322741833667319,0.006569936109754558,0.0635984964550684,0.25096437124334436,0.09099236434737795,sklearn_digits_hidden_completion,15,226,3,64,random_selector,42,42.0
1,near_valid,-0.2609913128972879,0.966967146447942,1.0,0.5414063442148027,0.011561498743220293,0.049058477856642815,0.2384064838887901,0.02064091776825522,sklearn_digits_hidden_completion,15,226,3,64,calibrated_clipped,1,-0.2577827327168964
3,near_valid,-0.25183809852653705,0.9940861011023896,1.0,0.5390492826267049,0.002069864614163644,0.05626010440429147,0.24386732875764644,0.03534905872963901,sklearn_digits_hidden_completion,15,226,3,64,oracle_true_score,3,0.9940861011023896
24,shortcut,-0.6664500786349177,0.4839421204771681,0.0,1.0,0.18062025783299115,0.14263709260395835,0.0,0.2751125142214533,sklearn_digits_hidden_completion,15,226,3,128,min_energy,24,-0.6664500786349177
63,random_digit,-0.2703161501899411,0.6533203125,0.0,0.55078125,0.121337890625,0.019187478216961165,0.22135416666666669,0.0859375,sklearn_digits_hidden_completion,15,226,3,128,random_selector,63,63.0
1,near_valid,-0.2609913128972879,0.966967146447942,1.0,0.5414063442148027,0.011561498743220293,0.049058477856642815,0.2384064838887901,0.02064091776825522,sklearn_digits_hidden_completion,15,226,3,128,calibrated_clipped,1,-0.2582425008720454
3,near_valid,-0.25183809852653705,0.9940861011023896,1.0,0.5390492826267049,0.002069864614163644,0.05626010440429147,0.24386732875764644,0.03534905872963901,sklearn_digits_hidden_completion,15,226,3,128,oracle_true_score,3,0.9940861011023896
0,random_digit,-0.12529873430859645,0.59228515625,0.0,0.5018415178571429,0.1427001953125,0.11371745196892258,0.3015252976190476,0.3125,sklearn_digits_hidden_completion,16,241,2,1,min_energy,0,-0.12529873430859645
0,random_digit,-0.12529873430859645,0.59228515625,0.0,0.5018415178571429,0.1427001953125,0.11371745196892258,0.3015252976190476,0.3125,sklearn_digits_hidden_completion,16,241,2,1,random_selector,0,0.0
0,random_digit,-0.12529873430859645,0.59228515625,0.0,0.5018415178571429,0.1427001953125,0.11371745196892258,0.3015252976190476,0.3125,sklearn_digits_hidden_completion,16,241,2,1,calibrated_clipped,0,-0.12529873430859645
0,random_digit,-0.12529873430859645,0.59228515625,0.0,0.5018415178571429,0.1427001953125,0.11371745196892258,0.3015252976190476,0.3125,sklearn_digits_hidden_completion,16,241,2,1,oracle_true_score,0,0.59228515625
3,near_valid,-0.26575121348284114,0.975179738592866,1.0,0.5455438564758347,0.008687091492496891,0.04483970619168818,0.23736431294892413,0.01944182756894494,sklearn_digits_hidden_completion,16,241,2,4,min_energy,3,-0.26575121348284114
0,random_digit,-0.12529873430859645,0.59228515625,0.0,0.5018415178571429,0.1427001953125,0.11371745196892258,0.3015252976190476,0.3125,sklearn_digits_hidden_completion,16,241,2,4,random_selector,0,0.0
3,near_valid,-0.26575121348284114,0.975179738592866,1.0,0.5455438564758347,0.008687091492496891,0.04483970619168818,0.23736431294892413,0.01944182756894494,sklearn_digits_hidden_completion,16,241,2,4,calibrated_clipped,3,-0.23893105370860854
3,near_valid,-0.26575121348284114,0.975179738592866,1.0,0.5455438564758347,0.008687091492496891,0.04483970619168818,0.23736431294892413,0.01944182756894494,sklearn_digits_hidden_completion,16,241,2,4,oracle_true_score,3,0.975179738592866
4,shortcut,-0.6703792287952095,0.26197564739247914,0.0,1.0,0.2583085234126323,0.15155261467775133,0.0,0.24655124134620104,sklearn_digits_hidden_completion,16,241,2,16,min_energy,4,-0.6703792287952095
12,near_valid,-0.2865655160845028,0.9937271609648297,1.0,0.5621934152870539,0.002195493662309608,0.05020012494413596,0.21611861757595707,0.030871403625920325,sklearn_digits_hidden_completion,16,241,2,16,random_selector,12,12.0
8,near_valid,-0.2819674274728428,0.9951521162287648,1.0,0.5552432615476369,0.0016967593199323206,0.04590379837861722,0.223878165737419,0.010756339282905068,sklearn_digits_hidden_completion,16,241,2,16,calibrated_clipped,8,-0.28143858564636315
8,near_valid,-0.2819674274728428,0.9951521162287648,1.0,0.5552432615476369,0.0016967593199323206,0.04590379837861722,0.223878165737419,0.010756339282905068,sklearn_digits_hidden_completion,16,241,2,16,oracle_true_score,8,0.9951521162287648
4,shortcut,-0.6703792287952095,0.26197564739247914,0.0,1.0,0.2583085234126323,0.15155261467775133,0.0,0.24655124134620104,sklearn_digits_hidden_completion,16,241,2,64,min_energy,4,-0.6703792287952095
33,near_valid,-0.24629365208728998,0.9545428209592896,1.0,0.5317454590719743,0.01591001266424867,0.055971703432553505,0.2516536823276676,0.014557881249814364,sklearn_digits_hidden_completion,16,241,2,64,random_selector,33,33.0
8,near_valid,-0.2819674274728428,0.9951521162287648,1.0,0.5552432615476369,0.0016967593199323206,0.04590379837861722,0.223878165737419,0.010756339282905068,sklearn_digits_hidden_completion,16,241,2,64,calibrated_clipped,8,-0.2786191268920738
8,near_valid,-0.2819674274728428,0.9951521162287648,1.0,0.5552432615476369,0.0016967593199323206,0.04590379837861722,0.223878165737419,0.010756339282905068,sklearn_digits_hidden_completion,16,241,2,64,oracle_true_score,8,0.9951521162287648
4,shortcut,-0.6703792287952095,0.26197564739247914,0.0,1.0,0.2583085234126323,0.15155261467775133,0.0,0.24655124134620104,sklearn_digits_hidden_completion,16,241,2,128,min_energy,4,-0.6703792287952095
57,class_neighbor,-0.25446840764082407,0.8775180079396606,1.0,0.5455999092967054,0.04286869722111877,0.037314125348602595,0.2327233071361866,0.09635440168540921,sklearn_digits_hidden_completion,16,241,2,128,random_selector,57,57.0
8,near_valid,-0.2819674274728428,0.9951521162287648,1.0,0.5552432615476369,0.0016967593199323206,0.04590379837861722,0.223878165737419,0.010756339282905068,sklearn_digits_hidden_completion,16,241,2,128,calibrated_clipped,8,-0.2786879475690595
8,near_valid,-0.2819674274728428,0.9951521162287648,1.0,0.5552432615476369,0.0016967593199323206,0.04590379837861722,0.223878165737419,0.010756339282905068,sklearn_digits_hidden_completion,16,241,2,128,oracle_true_score,8,0.9951521162287648
0,class_neighbor,-0.1606621771824345,0.8007112756344607,1.0,0.49265656799553714,0.06975105352793877,0.044750626309151165,0.3184822228296158,0.12357450498049721,sklearn_digits_hidden_completion,17,256,0,1,min_energy,0,-0.1606621771824345
0,class_neighbor,-0.1606621771824345,0.8007112756344607,1.0,0.49265656799553714,0.06975105352793877,0.044750626309151165,0.3184822228296158,0.12357450498049721,sklearn_digits_hidden_completion,17,256,0,1,random_selector,0,0.0
0,class_neighbor,-0.1606621771824345,0.8007112756344607,1.0,0.49265656799553714,0.06975105352793877,0.044750626309151165,0.3184822228296158,0.12357450498049721,sklearn_digits_hidden_completion,17,256,0,1,calibrated_clipped,0,-0.1606621771824345
0,class_neighbor,-0.1606621771824345,0.8007112756344607,1.0,0.49265656799553714,0.06975105352793877,0.044750626309151165,0.3184822228296158,0.12357450498049721,sklearn_digits_hidden_completion,17,256,0,1,oracle_true_score,0,0.8007112756344607
1,near_valid,-0.21140651123678886,0.9823418593096648,1.0,0.5215916007466003,0.006180349241617335,0.013734550683709254,0.27005290609818283,0.1425559041620944,sklearn_digits_hidden_completion,17,256,0,4,min_energy,1,-0.21140651123678886
0,class_neighbor,-0.1606621771824345,0.8007112756344607,1.0,0.49265656799553714,0.06975105352793877,0.044750626309151165,0.3184822228296158,0.12357450498049721,sklearn_digits_hidden_completion,17,256,0,4,random_selector,0,0.0
2,class_neighbor,-0.20897140007525358,0.8361914234418094,1.0,0.5195621804634665,0.05733300179536669,0.04036299253786394,0.2804641002519215,0.09186190813108336,sklearn_digits_hidden_completion,17,256,0,4,calibrated_clipped,2,-0.19686387446468534
1,near_valid,-0.21140651123678886,0.9823418593096648,1.0,0.5215916007466003,0.006180349241617335,0.013734550683709254,0.27005290609818283,0.1425559041620944,sklearn_digits_hidden_completion,17,256,0,4,oracle_true_score,1,0.9823418593096648
9,shortcut,-0.6665104911800251,0.5554153927710617,0.0,1.0,0.1556046125301284,0.14091575356215033,0.0,0.27653179053772414,sklearn_digits_hidden_completion,17,256,0,16,min_energy,9,-0.6665104911800251
0,class_neighbor,-0.1606621771824345,0.8007112756344607,1.0,0.49265656799553714,0.06975105352793877,0.044750626309151165,0.3184822228296158,0.12357450498049721,sklearn_digits_hidden_completion,17,256,0,16,random_selector,0,0.0
12,near_valid,-0.21492750665126914,0.9570438417702101,1.0,0.5249238838336338,0.015034655380426492,0.019278829963322152,0.26234998347025,0.15308574661327123,sklearn_digits_hidden_completion,17,256,0,16,calibrated_clipped,12,-0.21096619225336516
13,near_valid,-0.2085650537899847,0.9941835006064653,1.0,0.5214826663195699,0.002035774787737139,0.01725567408760335,0.27098481223151966,0.15027082202418096,sklearn_digits_hidden_completion,17,256,0,16,oracle_true_score,13,0.9941835006064653
9,shortcut,-0.6665104911800251,0.5554153927710617,0.0,1.0,0.1556046125301284,0.14091575356215033,0.0,0.27653179053772414,sklearn_digits_hidden_completion,17,256,0,64,min_energy,9,-0.6665104911800251
29,near_valid,-0.19091487813412936,0.9840505630263752,1.0,0.5117932179359287,0.005582302940768703,0.02194207865902459,0.2822466583936181,0.1665297873476111,sklearn_digits_hidden_completion,17,256,0,64,random_selector,29,29.0
51,class_neighbor,-0.21292621797427985,0.8023212936005552,1.0,0.51843947198687,0.06918754723980569,0.0372680813260757,0.2828107156895877,0.06451938060692142,sklearn_digits_hidden_completion,17,256,0,64,calibrated_clipped,51,-0.2115560888102657
13,near_valid,-0.2085650537899847,0.9941835006064653,1.0,0.5214826663195699,0.002035774787737139,0.01725567408760335,0.27098481223151966,0.15027082202418096,sklearn_digits_hidden_completion,17,256,0,64,oracle_true_score,13,0.9941835006064653
9,shortcut,-0.6665104911800251,0.5554153927710617,0.0,1.0,0.1556046125301284,0.14091575356215033,0.0,0.27653179053772414,sklearn_digits_hidden_completion,17,256,0,128,min_energy,9,-0.6665104911800251
6,shortcut,-0.39668438536882544,0.4487045470160421,0.0,0.7173127455040101,0.19295340854438525,0.18295533206473574,0.08623669978791035,0.28639461231442154,sklearn_digits_hidden_completion,17,256,0,128,random_selector,6,6.0
36,class_neighbor,-0.22139970518205745,0.8767918027673157,1.0,0.5257668280575263,0.043122869031439484,0.01773525327077738,0.26522020970608756,0.11753624934291793,sklearn_digits_hidden_completion,17,256,0,128,calibrated_clipped,36,-0.21494989353372482
75,near_valid,-0.21077713998328138,0.9944931202928099,1.0,0.5242039036990542,0.0019274078975165258,0.011931912616752527,0.26923927792924796,0.15953901203286214,sklearn_digits_hidden_completion,17,256,0,128,oracle_true_score,75,0.9944931202928099
0,near_valid,-0.30009782171249166,0.9856946552630107,1.0,0.582654122947942,0.0050068706579462705,0.05702625355760678,0.18834223582665433,0.10949645041141838,sklearn_digits_hidden_completion,18,271,5,1,min_energy,0,-0.30009782171249166
0,near_valid,-0.30009782171249166,0.9856946552630107,1.0,0.582654122947942,0.0050068706579462705,0.05702625355760678,0.18834223582665433,0.10949645041141838,sklearn_digits_hidden_completion,18,271,5,1,random_selector,0,0.0
0,near_valid,-0.30009782171249166,0.9856946552630107,1.0,0.582654122947942,0.0050068706579462705,0.05702625355760678,0.18834223582665433,0.10949645041141838,sklearn_digits_hidden_completion,18,271,5,1,calibrated_clipped,0,-0.30009782171249166
0,near_valid,-0.30009782171249166,0.9856946552630107,1.0,0.582654122947942,0.0050068706579462705,0.05702625355760678,0.18834223582665433,0.10949645041141838,sklearn_digits_hidden_completion,18,271,5,1,oracle_true_score,0,0.9856946552630107
2,shortcut,-0.5436149782754097,0.7629490371402976,0.0,0.8097900391124346,0.08296783700089583,0.027706076807811585,0.040470204444162834,0.1796386162653217,sklearn_digits_hidden_completion,18,271,5,4,min_energy,2,-0.5436149782754097
3,near_valid,-0.3040864088458394,0.9878534336641567,1.0,0.5906443571749533,0.004251298217545147,0.0672418786827523,0.1812053701007537,0.1289276487170531,sklearn_digits_hidden_completion,18,271,5,4,random_selector,3,3.0
3,near_valid,-0.3040864088458394,0.9878534336641567,1.0,0.5906443571749533,0.004251298217545147,0.0672418786827523,0.1812053701007537,0.1289276487170531,sklearn_digits_hidden_completion,18,271,5,4,calibrated_clipped,3,-0.3004908034436843
3,near_valid,-0.3040864088458394,0.9878534336641567,1.0,0.5906443571749533,0.004251298217545147,0.0672418786827523,0.1812053701007537,0.1289276487170531,sklearn_digits_hidden_completion,18,271,5,4,oracle_true_score,3,0.9878534336641567
14,shortcut,-0.6822767916124521,0.5373874621235271,0.0,1.0,0.16191438825676555,0.11847133139488619,0.0,0.22014471054285312,sklearn_digits_hidden_completion,18,271,5,16,min_energy,14,-0.6822767916124521
5,near_valid,-0.2443006522949901,0.945996529438467,1.0,0.5535842967702769,0.01890121469653655,0.06274108063760658,0.2253323214309268,0.17203288684093238,sklearn_digits_hidden_completion,18,271,5,16,random_selector,5,5.0
2,shortcut,-0.5436149782754097,0.7629490371402976,0.0,0.8097900391124346,0.08296783700089583,0.027706076807811585,0.040470204444162834,0.1796386162653217,sklearn_digits_hidden_completion,18,271,5,16,calibrated_clipped,2,-0.33728223999879325
10,near_valid,-0.2861011213785757,0.9926892614201872,1.0,0.5762311029140964,0.0025587585029344688,0.06593417691968848,0.19869719456639853,0.11800956705769888,sklearn_digits_hidden_completion,18,271,5,16,oracle_true_score,10,0.9926892614201872
53,shortcut,-0.6840830729630734,0.6062092422625966,0.0,1.0,0.13782676520809117,0.0892911645991814,0.0,0.2402934705854518,sklearn_digits_hidden_completion,18,271,5,64,min_energy,53,-0.6840830729630734
42,near_valid,-0.28987577267491454,0.9899342067530441,1.0,0.5785441100591638,0.00352302763643458,0.06821909485312377,0.197122040261132,0.10985684377605481,sklearn_digits_hidden_completion,18,271,5,64,random_selector,42,42.0
19,class_neighbor,-0.3039426851999357,0.913195676707831,1.0,0.5837116498037653,0.030381513152259173,0.05018333091887321,0.18390645656999643,0.11327917427807783,sklearn_digits_hidden_completion,18,271,5,64,calibrated_clipped,19,-0.29666556765906976
63,near_valid,-0.30945129138384947,0.9935163995884551,1.0,0.591062022704565,0.0022692601440407233,0.06381121348242294,0.17883368758219276,0.11362227388941838,sklearn_digits_hidden_completion,18,271,5,64,oracle_true_score,63,0.9935163995884551
53,shortcut,-0.6840830729630734,0.6062092422625966,0.0,1.0,0.13782676520809117,0.0892911645991814,0.0,0.2402934705854518,sklearn_digits_hidden_completion,18,271,5,128,min_energy,53,-0.6840830729630734
98,near_valid,-0.3081981099630444,0.9857824687473272,1.0,0.587188457215694,0.004976135938435479,0.055028029909922394,0.1796840649417429,0.11180695624391498,sklearn_digits_hidden_completion,18,271,5,128,random_selector,98,98.0
19,class_neighbor,-0.3039426851999357,0.913195676707831,1.0,0.5837116498037653,0.030381513152259173,0.05018333091887321,0.18390645656999643,0.11327917427807783,sklearn_digits_hidden_completion,18,271,5,128,calibrated_clipped,19,-0.2953879196260997
82,near_valid,-0.309186310143422,0.9955193590801705,1.0,0.5906966715232723,0.0015682243219403218,0.06309193864800423,0.17820497082464135,0.11602535907939315,sklearn_digits_hidden_completion,18,271,5,128,oracle_true_score,82,0.9955193590801705
0,near_valid,-0.22388800060946643,0.9872263207596814,1.0,0.5311107636843415,0.004470787734111492,0.014594956105205892,0.26421235346362715,0.13104643263876792,sklearn_digits_hidden_completion,19,286,0,1,min_energy,0,-0.22388800060946643
0,near_valid,-0.22388800060946643,0.9872263207596814,1.0,0.5311107636843415,0.004470787734111492,0.014594956105205892,0.26421235346362715,0.13104643263876792,sklearn_digits_hidden_completion,19,286,0,1,random_selector,0,0.0
0,near_valid,-0.22388800060946643,0.9872263207596814,1.0,0.5311107636843415,0.004470787734111492,0.014594956105205892,0.26421235346362715,0.13104643263876792,sklearn_digits_hidden_completion,19,286,0,1,calibrated_clipped,0,-0.22388800060946643
0,near_valid,-0.22388800060946643,0.9872263207596814,1.0,0.5311107636843415,0.004470787734111492,0.014594956105205892,0.26421235346362715,0.13104643263876792,sklearn_digits_hidden_completion,19,286,0,1,oracle_true_score,0,0.9872263207596814
1,near_valid,-0.23169755937423586,0.9778338987778861,1.0,0.5368796094526058,0.007758135427739862,0.018355376296505847,0.25800274391825245,0.12694781650439246,sklearn_digits_hidden_completion,19,286,0,4,min_energy,1,-0.23169755937423586
3,class_neighbor,-0.22024288858080013,0.8810419649686265,1.0,0.5165731462871974,0.041635312260980724,0.013206807759815333,0.2831473310966721,0.044072887397325844,sklearn_digits_hidden_completion,19,286,0,4,random_selector,3,3.0
3,class_neighbor,-0.22024288858080013,0.8810419649686265,1.0,0.5165731462871974,0.041635312260980724,0.013206807759815333,0.2831473310966721,0.044072887397325844,sklearn_digits_hidden_completion,19,286,0,4,calibrated_clipped,3,-0.22024288858080013
0,near_valid,-0.22388800060946643,0.9872263207596814,1.0,0.5311107636843415,0.004470787734111492,0.014594956105205892,0.26421235346362715,0.13104643263876792,sklearn_digits_hidden_completion,19,286,0,4,oracle_true_score,0,0.9872263207596814
8,shortcut,-0.6657776606371777,0.6192085653845185,0.0,1.0,0.13327700211541849,0.13986169681411167,0.0,0.28125,sklearn_digits_hidden_completion,19,286,0,16,min_energy,8,-0.6657776606371777
7,near_valid,-0.2111066203324783,0.9921484124506728,1.0,0.5194195070577842,0.002748055642264546,0.01777582814187437,0.2780116772910808,0.1099821091119523,sklearn_digits_hidden_completion,19,286,0,16,random_selector,7,7.0
15,shortcut,-0.4646039731706276,0.806787669222266,1.0,0.7530517732368923,0.0676243157722069,0.06746789754498422,0.05254217590704419,0.28896540249585206,sklearn_digits_hidden_completion,19,286,0,16,calibrated_clipped,15,-0.26745304516905083
7,near_valid,-0.2111066203324783,0.9921484124506728,1.0,0.5194195070577842,0.002748055642264546,0.01777582814187437,0.2780116772910808,0.1099821091119523,sklearn_digits_hidden_completion,19,286,0,16,oracle_true_score,7,0.9921484124506728
8,shortcut,-0.6657776606371777,0.6192085653845185,0.0,1.0,0.13327700211541849,0.13986169681411167,0.0,0.28125,sklearn_digits_hidden_completion,19,286,0,64,min_energy,8,-0.6657776606371777
4,near_valid,-0.23878589117773508,0.9866304531494529,1.0,0.5407412520002319,0.004679341397691484,0.010408871682526296,0.24609199705388166,0.14668837553149344,sklearn_digits_hidden_completion,19,286,0,64,random_selector,4,4.0
45,shortcut,-0.3796095625200818,0.803334421098241,1.0,0.6635326170514083,0.06883295261561563,0.061675363201070615,0.07293476589718341,0.3279535319240472,sklearn_digits_hidden_completion,19,286,0,64,calibrated_clipped,45,-0.24860755524366068
7,near_valid,-0.2111066203324783,0.9921484124506728,1.0,0.5194195070577842,0.002748055642264546,0.01777582814187437,0.2780116772910808,0.1099821091119523,sklearn_digits_hidden_completion,19,286,0,64,oracle_true_score,7,0.9921484124506728
127,shortcut,-0.6660492811482477,0.622060166152522,0.0,1.0,0.1322789418466173,0.13850359425876152,0.0,0.28125,sklearn_digits_hidden_completion,19,286,0,128,min_energy,127,-0.6660492811482477
27,shortcut,-0.529647563837331,0.5745355690445922,0.0,0.8426991557750153,0.1489125508343927,0.14065976694421212,0.04798626561356799,0.239262017588128,sklearn_digits_hidden_completion,19,286,0,128,random_selector,27,27.0
101,class_neighbor,-0.2559521738502848,0.9550710580766346,1.0,0.5450979309194497,0.015725129673177875,0.015681614165889105,0.24277492187879704,0.08104372236393126,sklearn_digits_hidden_completion,19,286,0,128,calibrated_clipped,101,-0.2385421831800456
85,near_valid,-0.22702194351055244,0.9949300510171942,1.0,0.5276000335600656,0.0017744821439820346,0.015882843312939085,0.2663913260660769,0.09493141830283322,sklearn_digits_hidden_completion,19,286,0,128,oracle_true_score,85,0.9949300510171942
0,random_digit,-0.22340198477351836,0.2529296875,0.0,0.5582589285714286,0.261474609375,0.18907266541812237,0.22098214285714285,0.1796875,sklearn_digits_hidden_completion,20,301,3,1,min_energy,0,-0.22340198477351836
0,random_digit,-0.22340198477351836,0.2529296875,0.0,0.5582589285714286,0.261474609375,0.18907266541812237,0.22098214285714285,0.1796875,sklearn_digits_hidden_completion,20,301,3,1,random_selector,0,0.0
0,random_digit,-0.22340198477351836,0.2529296875,0.0,0.5582589285714286,0.261474609375,0.18907266541812237,0.22098214285714285,0.1796875,sklearn_digits_hidden_completion,20,301,3,1,calibrated_clipped,0,-0.22340198477351836
0,random_digit,-0.22340198477351836,0.2529296875,0.0,0.5582589285714286,0.261474609375,0.18907266541812237,0.22098214285714285,0.1796875,sklearn_digits_hidden_completion,20,301,3,1,oracle_true_score,0,0.2529296875
2,near_valid,-0.2258397570704113,0.992368592095044,1.0,0.5278570769886775,0.0026709927667345748,0.02618821549955941,0.257213616543777,0.11673959236053782,sklearn_digits_hidden_completion,20,301,3,4,min_energy,2,-0.2258397570704113
2,near_valid,-0.2258397570704113,0.992368592095044,1.0,0.5278570769886775,0.0026709927667345748,0.02618821549955941,0.257213616543777,0.11673959236053782,sklearn_digits_hidden_completion,20,301,3,4,random_selector,2,2.0
2,near_valid,-0.2258397570704113,0.992368592095044,1.0,0.5278570769886775,0.0026709927667345748,0.02618821549955941,0.257213616543777,0.11673959236053782,sklearn_digits_hidden_completion,20,301,3,4,calibrated_clipped,2,-0.22437709369227554
2,near_valid,-0.2258397570704113,0.992368592095044,1.0,0.5278570769886775,0.0026709927667345748,0.02618821549955941,0.257213616543777,0.11673959236053782,sklearn_digits_hidden_completion,20,301,3,4,oracle_true_score,2,0.992368592095044
6,class_neighbor,-0.25570899051448026,0.7404198369536694,0.0,0.565888168535418,0.09085305706621571,0.04177264037879189,0.19570553505162164,0.26357281766466495,sklearn_digits_hidden_completion,20,301,3,16,min_energy,6,-0.25570899051448026
3,near_valid,-0.22260638739785302,0.9628352437335599,1.0,0.530941888791711,0.01300766469325403,0.037591803251366934,0.24909565285463595,0.1553952973780353,sklearn_digits_hidden_completion,20,301,3,16,random_selector,3,3.0
2,near_valid,-0.2258397570704113,0.992368592095044,1.0,0.5278570769886775,0.0026709927667345748,0.02618821549955941,0.257213616543777,0.11673959236053782,sklearn_digits_hidden_completion,20,301,3,16,calibrated_clipped,2,-0.22454263483754974
2,near_valid,-0.2258397570704113,0.992368592095044,1.0,0.5278570769886775,0.0026709927667345748,0.02618821549955941,0.257213616543777,0.11673959236053782,sklearn_digits_hidden_completion,20,301,3,16,oracle_true_score,2,0.992368592095044
43,shortcut,-0.6644454986375207,0.36007942862337816,0.0,1.0,0.2239721999818176,0.12789153803520548,0.0,0.2998809687771914,sklearn_digits_hidden_completion,20,301,3,64,min_energy,43,-0.6644454986375207
5,class_neighbor,-0.2526660977448726,0.6500690448119739,0.0,0.5590084265655664,0.1224758343158091,0.0823297770332257,0.21771350461016664,0.1519091961853268,sklearn_digits_hidden_completion,20,301,3,64,random_selector,5,5.0
46,class_neighbor,-0.2567860851925433,0.9144444814268463,1.0,0.5444471048662258,0.029944431500603788,0.011887927437562505,0.23052287442361788,0.11192038518311857,sklearn_digits_hidden_completion,20,301,3,64,calibrated_clipped,46,-0.24541771305431714
39,near_valid,-0.22869358677100599,0.993152277357042,1.0,0.5347206407950511,0.002396702925035291,0.026845563920255052,0.249071576020852,0.14994207114881364,sklearn_digits_hidden_completion,20,301,3,64,oracle_true_score,39,0.993152277357042
43,shortcut,-0.6644454986375207,0.36007942862337816,0.0,1.0,0.2239721999818176,0.12789153803520548,0.0,0.2998809687771914,sklearn_digits_hidden_completion,20,301,3,128,min_energy,43,-0.6644454986375207
96,near_valid,-0.20453538167212168,0.9794042136412677,1.0,0.5163888509657028,0.00720852522555631,0.030557204889229455,0.2718510952002793,0.13563356607077928,sklearn_digits_hidden_completion,20,301,3,128,random_selector,96,96.0
46,class_neighbor,-0.2567860851925433,0.9144444814268463,1.0,0.5444471048662258,0.029944431500603788,0.011887927437562505,0.23052287442361788,0.11192038518311857,sklearn_digits_hidden_completion,20,301,3,128,calibrated_clipped,46,-0.2443426808757429
39,near_valid,-0.22869358677100599,0.993152277357042,1.0,0.5347206407950511,0.002396702925035291,0.026845563920255052,0.249071576020852,0.14994207114881364,sklearn_digits_hidden_completion,20,301,3,128,oracle_true_score,39,0.993152277357042
0,near_valid,-0.23263074130590694,0.9642444867674385,1.0,0.5287280347361248,0.012514429631396543,0.021961705713662127,0.25031726881650906,0.10924222877187134,sklearn_digits_hidden_completion,21,316,3,1,min_energy,0,-0.23263074130590694
0,near_valid,-0.23263074130590694,0.9642444867674385,1.0,0.5287280347361248,0.012514429631396543,0.021961705713662127,0.25031726881650906,0.10924222877187134,sklearn_digits_hidden_completion,21,316,3,1,random_selector,0,0.0
0,near_valid,-0.23263074130590694,0.9642444867674385,1.0,0.5287280347361248,0.012514429631396543,0.021961705713662127,0.25031726881650906,0.10924222877187134,sklearn_digits_hidden_completion,21,316,3,1,calibrated_clipped,0,-0.23263074130590694
0,near_valid,-0.23263074130590694,0.9642444867674385,1.0,0.5287280347361248,0.012514429631396543,0.021961705713662127,0.25031726881650906,0.10924222877187134,sklearn_digits_hidden_completion,21,316,3,1,oracle_true_score,0,0.9642444867674385
3,shortcut,-0.6652746962618541,0.5011118540906419,0.0,1.0,0.17461085106827537,0.1379970899450791,0.0,0.28562942874565067,sklearn_digits_hidden_completion,21,316,3,4,min_energy,3,-0.6652746962618541
3,shortcut,-0.6652746962618541,0.5011118540906419,0.0,1.0,0.17461085106827537,0.1379970899450791,0.0,0.28562942874565067,sklearn_digits_hidden_completion,21,316,3,4,random_selector,3,3.0
2,shortcut,-0.35448525469554226,0.3626268680054644,0.0,0.6842376649028508,0.22308059619808746,0.16066450968512463,0.09632659861036888,0.3679023140443404,sklearn_digits_hidden_completion,21,316,3,4,calibrated_clipped,2,-0.2886432173528107
1,near_valid,-0.22692433114948896,0.988440679498974,1.0,0.5379220263634472,0.0040457621753590975,0.02734194959546496,0.24164286203127472,0.1907261229340118,sklearn_digits_hidden_completion,21,316,3,4,oracle_true_score,1,0.988440679498974
9,shortcut,-0.665775125676866,0.5187591605768751,0.0,1.0,0.16843429379809371,0.13136889376117297,0.0,0.2897554778544966,sklearn_digits_hidden_completion,21,316,3,16,min_energy,9,-0.665775125676866
2,shortcut,-0.35448525469554226,0.3626268680054644,0.0,0.6842376649028508,0.22308059619808746,0.16066450968512463,0.09632659861036888,0.3679023140443404,sklearn_digits_hidden_completion,21,316,3,16,random_selector,2,2.0
5,class_neighbor,-0.23912089394457034,0.6860943191145972,0.0,0.5408941194159701,0.10986698830989097,0.05461363990638997,0.23165260570898263,0.14109017248094383,sklearn_digits_hidden_completion,21,316,3,16,calibrated_clipped,5,-0.2386541391232964
4,near_valid,-0.23823781649907744,0.9938789712498026,1.0,0.5424610168763292,0.0021423600625690726,0.019625027545800075,0.23838710460118087,0.16785016559179972,sklearn_digits_hidden_completion,21,316,3,16,oracle_true_score,4,0.9938789712498026
25,shortcut,-0.6662869102137325,0.5405622517684279,0.0,1.0,0.1608032118810502,0.12311436906979242,0.0,0.29545107986154473,sklearn_digits_hidden_completion,21,316,3,64,min_energy,25,-0.6662869102137325
1,near_valid,-0.22692433114948896,0.988440679498974,1.0,0.5379220263634472,0.0040457621753590975,0.02734194959546496,0.24164286203127472,0.1907261229340118,sklearn_digits_hidden_completion,21,316,3,64,random_selector,1,1.0
24,class_neighbor,-0.2960551783146427,0.9222104470630668,1.0,0.5755963335925789,0.027226343527926612,0.025617932982020565,0.1895805491286125,0.13124591631325264,sklearn_digits_hidden_completion,21,316,3,64,calibrated_clipped,24,-0.26677856487736934
4,near_valid,-0.23823781649907744,0.9938789712498026,1.0,0.5424610168763292,0.0021423600625690726,0.019625027545800075,0.23838710460118087,0.16785016559179972,sklearn_digits_hidden_completion,21,316,3,64,oracle_true_score,4,0.9938789712498026
25,shortcut,-0.6662869102137325,0.5405622517684279,0.0,1.0,0.1608032118810502,0.12311436906979242,0.0,0.29545107986154473,sklearn_digits_hidden_completion,21,316,3,128,min_energy,25,-0.6662869102137325
83,class_neighbor,-0.26080615770139065,0.8805551830777768,1.0,0.5474314100457773,0.04180568592277813,0.030576834954265556,0.23311180458737973,0.07720270159515197,sklearn_digits_hidden_completion,21,316,3,128,random_selector,83,83.0
24,class_neighbor,-0.2960551783146427,0.9222104470630668,1.0,0.5755963335925789,0.027226343527926612,0.025617932982020565,0.1895805491286125,0.13124591631325264,sklearn_digits_hidden_completion,21,316,3,128,calibrated_clipped,24,-0.2625084824736727
4,near_valid,-0.23823781649907744,0.9938789712498026,1.0,0.5424610168763292,0.0021423600625690726,0.019625027545800075,0.23838710460118087,0.16785016559179972,sklearn_digits_hidden_completion,21,316,3,128,oracle_true_score,4,0.9938789712498026
0,near_valid,-0.2546781591556766,0.9933075891457658,1.0,0.5519792184601833,0.0023423437989819607,0.021939948701513563,0.22603308602953964,0.15300033816455666,sklearn_digits_hidden_completion,22,331,2,1,min_energy,0,-0.2546781591556766
0,near_valid,-0.2546781591556766,0.9933075891457658,1.0,0.5519792184601833,0.0023423437989819607,0.021939948701513563,0.22603308602953964,0.15300033816455666,sklearn_digits_hidden_completion,22,331,2,1,random_selector,0,0.0
0,near_valid,-0.2546781591556766,0.9933075891457658,1.0,0.5519792184601833,0.0023423437989819607,0.021939948701513563,0.22603308602953964,0.15300033816455666,sklearn_digits_hidden_completion,22,331,2,1,calibrated_clipped,0,-0.2546781591556766
0,near_valid,-0.2546781591556766,0.9933075891457658,1.0,0.5519792184601833,0.0023423437989819607,0.021939948701513563,0.22603308602953964,0.15300033816455666,sklearn_digits_hidden_completion,22,331,2,1,oracle_true_score,0,0.9933075891457658
0,near_valid,-0.2546781591556766,0.9933075891457658,1.0,0.5519792184601833,0.0023423437989819607,0.021939948701513563,0.22603308602953964,0.15300033816455666,sklearn_digits_hidden_completion,22,331,2,4,min_energy,0,-0.2546781591556766
1,near_valid,-0.24392320283526814,0.9880789063449537,1.0,0.5473618743436648,0.004172382779266228,0.024920330367449055,0.23422333154304126,0.1639565225015897,sklearn_digits_hidden_completion,22,331,2,4,random_selector,1,1.0
2,near_valid,-0.24861366586472441,0.9908275413597197,1.0,0.5479566665612334,0.003210360524098086,0.025360649644713937,0.23214726148105624,0.14800355156338452,sklearn_digits_hidden_completion,22,331,2,4,calibrated_clipped,2,-0.24834600936681853
0,near_valid,-0.2546781591556766,0.9933075891457658,1.0,0.5519792184601833,0.0023423437989819607,0.021939948701513563,0.22603308602953964,0.15300033816455666,sklearn_digits_hidden_completion,22,331,2,4,oracle_true_score,0,0.9933075891457658
13,shortcut,-0.6764448185889939,0.2883705216471326,0.0,1.0,0.24907031742350355,0.16465090705503083,0.0,0.203125,sklearn_digits_hidden_completion,22,331,2,16,min_energy,13,-0.6764448185889939
5,class_neighbor,-0.20903052706499659,0.8858036360954711,1.0,0.5160169561350103,0.039968727366585105,0.040834899411556075,0.2627698494503898,0.1264589647811777,sklearn_digits_hidden_completion,22,331,2,16,random_selector,5,5.0
2,near_valid,-0.24861366586472441,0.9908275413597197,1.0,0.5479566665612334,0.003210360524098086,0.025360649644713937,0.23214726148105624,0.14800355156338452,sklearn_digits_hidden_completion,22,331,2,16,calibrated_clipped,2,-0.23993122342782747
0,near_valid,-0.2546781591556766,0.9933075891457658,1.0,0.5519792184601833,0.0023423437989819607,0.021939948701513563,0.22603308602953964,0.15300033816455666,sklearn_digits_hidden_completion,22,331,2,16,oracle_true_score,0,0.9933075891457658
13,shortcut,-0.6764448185889939,0.2883705216471326,0.0,1.0,0.24907031742350355,0.16465090705503083,0.0,0.203125,sklearn_digits_hidden_completion,22,331,2,64,min_energy,13,-0.6764448185889939
59,near_valid,-0.2166878141375929,0.9539520165694056,1.0,0.5303992912996532,0.016116794200708023,0.038913644422196574,0.25283682948071495,0.1713433461915722,sklearn_digits_hidden_completion,22,331,2,64,random_selector,59,59.0
46,class_neighbor,-0.2531580320345256,0.850047832833466,1.0,0.5427424382694357,0.05248325850828689,0.02156433454792327,0.23150949190818115,0.11127854604233464,sklearn_digits_hidden_completion,22,331,2,64,calibrated_clipped,46,-0.2531580320345256
0,near_valid,-0.2546781591556766,0.9933075891457658,1.0,0.5519792184601833,0.0023423437989819607,0.021939948701513563,0.22603308602953964,0.15300033816455666,sklearn_digits_hidden_completion,22,331,2,64,oracle_true_score,0,0.9933075891457658
95,shortcut,-0.6777874972393727,0.31017221506877635,0.0,1.0,0.24143972472592826,0.15793751380313625,0.0,0.203125,sklearn_digits_hidden_completion,22,331,2,128,min_energy,95,-0.6777874972393727
85,class_neighbor,-0.16676726583356621,0.6204079737283779,0.0,0.5249333970221124,0.13285720919506772,0.08593226430870037,0.25147163178069476,0.3571846579594795,sklearn_digits_hidden_completion,22,331,2,128,random_selector,85,85.0
46,class_neighbor,-0.2531580320345256,0.850047832833466,1.0,0.5427424382694357,0.05248325850828689,0.02156433454792327,0.23150949190818115,0.11127854604233464,sklearn_digits_hidden_completion,22,331,2,128,calibrated_clipped,46,-0.2517423283253861
0,near_valid,-0.2546781591556766,0.9933075891457658,1.0,0.5519792184601833,0.0023423437989819607,0.021939948701513563,0.22603308602953964,0.15300033816455666,sklearn_digits_hidden_completion,22,331,2,128,oracle_true_score,0,0.9933075891457658
0,near_valid,-0.2690597109851723,0.9863819933048934,1.0,0.563397000278888,0.0047663023432873075,0.04305693996438394,0.21727931494447644,0.1268651400582742,sklearn_digits_hidden_completion,23,346,1,1,min_energy,0,-0.2690597109851723
0,near_valid,-0.2690597109851723,0.9863819933048934,1.0,0.563397000278888,0.0047663023432873075,0.04305693996438394,0.21727931494447644,0.1268651400582742,sklearn_digits_hidden_completion,23,346,1,1,random_selector,0,0.0
0,near_valid,-0.2690597109851723,0.9863819933048934,1.0,0.563397000278888,0.0047663023432873075,0.04305693996438394,0.21727931494447644,0.1268651400582742,sklearn_digits_hidden_completion,23,346,1,1,calibrated_clipped,0,-0.2690597109851723
0,near_valid,-0.2690597109851723,0.9863819933048934,1.0,0.563397000278888,0.0047663023432873075,0.04305693996438394,0.21727931494447644,0.1268651400582742,sklearn_digits_hidden_completion,23,346,1,1,oracle_true_score,0,0.9863819933048934
2,shortcut,-0.6635083404773856,0.3370980858836906,0.0,1.0,0.23201566994070827,0.13693608508300412,0.0,0.29552221253006783,sklearn_digits_hidden_completion,23,346,1,4,min_energy,2,-0.6635083404773856
0,near_valid,-0.2690597109851723,0.9863819933048934,1.0,0.563397000278888,0.0047663023432873075,0.04305693996438394,0.21727931494447644,0.1268651400582742,sklearn_digits_hidden_completion,23,346,1,4,random_selector,0,0.0
1,class_neighbor,-0.3088768040196389,0.8422109978531178,1.0,0.5952484950825454,0.05522615075140876,0.04493223753774607,0.17681281843916935,0.15663034821588886,sklearn_digits_hidden_completion,23,346,1,4,calibrated_clipped,1,-0.29454363135799305
0,near_valid,-0.2690597109851723,0.9863819933048934,1.0,0.563397000278888,0.0047663023432873075,0.04305693996438394,0.21727931494447644,0.1268651400582742,sklearn_digits_hidden_completion,23,346,1,4,oracle_true_score,0,0.9863819933048934
2,shortcut,-0.6635083404773856,0.3370980858836906,0.0,1.0,0.23201566994070827,0.13693608508300412,0.0,0.29552221253006783,sklearn_digits_hidden_completion,23,346,1,16,min_energy,2,-0.6635083404773856
12,near_valid,-0.27946121571430893,0.9915047267805802,1.0,0.5697581786236443,0.002973345626796919,0.04127890047623862,0.20898638194444596,0.12329564044365623,sklearn_digits_hidden_completion,23,346,1,16,random_selector,12,12.0
1,class_neighbor,-0.3088768040196389,0.8422109978531178,1.0,0.5952484950825454,0.05522615075140876,0.04493223753774607,0.17681281843916935,0.15663034821588886,sklearn_digits_hidden_completion,23,346,1,16,calibrated_clipped,1,-0.2796797489378178
13,near_valid,-0.29475819258896746,0.9915453388083586,1.0,0.5806265004467481,0.0029591314170744746,0.04227870419260267,0.19537016339046023,0.12401176021409972,sklearn_digits_hidden_completion,23,346,1,16,oracle_true_score,13,0.9915453388083586
2,shortcut,-0.6635083404773856,0.3370980858836906,0.0,1.0,0.23201566994070827,0.13693608508300412,0.0,0.29552221253006783,sklearn_digits_hidden_completion,23,346,1,64,min_energy,2,-0.6635083404773856
12,near_valid,-0.27946121571430893,0.9915047267805802,1.0,0.5697581786236443,0.002973345626796919,0.04127890047623862,0.20898638194444596,0.12329564044365623,sklearn_digits_hidden_completion,23,346,1,64,random_selector,12,12.0
55,near_valid,-0.29321682512158664,0.9939938572674678,1.0,0.5752445403020491,0.002102149956386268,0.03222091005223101,0.2013011859585985,0.10528372908637387,sklearn_digits_hidden_completion,23,346,1,64,calibrated_clipped,55,-0.282708100001223
55,near_valid,-0.29321682512158664,0.9939938572674678,1.0,0.5752445403020491,0.002102149956386268,0.03222091005223101,0.2013011859585985,0.10528372908637387,sklearn_digits_hidden_completion,23,346,1,64,oracle_true_score,55,0.9939938572674678
116,shortcut,-0.6636824109755586,0.34421860863222853,0.0,1.0,0.22952348697872,0.13472991861054923,0.0,0.2968580265116577,sklearn_digits_hidden_completion,23,346,1,128,min_energy,116,-0.6636824109755586
93,class_neighbor,-0.32335691835464947,0.8612476999586787,1.0,0.601275085626922,0.04856330501446246,0.07247000709040766,0.172160077269383,0.0920867597464992,sklearn_digits_hidden_completion,23,346,1,128,random_selector,93,93.0
105,near_valid,-0.30199194552757486,0.9883318179176228,1.0,0.5811536535509929,0.004083863728832017,0.03629595425744195,0.19666265914979936,0.09224820625895902,sklearn_digits_hidden_completion,23,346,1,128,calibrated_clipped,105,-0.2890017061609246
117,near_valid,-0.2964340546986958,0.9962561868874664,1.0,0.5779153812969209,0.0013103345893867488,0.03256509191999164,0.19823869290089904,0.10729090897251027,sklearn_digits_hidden_completion,23,346,1,128,oracle_true_score,117,0.9962561868874664
0,near_valid,-0.165041085393486,0.9773771612421988,1.0,0.4909745826930124,0.007917993565230451,0.056274006620341266,0.3064964111843166,0.11681012075415452,sklearn_digits_hidden_completion,24,362,6,1,min_energy,0,-0.165041085393486
0,near_valid,-0.165041085393486,0.9773771612421988,1.0,0.4909745826930124,0.007917993565230451,0.056274006620341266,0.3064964111843166,0.11681012075415452,sklearn_digits_hidden_completion,24,362,6,1,random_selector,0,0.0
0,near_valid,-0.165041085393486,0.9773771612421988,1.0,0.4909745826930124,0.007917993565230451,0.056274006620341266,0.3064964111843166,0.11681012075415452,sklearn_digits_hidden_completion,24,362,6,1,calibrated_clipped,0,-0.165041085393486
0,near_valid,-0.165041085393486,0.9773771612421988,1.0,0.4909745826930124,0.007917993565230451,0.056274006620341266,0.3064964111843166,0.11681012075415452,sklearn_digits_hidden_completion,24,362,6,1,oracle_true_score,0,0.9773771612421988
0,near_valid,-0.165041085393486,0.9773771612421988,1.0,0.4909745826930124,0.007917993565230451,0.056274006620341266,0.3064964111843166,0.11681012075415452,sklearn_digits_hidden_completion,24,362,6,4,min_energy,0,-0.165041085393486
1,near_valid,-0.1601342886931896,0.969889550741529,1.0,0.5054529015770868,0.010538657240464823,0.050372173116687805,0.28915890435350167,0.2492177773593099,sklearn_digits_hidden_completion,24,362,6,4,random_selector,1,1.0
0,near_valid,-0.165041085393486,0.9773771612421988,1.0,0.4909745826930124,0.007917993565230451,0.056274006620341266,0.3064964111843166,0.11681012075415452,sklearn_digits_hidden_completion,24,362,6,4,calibrated_clipped,0,-0.1590273768722082
0,near_valid,-0.165041085393486,0.9773771612421988,1.0,0.4909745826930124,0.007917993565230451,0.056274006620341266,0.3064964111843166,0.11681012075415452,sklearn_digits_hidden_completion,24,362,6,4,oracle_true_score,0,0.9773771612421988
12,shortcut,-0.6706397893460819,0.2540365741579772,0.0,1.0,0.26108719904470795,0.2588174307160953,0.0,0.13798362255349508,sklearn_digits_hidden_completion,24,362,6,16,min_energy,12,-0.6706397893460819
1,near_valid,-0.1601342886931896,0.969889550741529,1.0,0.5054529015770868,0.010538657240464823,0.050372173116687805,0.28915890435350167,0.2492177773593099,sklearn_digits_hidden_completion,24,362,6,16,random_selector,1,1.0
0,near_valid,-0.165041085393486,0.9773771612421988,1.0,0.4909745826930124,0.007917993565230451,0.056274006620341266,0.3064964111843166,0.11681012075415452,sklearn_digits_hidden_completion,24,362,6,16,calibrated_clipped,0,-0.16379005658407553
15,near_valid,-0.14454607996205915,0.9850737176702947,1.0,0.4843984099359436,0.0052241988153968275,0.04241846671299041,0.3165156609156928,0.18092710321834715,sklearn_digits_hidden_completion,24,362,6,16,oracle_true_score,15,0.9850737176702947
42,shortcut,-0.6732052586108972,0.3879831425957352,0.0,1.0,0.21420590009149268,0.20964243975404367,0.0,0.17433126719147032,sklearn_digits_hidden_completion,24,362,6,64,min_energy,42,-0.6732052586108972
48,near_valid,-0.11518371480217887,0.8734712474787898,1.0,0.4821859277519098,0.04428506338242355,0.07760638732150406,0.31870084255754116,0.2782449507040251,sklearn_digits_hidden_completion,24,362,6,64,random_selector,48,48.0
9,near_valid,-0.23155407138800382,0.9543175253063245,1.0,0.541672275562751,0.015988866142786422,0.03598436784680349,0.24670694776362828,0.1590722022235158,sklearn_digits_hidden_completion,24,362,6,64,calibrated_clipped,9,-0.18412570646592485
16,near_valid,-0.14149904960855186,0.989858623688812,1.0,0.48351547787781346,0.0035494817089158073,0.05094771639527401,0.32039537828303566,0.173652787325419,sklearn_digits_hidden_completion,24,362,6,64,oracle_true_score,16,0.989858623688812
109,shortcut,-0.6732140721160794,0.3886798415164502,0.0,1.0,0.21396205546924243,0.20938513921569432,0.0,0.1745445002039085,sklearn_digits_hidden_completion,24,362,6,128,min_energy,109,-0.6732140721160794
110,near_valid,-0.13456242485282655,0.9671631048659649,1.0,0.4804420102935998,0.011492913296912299,0.03430712560699106,0.31808976270073186,0.21979144130286277,sklearn_digits_hidden_completion,24,362,6,128,random_selector,110,110.0
9,near_valid,-0.23155407138800382,0.9543175253063245,1.0,0.541672275562751,0.015988866142786422,0.03598436784680349,0.24670694776362828,0.1590722022235158,sklearn_digits_hidden_completion,24,362,6,128,calibrated_clipped,9,-0.1827804837602786
16,near_valid,-0.14149904960855186,0.989858623688812,1.0,0.48351547787781346,0.0035494817089158073,0.05094771639527401,0.32039537828303566,0.173652787325419,sklearn_digits_hidden_completion,24,362,6,128,oracle_true_score,16,0.989858623688812
0,near_valid,-0.1447525998024244,0.9164162994534714,1.0,0.5048467719798968,0.02925429519128501,0.05306436786738973,0.29088485913153433,0.31641466543338176,sklearn_digits_hidden_completion,25,377,4,1,min_energy,0,-0.1447525998024244
0,near_valid,-0.1447525998024244,0.9164162994534714,1.0,0.5048467719798968,0.02925429519128501,0.05306436786738973,0.29088485913153433,0.31641466543338176,sklearn_digits_hidden_completion,25,377,4,1,random_selector,0,0.0
0,near_valid,-0.1447525998024244,0.9164162994534714,1.0,0.5048467719798968,0.02925429519128501,0.05306436786738973,0.29088485913153433,0.31641466543338176,sklearn_digits_hidden_completion,25,377,4,1,calibrated_clipped,0,-0.1447525998024244
0,near_valid,-0.1447525998024244,0.9164162994534714,1.0,0.5048467719798968,0.02925429519128501,0.05306436786738973,0.29088485913153433,0.31641466543338176,sklearn_digits_hidden_completion,25,377,4,1,oracle_true_score,0,0.9164162994534714
1,near_valid,-0.19895871982262534,0.9846754295336607,1.0,0.5401621753902172,0.005363599663218753,0.027089786830107432,0.24694887451144276,0.32461536686361264,sklearn_digits_hidden_completion,25,377,4,4,min_energy,1,-0.19895871982262534
0,near_valid,-0.1447525998024244,0.9164162994534714,1.0,0.5048467719798968,0.02925429519128501,0.05306436786738973,0.29088485913153433,0.31641466543338176,sklearn_digits_hidden_completion,25,377,4,4,random_selector,0,0.0
3,near_valid,-0.19778441953627063,0.9912136795152671,1.0,0.5369085729648853,0.0030752121696565244,0.02592327198423066,0.24967450258072993,0.3119568968557286,sklearn_digits_hidden_completion,25,377,4,4,calibrated_clipped,3,-0.1846625473296345
3,near_valid,-0.19778441953627063,0.9912136795152671,1.0,0.5369085729648853,0.0030752121696565244,0.02592327198423066,0.24967450258072993,0.3119568968557286,sklearn_digits_hidden_completion,25,377,4,4,oracle_true_score,3,0.9912136795152671
7,shortcut,-0.6296698024808305,0.21555648239101244,0.0,1.0,0.2745552311631456,0.2109171711724534,0.0,0.3907338164233944,sklearn_digits_hidden_completion,25,377,4,16,min_energy,7,-0.6296698024808305
2,near_valid,-0.15607369674014937,0.9590938495594951,1.0,0.5077488569501383,0.014317152654176714,0.039595029629576936,0.28359574223423945,0.30420640908853624,sklearn_digits_hidden_completion,25,377,4,16,random_selector,2,2.0
15,near_valid,-0.19621230647791585,0.9791727299932584,1.0,0.5317878206292872,0.007289544502359529,0.02830561056163388,0.25093037495894177,0.29477865327152397,sklearn_digits_hidden_completion,25,377,4,16,calibrated_clipped,15,-0.19621230647791585
3,near_valid,-0.19778441953627063,0.9912136795152671,1.0,0.5369085729648853,0.0030752121696565244,0.02592327198423066,0.24967450258072993,0.3119568968557286,sklearn_digits_hidden_completion,25,377,4,16,oracle_true_score,3,0.9912136795152671
53,shortcut,-0.6448759667147796,0.35602448334780923,0.0,1.0,0.22539143082826674,0.1646513086200161,0.0,0.3609688578060857,sklearn_digits_hidden_completion,25,377,4,64,min_energy,53,-0.6448759667147796
43,shortcut,-0.31723397448303736,0.23001472139625956,0.0,0.6621970406326587,0.26949484751130914,0.21101161535759702,0.10305032126887895,0.4026690311102691,sklearn_digits_hidden_completion,25,377,4,64,random_selector,43,43.0
62,near_valid,-0.21413236631713387,0.9825467667287846,1.0,0.5475572189189654,0.006108631644925376,0.023891752032475816,0.2388933968794818,0.3018291459093998,sklearn_digits_hidden_completion,25,377,4,64,calibrated_clipped,62,-0.2050738147463899
25,near_valid,-0.20823916417084778,0.9955965799331944,1.0,0.5422094038200591,0.0015411970233819724,0.024550759102550813,0.24455640831915687,0.2950085614907505,sklearn_digits_hidden_completion,25,377,4,64,oracle_true_score,25,0.9955965799331944
53,shortcut,-0.6448759667147796,0.35602448334780923,0.0,1.0,0.22539143082826674,0.1646513086200161,0.0,0.3609688578060857,sklearn_digits_hidden_completion,25,377,4,128,min_energy,53,-0.6448759667147796
64,random_digit,-0.2088572463656904,0.7732979910714286,0.0,0.5419642857142857,0.079345703125,0.02825841102869075,0.24107142857142858,0.296875,sklearn_digits_hidden_completion,25,377,4,128,random_selector,64,64.0
73,near_valid,-0.21496570988902972,0.9699426470725587,1.0,0.5374992979517166,0.010520073524604441,0.03165710432555492,0.24422178037647868,0.2375268175129172,sklearn_digits_hidden_completion,25,377,4,128,calibrated_clipped,73,-0.21496570988902972
25,near_valid,-0.20823916417084778,0.9955965799331944,1.0,0.5422094038200591,0.0015411970233819724,0.024550759102550813,0.24455640831915687,0.2950085614907505,sklearn_digits_hidden_completion,25,377,4,128,oracle_true_score,25,0.9955965799331944
0,class_neighbor,-0.11561045115191165,0.7655707594162022,0.0,0.5079838511562167,0.08205023420432919,0.04754256927930885,0.29551950937600285,0.46666596601293747,sklearn_digits_hidden_completion,26,392,6,1,min_energy,0,-0.11561045115191165
0,class_neighbor,-0.11561045115191165,0.7655707594162022,0.0,0.5079838511562167,0.08205023420432919,0.04754256927930885,0.29551950937600285,0.46666596601293747,sklearn_digits_hidden_completion,26,392,6,1,random_selector,0,0.0
0,class_neighbor,-0.11561045115191165,0.7655707594162022,0.0,0.5079838511562167,0.08205023420432919,0.04754256927930885,0.29551950937600285,0.46666596601293747,sklearn_digits_hidden_completion,26,392,6,1,calibrated_clipped,0,-0.11561045115191165
0,class_neighbor,-0.11561045115191165,0.7655707594162022,0.0,0.5079838511562167,0.08205023420432919,0.04754256927930885,0.29551950937600285,0.46666596601293747,sklearn_digits_hidden_completion,26,392,6,1,oracle_true_score,0,0.7655707594162022
3,random_digit,-0.23859322260619983,0.5915876116071428,0.0,0.5676339285714286,0.1429443359375,0.11441855958804867,0.21056547619047616,0.2421875,sklearn_digits_hidden_completion,26,392,6,4,min_energy,3,-0.23859322260619983
0,class_neighbor,-0.11561045115191165,0.7655707594162022,0.0,0.5079838511562167,0.08205023420432919,0.04754256927930885,0.29551950937600285,0.46666596601293747,sklearn_digits_hidden_completion,26,392,6,4,random_selector,0,0.0
1,near_valid,-0.1888763981597272,0.9703834777057272,1.0,0.536462534325668,0.0103657828029955,0.03748984957806553,0.2506116734012564,0.3406805614910987,sklearn_digits_hidden_completion,26,392,6,4,calibrated_clipped,1,-0.17606099073347414
2,near_valid,-0.14584228895393098,0.9837993323653703,1.0,0.5024114204014909,0.005670233672120401,0.03509429418934086,0.294173792363678,0.31075915854648045,sklearn_digits_hidden_completion,26,392,6,4,oracle_true_score,2,0.9837993323653703
7,shortcut,-0.6468922779407782,0.0901744496135588,0.0,1.0,0.3184389426352544,0.239612558927358,0.0,0.2759260513687508,sklearn_digits_hidden_completion,26,392,6,16,min_energy,7,-0.6468922779407782
11,near_valid,-0.1876853479570646,0.9850517752105057,1.0,0.5359083394411962,0.005231878676322991,0.046502334569213356,0.2496974524001424,0.33805920444955784,sklearn_digits_hidden_completion,26,392,6,16,random_selector,11,11.0
9,class_neighbor,-0.2582288531142508,0.7425866079130801,0.0,0.566004804984948,0.090094687230422,0.0794938321181901,0.2131874571450095,0.16561441385533468,sklearn_digits_hidden_completion,26,392,6,16,calibrated_clipped,9,-0.1970679960428453
8,near_valid,-0.1553314759413586,0.9896836096018459,1.0,0.509698489048773,0.003610736639353948,0.039490149260425454,0.28496805011915427,0.3115596671380061,sklearn_digits_hidden_completion,26,392,6,16,oracle_true_score,8,0.9896836096018459
28,shortcut,-0.6585787862066353,0.22296047789407214,0.0,1.0,0.27196383273707475,0.19778851708223674,0.0,0.25931755188458666,sklearn_digits_hidden_completion,26,392,6,64,min_energy,28,-0.6585787862066353
37,class_neighbor,-0.17405917120909167,0.8317412995211741,1.0,0.5095696519617383,0.05889054516758906,0.018039720104089788,0.28608792358561475,0.23580882884652993,sklearn_digits_hidden_completion,26,392,6,64,random_selector,37,37.0
52,class_neighbor,-0.2104527987965345,0.8176901333185929,1.0,0.5270663290091405,0.06380845333849249,0.016450294215577747,0.2663085138537208,0.17543603248829465,sklearn_digits_hidden_completion,26,392,6,64,calibrated_clipped,52,-0.20843440389032625
21,near_valid,-0.17940270838917163,0.995304525891791,1.0,0.5266393719621458,0.0016434159378731791,0.038210844144266086,0.26277307455466314,0.3170473037425989,sklearn_digits_hidden_completion,26,392,6,64,oracle_true_score,21,0.995304525891791
28,shortcut,-0.6585787862066353,0.22296047789407214,0.0,1.0,0.27196383273707475,0.19778851708223674,0.0,0.25931755188458666,sklearn_digits_hidden_completion,26,392,6,128,min_energy,28,-0.6585787862066353
109,near_valid,-0.16393580005112907,0.9679997780475016,1.0,0.5177447125667669,0.011200077683374459,0.044842870545988074,0.2775694563843323,0.3137047962668287,sklearn_digits_hidden_completion,26,392,6,128,random_selector,109,109.0
52,class_neighbor,-0.2104527987965345,0.8176901333185929,1.0,0.5270663290091405,0.06380845333849249,0.016450294215577747,0.2663085138537208,0.17543603248829465,sklearn_digits_hidden_completion,26,392,6,128,calibrated_clipped,52,-0.19801512770182955
21,near_valid,-0.17940270838917163,0.995304525891791,1.0,0.5266393719621458,0.0016434159378731791,0.038210844144266086,0.26277307455466314,0.3170473037425989,sklearn_digits_hidden_completion,26,392,6,128,oracle_true_score,21,0.995304525891791
0,near_valid,-0.2678726255224894,0.9743518451068038,1.0,0.5747510651759602,0.008976854212618648,0.0488006956729528,0.20364863742757838,0.20711891819861025,sklearn_digits_hidden_completion,27,407,1,1,min_energy,0,-0.2678726255224894
0,near_valid,-0.2678726255224894,0.9743518451068038,1.0,0.5747510651759602,0.008976854212618648,0.0488006956729528,0.20364863742757838,0.20711891819861025,sklearn_digits_hidden_completion,27,407,1,1,random_selector,0,0.0
0,near_valid,-0.2678726255224894,0.9743518451068038,1.0,0.5747510651759602,0.008976854212618648,0.0488006956729528,0.20364863742757838,0.20711891819861025,sklearn_digits_hidden_completion,27,407,1,1,calibrated_clipped,0,-0.2678726255224894
0,near_valid,-0.2678726255224894,0.9743518451068038,1.0,0.5747510651759602,0.008976854212618648,0.0488006956729528,0.20364863742757838,0.20711891819861025,sklearn_digits_hidden_completion,27,407,1,1,oracle_true_score,0,0.9743518451068038
1,near_valid,-0.2765448460508258,0.9189060660343459,1.0,0.5744289160070455,0.02838287688797895,0.06650220279900873,0.20479885596801797,0.14168514806123333,sklearn_digits_hidden_completion,27,407,1,4,min_energy,1,-0.2765448460508258
3,random_digit,-0.26648054076475264,0.5894949776785714,0.0,0.5625,0.1436767578125,0.0712431295095701,0.20833333333333331,0.1328125,sklearn_digits_hidden_completion,27,407,1,4,random_selector,3,3.0
3,random_digit,-0.26648054076475264,0.5894949776785714,0.0,0.5625,0.1436767578125,0.0712431295095701,0.20833333333333331,0.1328125,sklearn_digits_hidden_completion,27,407,1,4,calibrated_clipped,3,-0.26648054076475264
0,near_valid,-0.2678726255224894,0.9743518451068038,1.0,0.5747510651759602,0.008976854212618648,0.0488006956729528,0.20364863742757838,0.20711891819861025,sklearn_digits_hidden_completion,27,407,1,4,oracle_true_score,0,0.9743518451068038
8,shortcut,-0.3978863757894143,0.7939164625784276,0.0,0.6587745434984011,0.07212923809755033,0.031750636334225125,0.08245091300319765,0.22248201207891405,sklearn_digits_hidden_completion,27,407,1,16,min_energy,8,-0.3978863757894143
2,class_neighbor,-0.21306176594145604,0.6227041741750956,0.0,0.5463942164942371,0.13205353903871656,0.06626898111853177,0.22975874065980983,0.2855639642131004,sklearn_digits_hidden_completion,27,407,1,16,random_selector,2,2.0
5,random_digit,-0.2866266137672709,0.6815708705357142,0.0,0.5707589285714285,0.1114501953125,0.055241187116026144,0.20014880952380953,0.1015625,sklearn_digits_hidden_completion,27,407,1,16,calibrated_clipped,5,-0.2866266137672709
14,near_valid,-0.296675404814728,0.990080170255425,1.0,0.5878293023546683,0.0034719404106012463,0.050745719137331634,0.18424686867791018,0.16355825175478192,sklearn_digits_hidden_completion,27,407,1,16,oracle_true_score,14,0.990080170255425
29,shortcut,-0.6118691835405061,0.24643251048866988,0.0,1.0,0.26374862132896554,0.16167455046444107,0.0,0.5289795318330284,sklearn_digits_hidden_completion,27,407,1,64,min_energy,29,-0.6118691835405061
39,near_valid,-0.2691590762365644,0.9713770297016922,1.0,0.5723857438593798,0.010018039604407765,0.03174217397271282,0.20496775504252684,0.2052476579501907,sklearn_digits_hidden_completion,27,407,1,64,random_selector,39,39.0
51,class_neighbor,-0.3064170447748775,0.8190203877829785,1.0,0.5881589643258258,0.0633428642759575,0.01959058708444562,0.1827455934432993,0.15136992329394033,sklearn_digits_hidden_completion,27,407,1,64,calibrated_clipped,51,-0.2871477651038865
38,near_valid,-0.3087954704509509,0.9976840629043437,1.0,0.5951755102001893,0.0008105779834796751,0.04475279553658972,0.17867178536720318,0.1518306056995568,sklearn_digits_hidden_completion,27,407,1,64,oracle_true_score,38,0.9976840629043437
29,shortcut,-0.6118691835405061,0.24643251048866988,0.0,1.0,0.26374862132896554,0.16167455046444107,0.0,0.5289795318330284,sklearn_digits_hidden_completion,27,407,1,128,min_energy,29,-0.6118691835405061
86,class_neighbor,-0.3099299229353085,0.6013567718250656,0.0,0.6038627639926485,0.139525129861227,0.039992769336854285,0.165412825821948,0.2199577099486778,sklearn_digits_hidden_completion,27,407,1,128,random_selector,86,86.0
5,random_digit,-0.2866266137672709,0.6815708705357142,0.0,0.5707589285714285,0.1114501953125,0.055241187116026144,0.20014880952380953,0.1015625,sklearn_digits_hidden_completion,27,407,1,128,calibrated_clipped,5,-0.2866266137672709
38,near_valid,-0.3087954704509509,0.9976840629043437,1.0,0.5951755102001893,0.0008105779834796751,0.04475279553658972,0.17867178536720318,0.1518306056995568,sklearn_digits_hidden_completion,27,407,1,128,oracle_true_score,38,0.9976840629043437
0,shortcut,-0.3297042749595557,0.4120793761985214,0.0,0.665233023394888,0.2057722183305175,0.1868398720038022,0.10212416301496532,0.3784211426380947,sklearn_digits_hidden_completion,28,422,0,1,min_energy,0,-0.3297042749595557
0,shortcut,-0.3297042749595557,0.4120793761985214,0.0,0.665233023394888,0.2057722183305175,0.1868398720038022,0.10212416301496532,0.3784211426380947,sklearn_digits_hidden_completion,28,422,0,1,random_selector,0,0.0
0,shortcut,-0.3297042749595557,0.4120793761985214,0.0,0.665233023394888,0.2057722183305175,0.1868398720038022,0.10212416301496532,0.3784211426380947,sklearn_digits_hidden_completion,28,422,0,1,calibrated_clipped,0,-0.3297042749595557
0,shortcut,-0.3297042749595557,0.4120793761985214,0.0,0.665233023394888,0.2057722183305175,0.1868398720038022,0.10212416301496532,0.3784211426380947,sklearn_digits_hidden_completion,28,422,0,1,oracle_true_score,0,0.4120793761985214
0,shortcut,-0.3297042749595557,0.4120793761985214,0.0,0.665233023394888,0.2057722183305175,0.1868398720038022,0.10212416301496532,0.3784211426380947,sklearn_digits_hidden_completion,28,422,0,4,min_energy,0,-0.3297042749595557
0,shortcut,-0.3297042749595557,0.4120793761985214,0.0,0.665233023394888,0.2057722183305175,0.1868398720038022,0.10212416301496532,0.3784211426380947,sklearn_digits_hidden_completion,28,422,0,4,random_selector,0,0.0
3,random_digit,-0.23738295021538497,0.5682198660714286,0.0,0.5781808035714286,0.151123046875,0.10630976529212299,0.1988467261904762,0.328125,sklearn_digits_hidden_completion,28,422,0,4,calibrated_clipped,3,-0.2072788030621277
1,near_valid,-0.1704741034353077,0.9456110403672762,1.0,0.505432031319255,0.019036135871453336,0.03550119478098365,0.2970767799573045,0.1905372606070962,sklearn_digits_hidden_completion,28,422,0,4,oracle_true_score,1,0.9456110403672762
13,shortcut,-0.3786228194282275,0.488409791277414,0.0,0.706859686474531,0.1790565730529051,0.14437973659711334,0.0894255146320663,0.367309825303058,sklearn_digits_hidden_completion,28,422,0,16,min_energy,13,-0.3786228194282275
2,near_valid,-0.18838137314204606,0.9258344744792604,1.0,0.5112826987864125,0.025957933932258877,0.03573211798704155,0.2818399261798841,0.1646113397570938,sklearn_digits_hidden_completion,28,422,0,16,random_selector,2,2.0
9,near_valid,-0.2266546895638057,0.9852964982396257,1.0,0.5269572728132086,0.005146225616130995,0.021121055033027036,0.2803131126686028,0.05083421035881888,sklearn_digits_hidden_completion,28,422,0,16,calibrated_clipped,9,-0.2207749309919634
10,near_valid,-0.19913195575725978,0.9890725141819575,1.0,0.5119184664331776,0.003824620036314861,0.02411341816952982,0.2973627031438975,0.0821736185228692,sklearn_digits_hidden_completion,28,422,0,16,oracle_true_score,10,0.9890725141819575
43,shortcut,-0.6624905362972697,0.5185348511460519,0.0,1.0,0.1685128020988818,0.14848481851365145,0.0,0.2890625,sklearn_digits_hidden_completion,28,422,0,64,min_energy,43,-0.6624905362972697
11,near_valid,-0.22221943942011918,0.9801032372747701,1.0,0.5248062945792871,0.006963866953830448,0.01460641782070015,0.27723895036859075,0.07991287623740576,sklearn_digits_hidden_completion,28,422,0,64,random_selector,11,11.0
53,near_valid,-0.2314555837052173,0.990115084232538,1.0,0.5294812058336563,0.0034597205186116917,0.02201567914837595,0.2701602200431067,0.06332031908320519,sklearn_digits_hidden_completion,28,422,0,64,calibrated_clipped,53,-0.22353749878658985
25,class_neighbor,-0.2240397426641305,0.9971787165035159,1.0,0.5244925856871707,0.000987449223769458,0.017665868005858832,0.2790799365720608,0.06151278942721167,sklearn_digits_hidden_completion,28,422,0,64,oracle_true_score,25,0.9971787165035159
43,shortcut,-0.6624905362972697,0.5185348511460519,0.0,1.0,0.1685128020988818,0.14848481851365145,0.0,0.2890625,sklearn_digits_hidden_completion,28,422,0,128,min_energy,43,-0.6624905362972697
86,near_valid,-0.17648908220762882,0.9551656428787609,1.0,0.5037596173523212,0.01569202499243366,0.03402066609983539,0.3080001380888949,0.1256321081887637,sklearn_digits_hidden_completion,28,422,0,128,random_selector,86,86.0
111,class_neighbor,-0.23274977065214295,0.9369286390648002,1.0,0.5286440616880979,0.022074976327319917,0.00828580362312446,0.26304321187002666,0.08701174180395443,sklearn_digits_hidden_completion,28,422,0,128,calibrated_clipped,111,-0.22725768395038703
25,class_neighbor,-0.2240397426641305,0.9971787165035159,1.0,0.5244925856871707,0.000987449223769458,0.017665868005858832,0.2790799365720608,0.06151278942721167,sklearn_digits_hidden_completion,28,422,0,128,oracle_true_score,25,0.9971787165035159
0,near_valid,-0.25254865537456944,0.9910868057656332,1.0,0.5441707907652891,0.0031196179820283474,0.02684529226396471,0.2357364080363603,0.1027767741330312,sklearn_digits_hidden_completion,29,437,2,1,min_energy,0,-0.25254865537456944
0,near_valid,-0.25254865537456944,0.9910868057656332,1.0,0.5441707907652891,0.0031196179820283474,0.02684529226396471,0.2357364080363603,0.1027767741330312,sklearn_digits_hidden_completion,29,437,2,1,random_selector,0,0.0
0,near_valid,-0.25254865537456944,0.9910868057656332,1.0,0.5441707907652891,0.0031196179820283474,0.02684529226396471,0.2357364080363603,0.1027767741330312,sklearn_digits_hidden_completion,29,437,2,1,calibrated_clipped,0,-0.25254865537456944
0,near_valid,-0.25254865537456944,0.9910868057656332,1.0,0.5441707907652891,0.0031196179820283474,0.02684529226396471,0.2357364080363603,0.1027767741330312,sklearn_digits_hidden_completion,29,437,2,1,oracle_true_score,0,0.9910868057656332
3,shortcut,-0.380827756139535,0.7656766207043944,0.0,0.6506025187963907,0.08201318275346195,0.056064177483725414,0.09879496240721852,0.20787034068521387,sklearn_digits_hidden_completion,29,437,2,4,min_energy,3,-0.380827756139535
1,near_valid,-0.21133052743843772,0.9222323858749234,1.0,0.5113763013191698,0.027218664943776796,0.03696144622470161,0.270366012214998,0.0805405129387518,sklearn_digits_hidden_completion,29,437,2,4,random_selector,1,1.0
0,near_valid,-0.25254865537456944,0.9910868057656332,1.0,0.5441707907652891,0.0031196179820283474,0.02684529226396471,0.2357364080363603,0.1027767741330312,sklearn_digits_hidden_completion,29,437,2,4,calibrated_clipped,0,-0.24683680951341128
0,near_valid,-0.25254865537456944,0.9910868057656332,1.0,0.5441707907652891,0.0031196179820283474,0.02684529226396471,0.2357364080363603,0.1027767741330312,sklearn_digits_hidden_completion,29,437,2,4,oracle_true_score,0,0.9910868057656332
3,shortcut,-0.380827756139535,0.7656766207043944,0.0,0.6506025187963907,0.08201318275346195,0.056064177483725414,0.09879496240721852,0.20787034068521387,sklearn_digits_hidden_completion,29,437,2,16,min_energy,3,-0.380827756139535
14,near_valid,-0.24838753202201486,0.963949287785341,1.0,0.533907140442546,0.012617749275130678,0.03951151162953709,0.2449572934314445,0.04707004798346352,sklearn_digits_hidden_completion,29,437,2,16,random_selector,14,14.0
13,near_valid,-0.2570012049682756,0.9904925251538483,1.0,0.5410070575475981,0.0033276161961531,0.030821934323295063,0.23917399897529878,0.05522000945674805,sklearn_digits_hidden_completion,29,437,2,16,calibrated_clipped,13,-0.2570012049682756
0,near_valid,-0.25254865537456944,0.9910868057656332,1.0,0.5441707907652891,0.0031196179820283474,0.02684529226396471,0.2357364080363603,0.1027767741330312,sklearn_digits_hidden_completion,29,437,2,16,oracle_true_score,0,0.9910868057656332
16,shortcut,-0.6805280439476427,0.5409111885432998,0.0,1.0,0.16068108400984507,0.15477414576165138,0.0,0.1925856345001354,sklearn_digits_hidden_completion,29,437,2,64,min_energy,16,-0.6805280439476427
45,near_valid,-0.22921107177920322,0.9777022106990054,1.0,0.529056269798014,0.007804226255348093,0.040330654405181875,0.25266982456032316,0.10273298090046601,sklearn_digits_hidden_completion,29,437,2,64,random_selector,45,45.0
37,near_valid,-0.2791909817607805,0.9548400583614901,1.0,0.5595057372902329,0.015805979573478467,0.024324130250711812,0.2048680622758956,0.11448030452504598,sklearn_digits_hidden_completion,29,437,2,64,calibrated_clipped,37,-0.2682783142760851
0,near_valid,-0.25254865537456944,0.9910868057656332,1.0,0.5441707907652891,0.0031196179820283474,0.02684529226396471,0.2357364080363603,0.1027767741330312,sklearn_digits_hidden_completion,29,437,2,64,oracle_true_score,0,0.9910868057656332
16,shortcut,-0.6805280439476427,0.5409111885432998,0.0,1.0,0.16068108400984507,0.15477414576165138,0.0,0.1925856345001354,sklearn_digits_hidden_completion,29,437,2,128,min_energy,16,-0.6805280439476427
53,near_valid,-0.267143438570982,0.9462123239691211,1.0,0.552190838867751,0.018825686610807607,0.02251391001701143,0.2233280517965539,0.09833240044162163,sklearn_digits_hidden_completion,29,437,2,128,random_selector,53,53.0
89,near_valid,-0.27149194272428556,0.9457739153754277,1.0,0.5482366763567661,0.01897912961860032,0.028168222910072267,0.22819620867271007,0.04272002595642001,sklearn_digits_hidden_completion,29,437,2,128,calibrated_clipped,89,-0.2689683356342686
79,near_valid,-0.26012288520766585,0.9937683646583435,1.0,0.5447570362094982,0.002181072369579772,0.032929267874315514,0.23439040756507062,0.06472157106902929,sklearn_digits_hidden_completion,29,437,2,128,oracle_true_score,79,0.9937683646583435
0,near_valid,-0.1924845300469897,0.9827961360508072,1.0,0.5196528183720392,0.006021352382217479,0.04510079117635781,0.2706187574691755,0.19697304444360814,sklearn_digits_hidden_completion,30,452,6,1,min_energy,0,-0.1924845300469897
0,near_valid,-0.1924845300469897,0.9827961360508072,1.0,0.5196528183720392,0.006021352382217479,0.04510079117635781,0.2706187574691755,0.19697304444360814,sklearn_digits_hidden_completion,30,452,6,1,random_selector,0,0.0
0,near_valid,-0.1924845300469897,0.9827961360508072,1.0,0.5196528183720392,0.006021352382217479,0.04510079117635781,0.2706187574691755,0.19697304444360814,sklearn_digits_hidden_completion,30,452,6,1,calibrated_clipped,0,-0.1924845300469897
0,near_valid,-0.1924845300469897,0.9827961360508072,1.0,0.5196528183720392,0.006021352382217479,0.04510079117635781,0.2706187574691755,0.19697304444360814,sklearn_digits_hidden_completion,30,452,6,1,oracle_true_score,0,0.9827961360508072
2,class_neighbor,-0.21432202361344463,0.9972790547322404,1.0,0.5328200116622378,0.0009523308437158489,0.041411389099072465,0.25852365953344636,0.17411347285011844,sklearn_digits_hidden_completion,30,452,6,4,min_energy,2,-0.21432202361344463
0,near_valid,-0.1924845300469897,0.9827961360508072,1.0,0.5196528183720392,0.006021352382217479,0.04510079117635781,0.2706187574691755,0.19697304444360814,sklearn_digits_hidden_completion,30,452,6,4,random_selector,0,0.0
2,class_neighbor,-0.21432202361344463,0.9972790547322404,1.0,0.5328200116622378,0.0009523308437158489,0.041411389099072465,0.25852365953344636,0.17411347285011844,sklearn_digits_hidden_completion,30,452,6,4,calibrated_clipped,2,-0.2093598082736118
2,class_neighbor,-0.21432202361344463,0.9972790547322404,1.0,0.5328200116622378,0.0009523308437158489,0.041411389099072465,0.25852365953344636,0.17411347285011844,sklearn_digits_hidden_completion,30,452,6,4,oracle_true_score,2,0.9972790547322404
15,shortcut,-0.629049161339505,0.04071993402376839,0.0,1.0,0.33574802309168106,0.23057490326622912,0.0,0.37417929003624617,sklearn_digits_hidden_completion,30,452,6,16,min_energy,15,-0.629049161339505
2,class_neighbor,-0.21432202361344463,0.9972790547322404,1.0,0.5328200116622378,0.0009523308437158489,0.041411389099072465,0.25852365953344636,0.17411347285011844,sklearn_digits_hidden_completion,30,452,6,16,random_selector,2,2.0
9,class_neighbor,-0.23325704648363488,0.8089086995718163,1.0,0.5359124454692482,0.0668819551498643,0.027828768028903002,0.2549149176466401,0.11454164653434296,sklearn_digits_hidden_completion,30,452,6,16,calibrated_clipped,9,-0.22759297421023358
2,class_neighbor,-0.21432202361344463,0.9972790547322404,1.0,0.5328200116622378,0.0009523308437158489,0.041411389099072465,0.25852365953344636,0.17411347285011844,sklearn_digits_hidden_completion,30,452,6,16,oracle_true_score,2,0.9972790547322404
62,shortcut,-0.6369853543936149,0.13834900449137622,0.0,1.0,0.3015778484280183,0.20224273770948922,0.0,0.3628304903224361,sklearn_digits_hidden_completion,30,452,6,64,min_energy,62,-0.6369853543936149
0,near_valid,-0.1924845300469897,0.9827961360508072,1.0,0.5196528183720392,0.006021352382217479,0.04510079117635781,0.2706187574691755,0.19697304444360814,sklearn_digits_hidden_completion,30,452,6,64,random_selector,0,0.0
9,class_neighbor,-0.23325704648363488,0.8089086995718163,1.0,0.5359124454692482,0.0668819551498643,0.027828768028903002,0.2549149176466401,0.11454164653434296,sklearn_digits_hidden_completion,30,452,6,64,calibrated_clipped,9,-0.22740775567782365
2,class_neighbor,-0.21432202361344463,0.9972790547322404,1.0,0.5328200116622378,0.0009523308437158489,0.041411389099072465,0.25852365953344636,0.17411347285011844,sklearn_digits_hidden_completion,30,452,6,64,oracle_true_score,2,0.9972790547322404
62,shortcut,-0.6369853543936149,0.13834900449137622,0.0,1.0,0.3015778484280183,0.20224273770948922,0.0,0.3628304903224361,sklearn_digits_hidden_completion,30,452,6,128,min_energy,62,-0.6369853543936149
21,near_valid,-0.19000027013891818,0.9765891491520612,1.0,0.5248456143921699,0.00819379779677857,0.0455131854098313,0.270569399807746,0.2285906683949132,sklearn_digits_hidden_completion,30,452,6,128,random_selector,21,21.0
9,class_neighbor,-0.23325704648363488,0.8089086995718163,1.0,0.5359124454692482,0.0668819551498643,0.027828768028903002,0.2549149176466401,0.11454164653434296,sklearn_digits_hidden_completion,30,452,6,128,calibrated_clipped,9,-0.22464649985330254
2,class_neighbor,-0.21432202361344463,0.9972790547322404,1.0,0.5328200116622378,0.0009523308437158489,0.041411389099072465,0.25852365953344636,0.17411347285011844,sklearn_digits_hidden_completion,30,452,6,128,oracle_true_score,2,0.9972790547322404
0,random_digit,-0.17345494873929665,0.5179966517857142,0.0,0.5473772321428572,0.168701171875,0.14674590362494538,0.22712053571428573,0.4140625,sklearn_digits_hidden_completion,31,467,7,1,min_energy,0,-0.17345494873929665
0,random_digit,-0.17345494873929665,0.5179966517857142,0.0,0.5473772321428572,0.168701171875,0.14674590362494538,0.22712053571428573,0.4140625,sklearn_digits_hidden_completion,31,467,7,1,random_selector,0,0.0
0,random_digit,-0.17345494873929665,0.5179966517857142,0.0,0.5473772321428572,0.168701171875,0.14674590362494538,0.22712053571428573,0.4140625,sklearn_digits_hidden_completion,31,467,7,1,calibrated_clipped,0,-0.17345494873929665
0,random_digit,-0.17345494873929665,0.5179966517857142,0.0,0.5473772321428572,0.168701171875,0.14674590362494538,0.22712053571428573,0.4140625,sklearn_digits_hidden_completion,31,467,7,1,oracle_true_score,0,0.5179966517857142
2,near_valid,-0.23983058645614433,0.9873492677888323,1.0,0.555387699723606,0.004427756273908694,0.07097703189298389,0.22583969504479237,0.1915147484166379,sklearn_digits_hidden_completion,31,467,7,4,min_energy,2,-0.23983058645614433
1,random_digit,-0.19821502975319655,0.8235212053571428,1.0,0.5523995535714286,0.061767578125,0.0954436384363979,0.22749255952380953,0.359375,sklearn_digits_hidden_completion,31,467,7,4,random_selector,1,1.0
2,near_valid,-0.23983058645614433,0.9873492677888323,1.0,0.555387699723606,0.004427756273908694,0.07097703189298389,0.22583969504479237,0.1915147484166379,sklearn_digits_hidden_completion,31,467,7,4,calibrated_clipped,2,-0.20991187625455882
2,near_valid,-0.23983058645614433,0.9873492677888323,1.0,0.555387699723606,0.004427756273908694,0.07097703189298389,0.22583969504479237,0.1915147484166379,sklearn_digits_hidden_completion,31,467,7,4,oracle_true_score,2,0.9873492677888323
14,shortcut,-0.37687518828863936,0.49702191119813954,0.0,0.6892766377699348,0.17604233108065115,0.1849248487214908,0.09478940730277734,0.2548157313899302,sklearn_digits_hidden_completion,31,467,7,16,min_energy,14,-0.37687518828863936
2,near_valid,-0.23983058645614433,0.9873492677888323,1.0,0.555387699723606,0.004427756273908694,0.07097703189298389,0.22583969504479237,0.1915147484166379,sklearn_digits_hidden_completion,31,467,7,16,random_selector,2,2.0
11,near_valid,-0.23801735749398456,0.9791807467253384,1.0,0.5493801769052536,0.007286738646131552,0.07033003973472889,0.23143531422327684,0.16331172207603778,sklearn_digits_hidden_completion,31,467,7,16,calibrated_clipped,11,-0.23556083883552678
2,near_valid,-0.23983058645614433,0.9873492677888323,1.0,0.555387699723606,0.004427756273908694,0.07097703189298389,0.22583969504479237,0.1915147484166379,sklearn_digits_hidden_completion,31,467,7,16,oracle_true_score,2,0.9873492677888323
17,shortcut,-0.6675099213083404,0.6829718029359666,0.0,1.0,0.11095986897241167,0.12887854849073713,0.0,0.28357184496756066,sklearn_digits_hidden_completion,31,467,7,64,min_energy,17,-0.6675099213083404
54,near_valid,-0.10657687301045823,0.8750237544218439,1.0,0.4694529215068666,0.04374168595235464,0.12957025022633364,0.34948008971155187,0.13692359366535733,sklearn_digits_hidden_completion,31,467,7,64,random_selector,54,54.0
57,near_valid,-0.25054668064725893,0.9869360100830424,1.0,0.5609845568400119,0.004572396470935161,0.08525484421770112,0.21819398097305825,0.16567039302013886,sklearn_digits_hidden_completion,31,467,7,64,calibrated_clipped,57,-0.23726905228373477
19,near_valid,-0.23390282596238804,0.9921179070102343,1.0,0.5504506287487965,0.002758732546417999,0.08935680267966917,0.23276822372421707,0.16520631007478034,sklearn_digits_hidden_completion,31,467,7,64,oracle_true_score,19,0.9921179070102343
17,shortcut,-0.6675099213083404,0.6829718029359666,0.0,1.0,0.11095986897241167,0.12887854849073713,0.0,0.28357184496756066,sklearn_digits_hidden_completion,31,467,7,128,min_energy,17,-0.6675099213083404
111,near_valid,-0.19004020556454304,0.9824164043805911,1.0,0.5235973103050464,0.006154258466793123,0.09017861242450763,0.2706327321811647,0.17887025989849842,sklearn_digits_hidden_completion,31,467,7,128,random_selector,111,111.0
78,near_valid,-0.2520780129071155,0.983726887659642,1.0,0.5572341287342031,0.005695589319125291,0.07779896321532642,0.22146232160989696,0.14241757057514073,sklearn_digits_hidden_completion,31,467,7,128,calibrated_clipped,78,-0.24171437192529105
124,near_valid,-0.24017494021233302,0.994659089999101,1.0,0.552446314464556,0.0018693185003146344,0.07870348527865909,0.2297220030624436,0.16035998448004124,sklearn_digits_hidden_completion,31,467,7,128,oracle_true_score,124,0.994659089999101
0,near_valid,-0.18329614026925317,0.9860512034427376,1.0,0.5112609910026675,0.004882078795041841,0.05780173046936517,0.28177693785494595,0.1680597053432708,sklearn_digits_hidden_completion,32,482,8,1,min_energy,0,-0.18329614026925317
0,near_valid,-0.18329614026925317,0.9860512034427376,1.0,0.5112609910026675,0.004882078795041841,0.05780173046936517,0.28177693785494595,0.1680597053432708,sklearn_digits_hidden_completion,32,482,8,1,random_selector,0,0.0
0,near_valid,-0.18329614026925317,0.9860512034427376,1.0,0.5112609910026675,0.004882078795041841,0.05780173046936517,0.28177693785494595,0.1680597053432708,sklearn_digits_hidden_completion,32,482,8,1,calibrated_clipped,0,-0.18329614026925317
0,near_valid,-0.18329614026925317,0.9860512034427376,1.0,0.5112609910026675,0.004882078795041841,0.05780173046936517,0.28177693785494595,0.1680597053432708,sklearn_digits_hidden_completion,32,482,8,1,oracle_true_score,0,0.9860512034427376
0,near_valid,-0.18329614026925317,0.9860512034427376,1.0,0.5112609910026675,0.004882078795041841,0.05780173046936517,0.28177693785494595,0.1680597053432708,sklearn_digits_hidden_completion,32,482,8,4,min_energy,0,-0.18329614026925317
1,near_valid,-0.15728312113629067,0.9330393884382883,1.0,0.49111939134025395,0.023436214046599117,0.05820078638302559,0.29185409287631736,0.19448257005160072,sklearn_digits_hidden_completion,32,482,8,4,random_selector,1,1.0
0,near_valid,-0.18329614026925317,0.9860512034427376,1.0,0.5112609910026675,0.004882078795041841,0.05780173046936517,0.28177693785494595,0.1680597053432708,sklearn_digits_hidden_completion,32,482,8,4,calibrated_clipped,0,-0.1699148905947921
0,near_valid,-0.18329614026925317,0.9860512034427376,1.0,0.5112609910026675,0.004882078795041841,0.05780173046936517,0.28177693785494595,0.1680597053432708,sklearn_digits_hidden_completion,32,482,8,4,oracle_true_score,0,0.9860512034427376
13,shortcut,-0.6571793043156859,0.6343536322018287,0.0,1.0,0.12797622872935993,0.13597847842157024,0.0,0.328125,sklearn_digits_hidden_completion,32,482,8,16,min_energy,13,-0.6571793043156859
15,near_valid,-0.1998969718517233,0.9890690718173247,1.0,0.5167027615953854,0.003825824863936347,0.05204872257486909,0.2754735099369284,0.12854962182265664,sklearn_digits_hidden_completion,32,482,8,16,random_selector,15,15.0
15,near_valid,-0.1998969718517233,0.9890690718173247,1.0,0.5167027615953854,0.003825824863936347,0.05204872257486909,0.2754735099369284,0.12854962182265664,sklearn_digits_hidden_completion,32,482,8,16,calibrated_clipped,15,-0.19602721165724007
10,near_valid,-0.20168780440190434,0.9927548623235943,1.0,0.5193605400237761,0.0025357981867419645,0.056659321805419424,0.27084050974124807,0.13769227948578688,sklearn_digits_hidden_completion,32,482,8,16,oracle_true_score,10,0.9927548623235943
13,shortcut,-0.6571793043156859,0.6343536322018287,0.0,1.0,0.12797622872935993,0.13597847842157024,0.0,0.328125,sklearn_digits_hidden_completion,32,482,8,64,min_energy,13,-0.6571793043156859
48,near_valid,-0.17696023208743317,0.9665739929112109,1.0,0.5020575174780726,0.011699102481076175,0.06148840491463607,0.2936681084908133,0.1288388268412336,sklearn_digits_hidden_completion,32,482,8,64,random_selector,48,48.0
6,near_valid,-0.23915846409988537,0.9325901975483281,1.0,0.5398809619030265,0.023593430858085185,0.04452594628142607,0.24065853852527558,0.12242435941098845,sklearn_digits_hidden_completion,32,482,8,64,calibrated_clipped,6,-0.2190880395752918
10,near_valid,-0.20168780440190434,0.9927548623235943,1.0,0.5193605400237761,0.0025357981867419645,0.056659321805419424,0.27084050974124807,0.13769227948578688,sklearn_digits_hidden_completion,32,482,8,64,oracle_true_score,10,0.9927548623235943
13,shortcut,-0.6571793043156859,0.6343536322018287,0.0,1.0,0.12797622872935993,0.13597847842157024,0.0,0.328125,sklearn_digits_hidden_completion,32,482,8,128,min_energy,13,-0.6571793043156859
89,near_valid,-0.20538424276672987,0.9856835255954272,1.0,0.5258149539612886,0.0050107660416004954,0.04828886761485024,0.2655842150125902,0.16623940462170966,sklearn_digits_hidden_completion,32,482,8,128,random_selector,89,89.0
74,near_valid,-0.24354516857178699,0.954610625233409,1.0,0.5394789772108988,0.015886281168306846,0.03859068765346439,0.24064809118087932,0.10494738328105283,sklearn_digits_hidden_completion,32,482,8,128,calibrated_clipped,74,-0.22313391939641122
110,near_valid,-0.19089013713339223,0.9963565401939537,1.0,0.5122534144047652,0.0012752109321162233,0.05279479667424019,0.27931098379351355,0.14559961624450604,sklearn_digits_hidden_completion,32,482,8,128,oracle_true_score,110,0.9963565401939537
0,near_valid,-0.22005234239192123,0.9898291741423824,1.0,0.5432715660403054,0.003559789050166192,0.027797441148261527,0.24430269662811385,0.23737680381596438,sklearn_digits_hidden_completion,33,497,4,1,min_energy,0,-0.22005234239192123
0,near_valid,-0.22005234239192123,0.9898291741423824,1.0,0.5432715660403054,0.003559789050166192,0.027797441148261527,0.24430269662811385,0.23737680381596438,sklearn_digits_hidden_completion,33,497,4,1,random_selector,0,0.0
0,near_valid,-0.22005234239192123,0.9898291741423824,1.0,0.5432715660403054,0.003559789050166192,0.027797441148261527,0.24430269662811385,0.23737680381596438,sklearn_digits_hidden_completion,33,497,4,1,calibrated_clipped,0,-0.22005234239192123
0,near_valid,-0.22005234239192123,0.9898291741423824,1.0,0.5432715660403054,0.003559789050166192,0.027797441148261527,0.24430269662811385,0.23737680381596438,sklearn_digits_hidden_completion,33,497,4,1,oracle_true_score,0,0.9898291741423824
3,near_valid,-0.22721750717754818,0.9825525111553135,1.0,0.5469840154461022,0.0061066210956402895,0.030872985029925328,0.23697771375764823,0.23254082417168404,sklearn_digits_hidden_completion,33,497,4,4,min_energy,3,-0.22721750717754818
2,class_neighbor,-0.21933155966313986,0.8448011400929318,1.0,0.532978538682498,0.05431960096747383,0.024634024868108374,0.2522731744773187,0.1836264670629334,sklearn_digits_hidden_completion,33,497,4,4,random_selector,2,2.0
2,class_neighbor,-0.21933155966313986,0.8448011400929318,1.0,0.532978538682498,0.05431960096747383,0.024634024868108374,0.2522731744773187,0.1836264670629334,sklearn_digits_hidden_completion,33,497,4,4,calibrated_clipped,2,-0.21933155966313986
0,near_valid,-0.22005234239192123,0.9898291741423824,1.0,0.5432715660403054,0.003559789050166192,0.027797441148261527,0.24430269662811385,0.23737680381596438,sklearn_digits_hidden_completion,33,497,4,4,oracle_true_score,0,0.9898291741423824
10,shortcut,-0.41352166791845046,0.7284684003780921,0.0,0.6557279700989089,0.09503605986766772,0.058036489315465234,0.08854405980218227,0.08983889450718957,sklearn_digits_hidden_completion,33,497,4,16,min_energy,10,-0.41352166791845046
13,near_valid,-0.21817856017364928,0.9754886191559758,1.0,0.5493060896964022,0.008578983295408448,0.03533596649878645,0.2352938768667328,0.2866109076109599,sklearn_digits_hidden_completion,33,497,4,16,random_selector,13,13.0
9,near_valid,-0.2287388635483171,0.9827013195342793,1.0,0.5447580563462364,0.006054538163002249,0.02626747305880551,0.24649743709064162,0.195012968498731,sklearn_digits_hidden_completion,33,497,4,16,calibrated_clipped,9,-0.22572469064335074
5,near_valid,-0.24356274539552114,0.9926322936685092,1.0,0.5505938950629344,0.0025786972160217686,0.028271869450257912,0.23765236171194964,0.16509751535027892,sklearn_digits_hidden_completion,33,497,4,16,oracle_true_score,5,0.9926322936685092
38,shortcut,-0.6559179199907069,0.421824403921239,0.0,1.0,0.20236145862756633,0.1657229000464653,0.0,0.3046875,sklearn_digits_hidden_completion,33,497,4,64,min_energy,38,-0.6559179199907069
1,class_neighbor,-0.18844154278672864,0.8491890147788396,1.0,0.5279971932237493,0.05278384482740616,0.06879201598954533,0.2611291330677807,0.25088462872947415,sklearn_digits_hidden_completion,33,497,4,64,random_selector,1,1.0
39,near_valid,-0.23813068420816574,0.9319133175621743,1.0,0.5445711262067879,0.023830338853238982,0.03935724308896744,0.24014705871863928,0.15172664766940042,sklearn_digits_hidden_completion,33,497,4,64,calibrated_clipped,39,-0.23742200030582314
58,near_valid,-0.24573205663573988,0.9945817596681884,1.0,0.5541106772864721,0.0018963841161340456,0.026143150575285486,0.22783451688472917,0.19656668463728022,sklearn_digits_hidden_completion,33,497,4,64,oracle_true_score,58,0.9945817596681884
38,shortcut,-0.6559179199907069,0.421824403921239,0.0,1.0,0.20236145862756633,0.1657229000464653,0.0,0.3046875,sklearn_digits_hidden_completion,33,497,4,128,min_energy,38,-0.6559179199907069
82,near_valid,-0.20634840631559123,0.986373846337776,1.0,0.5346962447632665,0.0047691537817783946,0.027299503876157934,0.2560222134083332,0.24200829553521902,sklearn_digits_hidden_completion,33,497,4,128,random_selector,82,82.0
39,near_valid,-0.23813068420816574,0.9319133175621743,1.0,0.5445711262067879,0.023830338853238982,0.03935724308896744,0.24014705871863928,0.15172664766940042,sklearn_digits_hidden_completion,33,497,4,128,calibrated_clipped,39,-0.23698542234693923
123,near_valid,-0.2426056243484194,0.9966336186659842,1.0,0.5562214778740301,0.0011782334669055226,0.024834295522334498,0.23137764469494382,0.21167960185208598,sklearn_digits_hidden_completion,33,497,4,128,oracle_true_score,123,0.9966336186659842
0,class_neighbor,-0.15996293681345206,0.818185966403876,1.0,0.49633406332584007,0.06363491175864339,0.027974533000338454,0.32766887984566995,0.132374100828709,sklearn_digits_hidden_completion,34,512,0,1,min_energy,0,-0.15996293681345206
0,class_neighbor,-0.15996293681345206,0.818185966403876,1.0,0.49633406332584007,0.06363491175864339,0.027974533000338454,0.32766887984566995,0.132374100828709,sklearn_digits_hidden_completion,34,512,0,1,random_selector,0,0.0
0,class_neighbor,-0.15996293681345206,0.818185966403876,1.0,0.49633406332584007,0.06363491175864339,0.027974533000338454,0.32766887984566995,0.132374100828709,sklearn_digits_hidden_completion,34,512,0,1,calibrated_clipped,0,-0.15996293681345206
0,class_neighbor,-0.15996293681345206,0.818185966403876,1.0,0.49633406332584007,0.06363491175864339,0.027974533000338454,0.32766887984566995,0.132374100828709,sklearn_digits_hidden_completion,34,512,0,1,oracle_true_score,0,0.818185966403876
3,class_neighbor,-0.2380603044440417,0.8670862784007908,1.0,0.5383907146940397,0.04651980255972321,0.03150641851295529,0.2585321279193116,0.08619388759137792,sklearn_digits_hidden_completion,34,512,0,4,min_energy,3,-0.2380603044440417
0,class_neighbor,-0.15996293681345206,0.818185966403876,1.0,0.49633406332584007,0.06363491175864339,0.027974533000338454,0.32766887984566995,0.132374100828709,sklearn_digits_hidden_completion,34,512,0,4,random_selector,0,0.0
3,class_neighbor,-0.2380603044440417,0.8670862784007908,1.0,0.5383907146940397,0.04651980255972321,0.03150641851295529,0.2585321279193116,0.08619388759137792,sklearn_digits_hidden_completion,34,512,0,4,calibrated_clipped,3,-0.18889834104386657
1,near_valid,-0.17393297581784783,0.9788720506319527,1.0,0.49047060818614874,0.007394782278816558,0.022620944281555862,0.30903988720026515,0.09711926752653352,sklearn_digits_hidden_completion,34,512,0,4,oracle_true_score,1,0.9788720506319527
5,shortcut,-0.4669321833644325,0.5904484563035199,0.0,0.7933333784677377,0.143343040293768,0.1617981852717783,0.06304581163036563,0.30516508517656993,sklearn_digits_hidden_completion,34,512,0,16,min_energy,5,-0.4669321833644325
11,class_neighbor,-0.20087004244764117,0.9229128232803211,1.0,0.5087384550487124,0.02698051185188761,0.012911561523312493,0.2897064610049894,0.09381466490743215,sklearn_digits_hidden_completion,34,512,0,16,random_selector,11,11.0
4,near_valid,-0.2347721188155496,0.9746059447638744,1.0,0.5223372111683131,0.008887919332643969,0.0163998683236039,0.27067329603341217,0.024152515387938722,sklearn_digits_hidden_completion,34,512,0,16,calibrated_clipped,4,-0.23068429211631533
10,near_valid,-0.21497581058708037,0.989921142501523,1.0,0.516850341715885,0.0035276001244669807,0.01216199822640217,0.27732740659228594,0.0884973621439781,sklearn_digits_hidden_completion,34,512,0,16,oracle_true_score,10,0.989921142501523
39,shortcut,-0.668704412259827,0.6125819798144743,0.0,1.0,0.13559630706493397,0.15647793870086507,0.0,0.25,sklearn_digits_hidden_completion,34,512,0,64,min_energy,39,-0.668704412259827
36,class_neighbor,-0.2351449676463245,0.9265329962060214,1.0,0.5370920172910687,0.025713451327892503,0.010923177597034943,0.26315627822329773,0.10376728389878136,sklearn_digits_hidden_completion,34,512,0,64,random_selector,36,36.0
4,near_valid,-0.2347721188155496,0.9746059447638744,1.0,0.5223372111683131,0.008887919332643969,0.0163998683236039,0.27067329603341217,0.024152515387938722,sklearn_digits_hidden_completion,34,512,0,64,calibrated_clipped,4,-0.2328869154465546
40,near_valid,-0.21200273194719726,0.9902576269265606,1.0,0.5149900471767529,0.0034098305757038036,0.018836138905379832,0.2803042911106074,0.08152607771728704,sklearn_digits_hidden_completion,34,512,0,64,oracle_true_score,40,0.9902576269265606
126,shortcut,-0.6697757732532369,0.6252475926305949,0.0,1.0,0.13116334257929177,0.15112113373381542,0.0,0.25,sklearn_digits_hidden_completion,34,512,0,128,min_energy,126,-0.6697757732532369
92,near_valid,-0.20394304594941673,0.977050119745814,1.0,0.5125808921054964,0.008032458088965093,0.019113026514748905,0.2822565356848674,0.10714461600039349,sklearn_digits_hidden_completion,34,512,0,128,random_selector,92,92.0
4,near_valid,-0.2347721188155496,0.9746059447638744,1.0,0.5223372111683131,0.008887919332643969,0.0163998683236039,0.27067329603341217,0.024152515387938722,sklearn_digits_hidden_completion,34,512,0,128,calibrated_clipped,4,-0.23172795254043804
115,near_valid,-0.23348558933334318,0.993261832629838,1.0,0.5259982304904693,0.002358358579556706,0.014712855686135458,0.2646325822619059,0.06261296076616743,sklearn_digits_hidden_completion,34,512,0,128,oracle_true_score,115,0.993261832629838
0,near_valid,-0.24630104455546334,0.9831033974018997,1.0,0.5460006335590727,0.005913810909335106,0.07718291476313796,0.2236860214463061,0.12367767932872621,sklearn_digits_hidden_completion,35,527,1,1,min_energy,0,-0.24630104455546334
0,near_valid,-0.24630104455546334,0.9831033974018997,1.0,0.5460006335590727,0.005913810909335106,0.07718291476313796,0.2236860214463061,0.12367767932872621,sklearn_digits_hidden_completion,35,527,1,1,random_selector,0,0.0
0,near_valid,-0.24630104455546334,0.9831033974018997,1.0,0.5460006335590727,0.005913810909335106,0.07718291476313796,0.2236860214463061,0.12367767932872621,sklearn_digits_hidden_completion,35,527,1,1,calibrated_clipped,0,-0.24630104455546334
0,near_valid,-0.24630104455546334,0.9831033974018997,1.0,0.5460006335590727,0.005913810909335106,0.07718291476313796,0.2236860214463061,0.12367767932872621,sklearn_digits_hidden_completion,35,527,1,1,oracle_true_score,0,0.9831033974018997
2,shortcut,-0.6806776901185301,0.39267439934192794,0.0,1.0,0.21256396023032523,0.1371612688241179,0.0,0.20945028058323178,sklearn_digits_hidden_completion,35,527,1,4,min_energy,2,-0.6806776901185301
0,near_valid,-0.24630104455546334,0.9831033974018997,1.0,0.5460006335590727,0.005913810909335106,0.07718291476313796,0.2236860214463061,0.12367767932872621,sklearn_digits_hidden_completion,35,527,1,4,random_selector,0,0.0
1,near_valid,-0.25910946492758646,0.9661754404946709,1.0,0.546385336594581,0.011838595826865216,0.07645960179498772,0.2205701626766436,0.07037013843598869,sklearn_digits_hidden_completion,35,527,1,4,calibrated_clipped,1,-0.2589363485616077
3,near_valid,-0.23758191666473233,0.9923423918793272,1.0,0.5358120563450801,0.0026801628422354843,0.08061659967721198,0.23277928106509485,0.10062600536416594,sklearn_digits_hidden_completion,35,527,1,4,oracle_true_score,3,0.9923423918793272
6,shortcut,-0.681258730175432,0.4184280393260893,0.0,1.0,0.20355018623586874,0.1294117965779074,0.0,0.21429455254493207,sklearn_digits_hidden_completion,35,527,1,16,min_energy,6,-0.681258730175432
4,shortcut,-0.6793752580094252,0.34497439789522943,0.0,1.0,0.22925896073666968,0.15174870986144734,0.0,0.20137500009142675,sklearn_digits_hidden_completion,35,527,1,16,random_selector,4,4.0
9,random_digit,-0.33894013683274715,0.6261160714285714,0.0,0.6109375,0.130859375,0.04292952416959757,0.16145833333333334,0.109375,sklearn_digits_hidden_completion,35,527,1,16,calibrated_clipped,9,-0.31587400198761734
3,near_valid,-0.23758191666473233,0.9923423918793272,1.0,0.5358120563450801,0.0026801628422354843,0.08061659967721198,0.23277928106509485,0.10062600536416594,sklearn_digits_hidden_completion,35,527,1,16,oracle_true_score,3,0.9923423918793272
6,shortcut,-0.681258730175432,0.4184280393260893,0.0,1.0,0.20355018623586874,0.1294117965779074,0.0,0.21429455254493207,sklearn_digits_hidden_completion,35,527,1,64,min_energy,6,-0.681258730175432
24,near_valid,-0.19750890288725648,0.9230650004585619,1.0,0.5120732574254702,0.026927249839503325,0.09618583088108726,0.2646851908320864,0.10866009523990561,sklearn_digits_hidden_completion,35,527,1,64,random_selector,24,24.0
54,class_neighbor,-0.32853132137629215,0.5631326747230663,0.0,0.5974986823717849,0.15290356384692677,0.04535559038467956,0.17438776293644362,0.07304151355283311,sklearn_digits_hidden_completion,35,527,1,64,calibrated_clipped,54,-0.28234851825165297
61,near_valid,-0.2413710643304605,0.9923498907931486,1.0,0.5395070566750191,0.0026775382223979726,0.07997277812471001,0.2292294784664783,0.1059422969714938,sklearn_digits_hidden_completion,35,527,1,64,oracle_true_score,61,0.9923498907931486
6,shortcut,-0.681258730175432,0.4184280393260893,0.0,1.0,0.20355018623586874,0.1294117965779074,0.0,0.21429455254493207,sklearn_digits_hidden_completion,35,527,1,128,min_energy,6,-0.681258730175432
77,random_digit,-0.07776126850055848,0.2225864955357142,0.0,0.49921875,0.2720947265625,0.1570920949972075,0.3203125,0.4453125,sklearn_digits_hidden_completion,35,527,1,128,random_selector,77,77.0
54,class_neighbor,-0.32853132137629215,0.5631326747230663,0.0,0.5974986823717849,0.15290356384692677,0.04535559038467956,0.17438776293644362,0.07304151355283311,sklearn_digits_hidden_completion,35,527,1,128,calibrated_clipped,54,-0.26809227341248654
110,near_valid,-0.23978384420794432,0.9947913345630218,1.0,0.5387865282916611,0.0018230329029423717,0.07979068145913841,0.23004705750083085,0.10911017046758414,sklearn_digits_hidden_completion,35,527,1,128,oracle_true_score,110,0.9947913345630218
0,random_digit,-0.19445028259429464,0.3959263392857143,0.0,0.5486607142857143,0.21142578125,0.15442269417138393,0.22767857142857142,0.3046875,sklearn_digits_hidden_completion,36,543,7,1,min_energy,0,-0.19445028259429464
0,random_digit,-0.19445028259429464,0.3959263392857143,0.0,0.5486607142857143,0.21142578125,0.15442269417138393,0.22767857142857142,0.3046875,sklearn_digits_hidden_completion,36,543,7,1,random_selector,0,0.0
0,random_digit,-0.19445028259429464,0.3959263392857143,0.0,0.5486607142857143,0.21142578125,0.15442269417138393,0.22767857142857142,0.3046875,sklearn_digits_hidden_completion,36,543,7,1,calibrated_clipped,0,-0.19445028259429464
0,random_digit,-0.19445028259429464,0.3959263392857143,0.0,0.5486607142857143,0.21142578125,0.15442269417138393,0.22767857142857142,0.3046875,sklearn_digits_hidden_completion,36,543,7,1,oracle_true_score,0,0.3959263392857143
1,near_valid,-0.2565567090645672,0.9924970479920731,1.0,0.5571515724123659,0.0026260332027744134,0.03767842124208873,0.22082238790600558,0.16159486323993222,sklearn_digits_hidden_completion,36,543,7,4,min_energy,1,-0.2565567090645672
3,class_neighbor,-0.23109642913084275,0.5367385897414487,0.0,0.5626616489223095,0.16214149359049296,0.05996606828554066,0.20789593236110482,0.32281915552586815,sklearn_digits_hidden_completion,36,543,7,4,random_selector,3,3.0
1,near_valid,-0.2565567090645672,0.9924970479920731,1.0,0.5571515724123659,0.0026260332027744134,0.03767842124208873,0.22082238790600558,0.16159486323993222,sklearn_digits_hidden_completion,36,543,7,4,calibrated_clipped,1,-0.25186996689392777
1,near_valid,-0.2565567090645672,0.9924970479920731,1.0,0.5571515724123659,0.0026260332027744134,0.03767842124208873,0.22082238790600558,0.16159486323993222,sklearn_digits_hidden_completion,36,543,7,4,oracle_true_score,1,0.9924970479920731
7,shortcut,-0.6615496091845656,0.5470733919612127,0.0,1.0,0.15852431281357554,0.1173576941446478,0.0,0.3248942599325242,sklearn_digits_hidden_completion,36,543,7,16,min_energy,7,-0.6615496091845656
7,shortcut,-0.6615496091845656,0.5470733919612127,0.0,1.0,0.15852431281357554,0.1173576941446478,0.0,0.3248942599325242,sklearn_digits_hidden_completion,36,543,7,16,random_selector,7,7.0
1,near_valid,-0.2565567090645672,0.9924970479920731,1.0,0.5571515724123659,0.0026260332027744134,0.03767842124208873,0.22082238790600558,0.16159486323993222,sklearn_digits_hidden_completion,36,543,7,16,calibrated_clipped,1,-0.2513802182861865
1,near_valid,-0.2565567090645672,0.9924970479920731,1.0,0.5571515724123659,0.0026260332027744134,0.03767842124208873,0.22082238790600558,0.16159486323993222,sklearn_digits_hidden_completion,36,543,7,16,oracle_true_score,1,0.9924970479920731
20,shortcut,-0.6627095618540674,0.5561081766648399,0.0,1.0,0.15536213816730604,0.11427058149840458,0.0,0.3221816092312584,sklearn_digits_hidden_completion,36,543,7,64,min_energy,20,-0.6627095618540674
10,shortcut,-0.6476492797414907,0.42253551313572035,0.0,1.0,0.20211257040249786,0.16020849374707358,0.0,0.3515451075454731,sklearn_digits_hidden_completion,36,543,7,64,random_selector,10,10.0
25,class_neighbor,-0.2848461542155005,0.9243513187138962,1.0,0.5646869406639199,0.026477038450136315,0.03607638579799921,0.21046578358055876,0.07848796576766087,sklearn_digits_hidden_completion,36,543,7,64,calibrated_clipped,25,-0.2584451078509236
33,near_valid,-0.2509194225132845,0.9929046508301548,1.0,0.5531884657654942,0.0024833722094458133,0.0436951796045625,0.22571292922115915,0.1554538990914306,sklearn_digits_hidden_completion,36,543,7,64,oracle_true_score,33,0.9929046508301548
20,shortcut,-0.6627095618540674,0.5561081766648399,0.0,1.0,0.15536213816730604,0.11427058149840458,0.0,0.3221816092312584,sklearn_digits_hidden_completion,36,543,7,128,min_energy,20,-0.6627095618540674
5,random_digit,-0.1592483284820806,0.59716796875,0.0,0.5200334821428572,0.1409912109375,0.10287015074435878,0.27139136904761907,0.3046875,sklearn_digits_hidden_completion,36,543,7,128,random_selector,5,5.0
120,near_valid,-0.2639237892208225,0.986895400606667,1.0,0.5547434999816315,0.004586609787666552,0.03969462921715138,0.22412262350550616,0.10463733496971236,sklearn_digits_hidden_completion,36,543,7,128,calibrated_clipped,120,-0.2602020558910119
83,near_valid,-0.24785726837331798,0.9938243545245302,1.0,0.5565851505340935,0.002161475916414407,0.043331564794081394,0.22415188319446122,0.18815872905741104,sklearn_digits_hidden_completion,36,543,7,128,oracle_true_score,83,0.9938243545245302
0,near_valid,-0.1829741368866681,0.8718946885514263,1.0,0.5143137731395412,0.044836859007000796,0.08509495225134676,0.26073370077982727,0.21169333544406685,sklearn_digits_hidden_completion,37,558,1,1,min_energy,0,-0.1829741368866681
0,near_valid,-0.1829741368866681,0.8718946885514263,1.0,0.5143137731395412,0.044836859007000796,0.08509495225134676,0.26073370077982727,0.21169333544406685,sklearn_digits_hidden_completion,37,558,1,1,random_selector,0,0.0
0,near_valid,-0.1829741368866681,0.8718946885514263,1.0,0.5143137731395412,0.044836859007000796,0.08509495225134676,0.26073370077982727,0.21169333544406685,sklearn_digits_hidden_completion,37,558,1,1,calibrated_clipped,0,-0.1829741368866681
0,near_valid,-0.1829741368866681,0.8718946885514263,1.0,0.5143137731395412,0.044836859007000796,0.08509495225134676,0.26073370077982727,0.21169333544406685,sklearn_digits_hidden_completion,37,558,1,1,oracle_true_score,0,0.8718946885514263
3,shortcut,-0.6601272883959072,0.19386896270821163,0.0,1.0,0.2821458630521259,0.15678849531132522,0.0,0.29257506270913897,sklearn_digits_hidden_completion,37,558,1,4,min_energy,3,-0.6601272883959072
2,near_valid,-0.25647017301052766,0.9504119109151652,1.0,0.5462705704709604,0.017355831179692176,0.06008301852692086,0.23053054589756208,0.07212175446824622,sklearn_digits_hidden_completion,37,558,1,4,random_selector,2,2.0
1,shortcut,-0.3827507954589386,0.11932191366609979,0.0,0.7233561805258977,0.30823733021686506,0.187962789973584,0.08439308680790722,0.37878792098209446,sklearn_digits_hidden_completion,37,558,1,4,calibrated_clipped,1,-0.30306227093421684
2,near_valid,-0.25647017301052766,0.9504119109151652,1.0,0.5462705704709604,0.017355831179692176,0.06008301852692086,0.23053054589756208,0.07212175446824622,sklearn_digits_hidden_completion,37,558,1,4,oracle_true_score,2,0.9504119109151652
10,shortcut,-0.6610803090108908,0.23264994919969662,0.0,1.0,0.26857251778010616,0.14693115453977035,0.0,0.297667300405776,sklearn_digits_hidden_completion,37,558,1,16,min_energy,10,-0.6610803090108908
7,class_neighbor,-0.29896321214947685,0.4805322507155233,0.0,0.5917811691566075,0.18181371224956683,0.06563426846592048,0.18238791868968937,0.1571622787273278,sklearn_digits_hidden_completion,37,558,1,16,random_selector,7,7.0
4,class_neighbor,-0.32885404901512166,0.4603023043992104,0.0,0.5955896741398707,0.18889419346027636,0.06982715594553766,0.17682234525262952,0.03310242755863804,sklearn_digits_hidden_completion,37,558,1,16,calibrated_clipped,4,-0.28664733114402735
6,near_valid,-0.24027564164538506,0.9906300705164173,1.0,0.5351964296884462,0.003279475319253946,0.0836124163536539,0.23857510489584377,0.06591444828752346,sklearn_digits_hidden_completion,37,558,1,16,oracle_true_score,6,0.9906300705164173
10,shortcut,-0.6610803090108908,0.23264994919969662,0.0,1.0,0.26857251778010616,0.14693115453977035,0.0,0.297667300405776,sklearn_digits_hidden_completion,37,558,1,64,min_energy,10,-0.6610803090108908
60,near_valid,-0.23354163631344066,0.9826069755368665,1.0,0.5352175126200078,0.006087558562096721,0.07547910370669314,0.2417789078921478,0.09898639034772651,sklearn_digits_hidden_completion,37,558,1,64,random_selector,60,60.0
42,class_neighbor,-0.36623972437412006,0.5684171887273455,0.0,0.6322913723391479,0.1510539839454291,0.04184792554580002,0.12336348384193194,0.1587965182900914,sklearn_digits_hidden_completion,37,558,1,64,calibrated_clipped,42,-0.2850897792547712
6,near_valid,-0.24027564164538506,0.9906300705164173,1.0,0.5351964296884462,0.003279475319253946,0.0836124163536539,0.23857510489584377,0.06591444828752346,sklearn_digits_hidden_completion,37,558,1,64,oracle_true_score,6,0.9906300705164173
10,shortcut,-0.6610803090108908,0.23264994919969662,0.0,1.0,0.26857251778010616,0.14693115453977035,0.0,0.297667300405776,sklearn_digits_hidden_completion,37,558,1,128,min_energy,10,-0.6610803090108908
77,near_valid,-0.2563439713630138,0.9875624998183367,1.0,0.5506688185604589,0.004353125063582165,0.08024858467718195,0.21539346478504867,0.11070759995058622,sklearn_digits_hidden_completion,37,558,1,128,random_selector,77,77.0
81,random_digit,-0.3179826763245054,0.4527762276785714,0.0,0.5911272321428571,0.1915283203125,0.08556559903223493,0.18545386904761907,0.03125,sklearn_digits_hidden_completion,37,558,1,128,calibrated_clipped,81,-0.2697901507275477
120,near_valid,-0.24214038589961115,0.9914449127513912,1.0,0.5338152462133151,0.0029942805370130584,0.08333159112292636,0.23993385288695823,0.04795555723981426,sklearn_digits_hidden_completion,37,558,1,128,oracle_true_score,120,0.9914449127513912
0,near_valid,-0.28986995200876997,0.9777746836777388,1.0,0.5762896807614696,0.0077788607127914095,0.05287709787270246,0.17615688744162256,0.17442800447449647,sklearn_digits_hidden_completion,38,573,2,1,min_energy,0,-0.28986995200876997
0,near_valid,-0.28986995200876997,0.9777746836777388,1.0,0.5762896807614696,0.0077788607127914095,0.05287709787270246,0.17615688744162256,0.17442800447449647,sklearn_digits_hidden_completion,38,573,2,1,random_selector,0,0.0
0,near_valid,-0.28986995200876997,0.9777746836777388,1.0,0.5762896807614696,0.0077788607127914095,0.05287709787270246,0.17615688744162256,0.17442800447449647,sklearn_digits_hidden_completion,38,573,2,1,calibrated_clipped,0,-0.28986995200876997
0,near_valid,-0.28986995200876997,0.9777746836777388,1.0,0.5762896807614696,0.0077788607127914095,0.05287709787270246,0.17615688744162256,0.17442800447449647,sklearn_digits_hidden_completion,38,573,2,1,oracle_true_score,0,0.9777746836777388
2,shortcut,-0.44073863098339494,0.5192138606926318,0.0,0.7412220033101489,0.16827514875757887,0.1343285384199024,0.07894293095048657,0.22446775896234275,sklearn_digits_hidden_completion,38,573,2,4,min_energy,2,-0.44073863098339494
1,shortcut,-0.41991205920255004,0.6807340274565806,0.0,0.7313399227114947,0.11174309039019678,0.12487726320911507,0.08195756286017589,0.29270385308075586,sklearn_digits_hidden_completion,38,573,2,4,random_selector,1,1.0
1,shortcut,-0.41991205920255004,0.6807340274565806,0.0,0.7313399227114947,0.11174309039019678,0.12487726320911507,0.08195756286017589,0.29270385308075586,sklearn_digits_hidden_completion,38,573,2,4,calibrated_clipped,1,-0.3501394503250388
0,near_valid,-0.28986995200876997,0.9777746836777388,1.0,0.5762896807614696,0.0077788607127914095,0.05287709787270246,0.17615688744162256,0.17442800447449647,sklearn_digits_hidden_completion,38,573,2,4,oracle_true_score,0,0.9777746836777388
2,shortcut,-0.44073863098339494,0.5192138606926318,0.0,0.7412220033101489,0.16827514875757887,0.1343285384199024,0.07894293095048657,0.22446775896234275,sklearn_digits_hidden_completion,38,573,2,16,min_energy,2,-0.44073863098339494
4,class_neighbor,-0.20397637755472756,0.868836265527552,1.0,0.524579760435295,0.045907307065356805,0.050168193475317965,0.24782731466283336,0.21559890506060875,sklearn_digits_hidden_completion,38,573,2,16,random_selector,4,4.0
15,near_valid,-0.2874549896069466,0.9805883368126581,1.0,0.5717000720551499,0.00679408211556965,0.044212051595838686,0.19188018652763172,0.13471775762525331,sklearn_digits_hidden_completion,38,573,2,16,calibrated_clipped,15,-0.2768927162306278
12,near_valid,-0.28921654397328594,0.9895160360557084,1.0,0.5802024090531853,0.0036693873805020826,0.04355548142447115,0.18114585293011876,0.18796973710071735,sklearn_digits_hidden_completion,38,573,2,16,oracle_true_score,12,0.9895160360557084
16,shortcut,-0.6619591145201835,0.6405124173357745,0.0,1.0,0.12582065393247893,0.15114192739908258,0.0,0.2890625,sklearn_digits_hidden_completion,38,573,2,64,min_energy,16,-0.6619591145201835
3,near_valid,-0.2639222070718163,0.9765949840308955,1.0,0.5608652851704755,0.008191755589186573,0.05303525127033634,0.20324671382222334,0.1716700697487512,sklearn_digits_hidden_completion,38,573,2,64,random_selector,3,3.0
15,near_valid,-0.2874549896069466,0.9805883368126581,1.0,0.5717000720551499,0.00679408211556965,0.044212051595838686,0.19188018652763172,0.13471775762525331,sklearn_digits_hidden_completion,38,573,2,64,calibrated_clipped,15,-0.2820773673620739
39,near_valid,-0.29617084556918677,0.994797907285874,1.0,0.5802604447171289,0.0018207324499441059,0.04403372879754278,0.1817272464576004,0.15133878328735562,sklearn_digits_hidden_completion,38,573,2,64,oracle_true_score,39,0.994797907285874
16,shortcut,-0.6619591145201835,0.6405124173357745,0.0,1.0,0.12582065393247893,0.15114192739908258,0.0,0.2890625,sklearn_digits_hidden_completion,38,573,2,128,min_energy,16,-0.6619591145201835
101,near_valid,-0.29326294845490336,0.9811958309586439,1.0,0.5799738639856986,0.006581459164474605,0.038679075760629504,0.18003428678008954,0.17481388326597724,sklearn_digits_hidden_completion,38,573,2,128,random_selector,101,101.0
15,near_valid,-0.2874549896069466,0.9805883368126581,1.0,0.5717000720551499,0.00679408211556965,0.044212051595838686,0.19188018652763172,0.13471775762525331,sklearn_digits_hidden_completion,38,573,2,128,calibrated_clipped,15,-0.2824171024024592
39,near_valid,-0.29617084556918677,0.994797907285874,1.0,0.5802604447171289,0.0018207324499441059,0.04403372879754278,0.1817272464576004,0.15133878328735562,sklearn_digits_hidden_completion,38,573,2,128,oracle_true_score,39,0.994797907285874
0,near_valid,-0.2147951220189594,0.9608503160868755,1.0,0.5259353546462484,0.013702389369593572,0.031085783916406054,0.2805429350577909,0.0957031145033036,sklearn_digits_hidden_completion,39,588,0,1,min_energy,0,-0.2147951220189594
0,near_valid,-0.2147951220189594,0.9608503160868755,1.0,0.5259353546462484,0.013702389369593572,0.031085783916406054,0.2805429350577909,0.0957031145033036,sklearn_digits_hidden_completion,39,588,0,1,random_selector,0,0.0
0,near_valid,-0.2147951220189594,0.9608503160868755,1.0,0.5259353546462484,0.013702389369593572,0.031085783916406054,0.2805429350577909,0.0957031145033036,sklearn_digits_hidden_completion,39,588,0,1,calibrated_clipped,0,-0.2147951220189594
0,near_valid,-0.2147951220189594,0.9608503160868755,1.0,0.5259353546462484,0.013702389369593572,0.031085783916406054,0.2805429350577909,0.0957031145033036,sklearn_digits_hidden_completion,39,588,0,1,oracle_true_score,0,0.9608503160868755
2,shortcut,-0.6681928346973878,0.569959375148235,0.0,1.0,0.1505142186981177,0.1434108265130608,0.0,0.265625,sklearn_digits_hidden_completion,39,588,0,4,min_energy,2,-0.6681928346973878
1,class_neighbor,-0.18243958921429693,0.7766349223031189,0.0,0.5133054317645915,0.07817777719390837,0.02470301768740526,0.2893417825220629,0.19230450342265545,sklearn_digits_hidden_completion,39,588,0,4,random_selector,1,1.0
0,near_valid,-0.2147951220189594,0.9608503160868755,1.0,0.5259353546462484,0.013702389369593572,0.031085783916406054,0.2805429350577909,0.0957031145033036,sklearn_digits_hidden_completion,39,588,0,4,calibrated_clipped,0,-0.20939684159614133
0,near_valid,-0.2147951220189594,0.9608503160868755,1.0,0.5259353546462484,0.013702389369593572,0.031085783916406054,0.2805429350577909,0.0957031145033036,sklearn_digits_hidden_completion,39,588,0,4,oracle_true_score,0,0.9608503160868755
2,shortcut,-0.6681928346973878,0.569959375148235,0.0,1.0,0.1505142186981177,0.1434108265130608,0.0,0.265625,sklearn_digits_hidden_completion,39,588,0,16,min_energy,2,-0.6681928346973878
6,near_valid,-0.2145854152505332,0.9848113138359126,1.0,0.5234241723779268,0.005316040157430577,0.03284793120465596,0.2806811317346147,0.08519252668971318,sklearn_digits_hidden_completion,39,588,0,16,random_selector,6,6.0
6,near_valid,-0.2145854152505332,0.9848113138359126,1.0,0.5234241723779268,0.005316040157430577,0.03284793120465596,0.2806811317346147,0.08519252668971318,sklearn_digits_hidden_completion,39,588,0,16,calibrated_clipped,6,-0.2145854152505332
8,near_valid,-0.2032718078822057,0.993044069262072,1.0,0.513335423549528,0.002434575758274802,0.024347370501665182,0.293937161367539,0.0759742346373041,sklearn_digits_hidden_completion,39,588,0,16,oracle_true_score,8,0.993044069262072
2,shortcut,-0.6681928346973878,0.569959375148235,0.0,1.0,0.1505142186981177,0.1434108265130608,0.0,0.265625,sklearn_digits_hidden_completion,39,588,0,64,min_energy,2,-0.6681928346973878
36,near_valid,-0.20658152452216455,0.9935327847794231,1.0,0.5184988888319724,0.002263525327201918,0.02437050026383354,0.29028341268146574,0.08881332537120933,sklearn_digits_hidden_completion,39,588,0,64,random_selector,36,36.0
16,near_valid,-0.23089862550804033,0.9589977931139766,1.0,0.532771734205817,0.014350772410108174,0.04779829924481531,0.2701915054194314,0.05257593658336073,sklearn_digits_hidden_completion,39,588,0,64,calibrated_clipped,16,-0.22482895792812688
33,near_valid,-0.21659356674148916,0.993536153989203,1.0,0.5282237454442091,0.0022623461037789535,0.028107890597152237,0.2772885709059103,0.10721975111993284,sklearn_digits_hidden_completion,39,588,0,64,oracle_true_score,33,0.993536153989203
2,shortcut,-0.6681928346973878,0.569959375148235,0.0,1.0,0.1505142186981177,0.1434108265130608,0.0,0.265625,sklearn_digits_hidden_completion,39,588,0,128,min_energy,2,-0.6681928346973878
47,random_digit,-0.13279716894448473,0.6282087053571428,0.0,0.5106584821428571,0.130126953125,0.12444886509900503,0.2818080357142857,0.3515625,sklearn_digits_hidden_completion,39,588,0,128,random_selector,47,47.0
83,shortcut,-0.42013699242367647,0.7859074171586775,0.0,0.687995173990623,0.07493240399446288,0.06003232026759667,0.06638400553390998,0.2367086048606048,sklearn_digits_hidden_completion,39,588,0,128,calibrated_clipped,83,-0.26732698487774254
95,near_valid,-0.22412865940083454,0.9942342396938157,1.0,0.52937239490777,0.0020180161071644996,0.029006819472093135,0.27504161030287466,0.07913193609496638,sklearn_digits_hidden_completion,39,588,0,128,oracle_true_score,95,0.9942342396938157
0,near_valid,-0.20613213861446059,0.9645927476015326,1.0,0.535676196067463,0.012392538339463615,0.04822123149352679,0.24783478411161755,0.24835815438020814,sklearn_digits_hidden_completion,40,603,4,1,min_energy,0,-0.20613213861446059
0,near_valid,-0.20613213861446059,0.9645927476015326,1.0,0.535676196067463,0.012392538339463615,0.04822123149352679,0.24783478411161755,0.24835815438020814,sklearn_digits_hidden_completion,40,603,4,1,random_selector,0,0.0
0,near_valid,-0.20613213861446059,0.9645927476015326,1.0,0.535676196067463,0.012392538339463615,0.04822123149352679,0.24783478411161755,0.24835815438020814,sklearn_digits_hidden_completion,40,603,4,1,calibrated_clipped,0,-0.20613213861446059
0,near_valid,-0.20613213861446059,0.9645927476015326,1.0,0.535676196067463,0.012392538339463615,0.04822123149352679,0.24783478411161755,0.24835815438020814,sklearn_digits_hidden_completion,40,603,4,1,oracle_true_score,0,0.9645927476015326
2,class_neighbor,-0.266667295533159,0.7058892525488587,0.0,0.5874505258124086,0.10293876160789947,0.1344599381120337,0.1883127883953705,0.21728288793143463,sklearn_digits_hidden_completion,40,603,4,4,min_energy,2,-0.266667295533159
2,class_neighbor,-0.266667295533159,0.7058892525488587,0.0,0.5874505258124086,0.10293876160789947,0.1344599381120337,0.1883127883953705,0.21728288793143463,sklearn_digits_hidden_completion,40,603,4,4,random_selector,2,2.0
0,near_valid,-0.20613213861446059,0.9645927476015326,1.0,0.535676196067463,0.012392538339463615,0.04822123149352679,0.24783478411161755,0.24835815438020814,sklearn_digits_hidden_completion,40,603,4,4,calibrated_clipped,0,-0.20613213861446059
1,near_valid,-0.20473250711992133,0.9787726759142744,1.0,0.5372224776082632,0.007429563430003943,0.04888919906404239,0.24699587891683006,0.2627938893460554,sklearn_digits_hidden_completion,40,603,4,4,oracle_true_score,1,0.9787726759142744
11,shortcut,-0.634871069403615,0.21962611876946447,0.0,1.0,0.2731308584306874,0.22030600598452274,0.0,0.35533864699740175,sklearn_digits_hidden_completion,40,603,4,16,min_energy,11,-0.634871069403615
8,near_valid,-0.2452379660257145,0.9940792767022991,1.0,0.5593413809109231,0.0020722531541953154,0.04124294536727872,0.21837459943105936,0.22956725448469723,sklearn_digits_hidden_completion,40,603,4,16,random_selector,8,8.0
9,near_valid,-0.24347253579093325,0.9753088401300083,1.0,0.5528075794545275,0.0086419059544971,0.034709682286754626,0.22743597179892605,0.19550713926601065,sklearn_digits_hidden_completion,40,603,4,16,calibrated_clipped,9,-0.24047020326767085
8,near_valid,-0.2452379660257145,0.9940792767022991,1.0,0.5593413809109231,0.0020722531541953154,0.04124294536727872,0.21837459943105936,0.22956725448469723,sklearn_digits_hidden_completion,40,603,4,16,oracle_true_score,8,0.9940792767022991
48,shortcut,-0.650304804537415,0.3877947684614579,0.0,1.0,0.21427183103848974,0.16728338742372828,0.0,0.33119258988919653,sklearn_digits_hidden_completion,40,603,4,64,min_energy,48,-0.650304804537415
51,near_valid,-0.23219480082926533,0.9642160149422845,1.0,0.5480283591800276,0.012524394770200446,0.031985668548121904,0.23438421482961785,0.21759008344920566,sklearn_digits_hidden_completion,40,603,4,64,random_selector,51,51.0
61,near_valid,-0.24622138016795359,0.9856209671615265,1.0,0.5538509195656172,0.005032661493465743,0.03207706711484751,0.22189192432912008,0.20355418851136864,sklearn_digits_hidden_completion,40,603,4,64,calibrated_clipped,61,-0.24169732487981785
8,near_valid,-0.2452379660257145,0.9940792767022991,1.0,0.5593413809109231,0.0020722531541953154,0.04124294536727872,0.21837459943105936,0.22956725448469723,sklearn_digits_hidden_completion,40,603,4,64,oracle_true_score,8,0.9940792767022991
48,shortcut,-0.650304804537415,0.3877947684614579,0.0,1.0,0.21427183103848974,0.16728338742372828,0.0,0.33119258988919653,sklearn_digits_hidden_completion,40,603,4,128,min_energy,48,-0.650304804537415
81,random_digit,-0.30969572585710714,0.80712890625,1.0,0.6015625,0.0675048828125,0.10191199571446423,0.171875,0.1328125,sklearn_digits_hidden_completion,40,603,4,128,random_selector,81,81.0
69,random_digit,-0.2645944932456233,0.6473911830357142,0.0,0.5592075892857142,0.1234130859375,0.03172898466474047,0.21595982142857142,0.1484375,sklearn_digits_hidden_completion,40,603,4,128,calibrated_clipped,69,-0.2490992877991653
8,near_valid,-0.2452379660257145,0.9940792767022991,1.0,0.5593413809109231,0.0020722531541953154,0.04124294536727872,0.21837459943105936,0.22956725448469723,sklearn_digits_hidden_completion,40,603,4,128,oracle_true_score,8,0.9940792767022991
0,near_valid,-0.1448395212162653,0.9890197254881166,1.0,0.5166347872207595,0.003843096079159187,0.07370709064283726,0.2725955206693384,0.38983807351300365,sklearn_digits_hidden_completion,41,618,5,1,min_energy,0,-0.1448395212162653
0,near_valid,-0.1448395212162653,0.9890197254881166,1.0,0.5166347872207595,0.003843096079159187,0.07370709064283726,0.2725955206693384,0.38983807351300365,sklearn_digits_hidden_completion,41,618,5,1,random_selector,0,0.0
0,near_valid,-0.1448395212162653,0.9890197254881166,1.0,0.5166347872207595,0.003843096079159187,0.07370709064283726,0.2725955206693384,0.38983807351300365,sklearn_digits_hidden_completion,41,618,5,1,calibrated_clipped,0,-0.1448395212162653
0,near_valid,-0.1448395212162653,0.9890197254881166,1.0,0.5166347872207595,0.003843096079159187,0.07370709064283726,0.2725955206693384,0.38983807351300365,sklearn_digits_hidden_completion,41,618,5,1,oracle_true_score,0,0.9890197254881166
2,class_neighbor,-0.19917975768431861,0.8420994224256458,1.0,0.5526862083723316,0.05526520215102394,0.09310722371259139,0.2143630531491059,0.39406887310201777,sklearn_digits_hidden_completion,41,618,5,4,min_energy,2,-0.19917975768431861
1,near_valid,-0.10159258060690618,0.9883434950815564,1.0,0.49692853957950855,0.004079776721455257,0.09224155556492847,0.2990587171217407,0.44086609273891086,sklearn_digits_hidden_completion,41,618,5,4,random_selector,1,1.0
0,near_valid,-0.1448395212162653,0.9890197254881166,1.0,0.5166347872207595,0.003843096079159187,0.07370709064283726,0.2725955206693384,0.38983807351300365,sklearn_digits_hidden_completion,41,618,5,4,calibrated_clipped,0,-0.13597170977770243
0,near_valid,-0.1448395212162653,0.9890197254881166,1.0,0.5166347872207595,0.003843096079159187,0.07370709064283726,0.2725955206693384,0.38983807351300365,sklearn_digits_hidden_completion,41,618,5,4,oracle_true_score,0,0.9890197254881166
12,shortcut,-0.49567177585253497,0.7636036301030885,0.0,0.7889035276691423,0.08273872946391903,0.02814028435614975,0.04491414304911866,0.32837517175538244,sklearn_digits_hidden_completion,41,618,5,16,min_energy,12,-0.49567177585253497
3,near_valid,-0.10636237555241651,0.9865392670646514,1.0,0.4938360502241362,0.004711256527371995,0.08353226016897584,0.3008787721669254,0.4091244269504076,sklearn_digits_hidden_completion,41,618,5,16,random_selector,3,3.0
13,class_neighbor,-0.24928003151136383,0.792703841154434,0.0,0.5781459411598431,0.07255365559594808,0.02733348824846672,0.18783222090670404,0.37777502605068947,sklearn_digits_hidden_completion,41,618,5,16,calibrated_clipped,13,-0.1894190106672904
8,near_valid,-0.11076818672673794,0.993779538611276,1.0,0.4977644248349116,0.0021771614860534114,0.08620058204876799,0.29641788001374075,0.41142590741067375,sklearn_digits_hidden_completion,41,618,5,16,oracle_true_score,8,0.993779538611276
50,shortcut,-0.6377675973826094,0.64629797108711,0.0,1.0,0.12379571011951149,0.0979985975317073,0.0,0.46316341555524604,sklearn_digits_hidden_completion,41,618,5,64,min_energy,50,-0.6377675973826094
8,near_valid,-0.11076818672673794,0.993779538611276,1.0,0.4977644248349116,0.0021771614860534114,0.08620058204876799,0.29641788001374075,0.41142590741067375,sklearn_digits_hidden_completion,41,618,5,64,random_selector,8,8.0
22,random_digit,-0.20211019686050274,0.6990094866071428,0.0,0.5281808035714286,0.1053466796875,0.04829853206653409,0.26134672619047616,0.203125,sklearn_digits_hidden_completion,41,618,5,64,calibrated_clipped,22,-0.1860441497672728
8,near_valid,-0.11076818672673794,0.993779538611276,1.0,0.4977644248349116,0.0021771614860534114,0.08620058204876799,0.29641788001374075,0.41142590741067375,sklearn_digits_hidden_completion,41,618,5,64,oracle_true_score,8,0.993779538611276
50,shortcut,-0.6377675973826094,0.64629797108711,0.0,1.0,0.12379571011951149,0.0979985975317073,0.0,0.46316341555524604,sklearn_digits_hidden_completion,41,618,5,128,min_energy,50,-0.6377675973826094
13,class_neighbor,-0.24928003151136383,0.792703841154434,0.0,0.5781459411598431,0.07255365559594808,0.02733348824846672,0.18783222090670404,0.37777502605068947,sklearn_digits_hidden_completion,41,618,5,128,random_selector,13,13.0
107,class_neighbor,-0.21215329359461876,0.6186223749001263,0.0,0.5115913427758861,0.13348216878495578,0.037327212105564445,0.27444685913596933,0.0656449927069992,sklearn_digits_hidden_completion,41,618,5,128,calibrated_clipped,107,-0.21215329359461876
8,near_valid,-0.11076818672673794,0.993779538611276,1.0,0.4977644248349116,0.0021771614860534114,0.08620058204876799,0.29641788001374075,0.41142590741067375,sklearn_digits_hidden_completion,41,618,5,128,oracle_true_score,8,0.993779538611276
0,shortcut,-0.4287598752255642,0.5862169573726277,0.0,0.7753984752509087,0.14482406491958028,0.15281248948933823,0.06851704119532234,0.4227105532866115,sklearn_digits_hidden_completion,42,633,5,1,min_energy,0,-0.4287598752255642
0,shortcut,-0.4287598752255642,0.5862169573726277,0.0,0.7753984752509087,0.14482406491958028,0.15281248948933823,0.06851704119532234,0.4227105532866115,sklearn_digits_hidden_completion,42,633,5,1,random_selector,0,0.0
0,shortcut,-0.4287598752255642,0.5862169573726277,0.0,0.7753984752509087,0.14482406491958028,0.15281248948933823,0.06851704119532234,0.4227105532866115,sklearn_digits_hidden_completion,42,633,5,1,calibrated_clipped,0,-0.4287598752255642
0,shortcut,-0.4287598752255642,0.5862169573726277,0.0,0.7753984752509087,0.14482406491958028,0.15281248948933823,0.06851704119532234,0.4227105532866115,sklearn_digits_hidden_completion,42,633,5,1,oracle_true_score,0,0.5862169573726277
2,shortcut,-0.6444618747132936,0.7155071897510479,0.0,1.0,0.09957248358713325,0.09404171855052623,0.0,0.43364890788300575,sklearn_digits_hidden_completion,42,633,5,4,min_energy,2,-0.6444618747132936
0,shortcut,-0.4287598752255642,0.5862169573726277,0.0,0.7753984752509087,0.14482406491958028,0.15281248948933823,0.06851704119532234,0.4227105532866115,sklearn_digits_hidden_completion,42,633,5,4,random_selector,0,0.0
0,shortcut,-0.4287598752255642,0.5862169573726277,0.0,0.7753984752509087,0.14482406491958028,0.15281248948933823,0.06851704119532234,0.4227105532866115,sklearn_digits_hidden_completion,42,633,5,4,calibrated_clipped,0,-0.37154959714456826
3,near_valid,-0.17957520386791911,0.9684222368614224,1.0,0.5083324154965034,0.011052217098502175,0.04488007004940522,0.2781055259744254,0.19870027229321707,sklearn_digits_hidden_completion,42,633,5,4,oracle_true_score,3,0.9684222368614224
2,shortcut,-0.6444618747132936,0.7155071897510479,0.0,1.0,0.09957248358713325,0.09404171855052623,0.0,0.43364890788300575,sklearn_digits_hidden_completion,42,633,5,16,min_energy,2,-0.6444618747132936
12,near_valid,-0.22430677592079123,0.9807213921315338,1.0,0.5319663540001958,0.0067475127539631695,0.03237770347380975,0.2448673890011278,0.16757692466986662,sklearn_digits_hidden_completion,42,633,5,16,random_selector,12,12.0
8,near_valid,-0.24825660169623726,0.9670606267522408,1.0,0.541927406873189,0.011528780636715707,0.03210746282735056,0.2290248881532715,0.1290188620444251,sklearn_digits_hidden_completion,42,633,5,16,calibrated_clipped,8,-0.24377412790339031
10,near_valid,-0.1864454944534631,0.9917747930944799,1.0,0.5108945596445362,0.0028788224169320155,0.042726456104801025,0.27285065583108464,0.19056136675941154,sklearn_digits_hidden_completion,42,633,5,16,oracle_true_score,10,0.9917747930944799
2,shortcut,-0.6444618747132936,0.7155071897510479,0.0,1.0,0.09957248358713325,0.09404171855052623,0.0,0.43364890788300575,sklearn_digits_hidden_completion,42,633,5,64,min_energy,2,-0.6444618747132936
47,near_valid,-0.1900936006839835,0.978669895707921,1.0,0.5147674845751458,0.007465536502227659,0.04334179857986037,0.26356772881922796,0.21175701090414162,sklearn_digits_hidden_completion,42,633,5,64,random_selector,47,47.0
33,random_digit,-0.2859711601159972,0.6962193080357142,0.0,0.5802455357142857,0.1063232421875,0.07074873811049012,0.19159226190476192,0.1484375,sklearn_digits_hidden_completion,42,633,5,64,calibrated_clipped,33,-0.23014117158767958
26,near_valid,-0.1999362585619713,0.9917805326349497,1.0,0.5226067905096617,0.0028768135777676247,0.04736609854561267,0.26025537616743366,0.19702578859531958,sklearn_digits_hidden_completion,42,633,5,64,oracle_true_score,26,0.9917805326349497
71,shortcut,-0.6472609750477278,0.7256260297459542,0.0,1.0,0.09603088958891601,0.0888393362158923,0.0,0.42485578854546857,sklearn_digits_hidden_completion,42,633,5,128,min_energy,71,-0.6472609750477278
48,near_valid,-0.1789283952661949,0.9886206801376958,1.0,0.5075401046576697,0.003982761951806462,0.04544178238375596,0.27850216450167165,0.19731068137193414,sklearn_digits_hidden_completion,42,633,5,128,random_selector,48,48.0
8,near_valid,-0.24825660169623726,0.9670606267522408,1.0,0.541927406873189,0.011528780636715707,0.03210746282735056,0.2290248881532715,0.1290188620444251,sklearn_digits_hidden_completion,42,633,5,128,calibrated_clipped,8,-0.22959028660713865
127,near_valid,-0.2031204412390178,0.9919896284039792,1.0,0.5232906981693224,0.0028036300586072645,0.04021059294855903,0.2556252899844239,0.20355777153414523,sklearn_digits_hidden_completion,42,633,5,128,oracle_true_score,127,0.9919896284039792
0,near_valid,-0.18148938613963012,0.9881896919525005,1.0,0.5106532893807492,0.004133607816624827,0.06607428104498744,0.2774063370046586,0.17856119667186013,sklearn_digits_hidden_completion,43,648,2,1,min_energy,0,-0.18148938613963012
0,near_valid,-0.18148938613963012,0.9881896919525005,1.0,0.5106532893807492,0.004133607816624827,0.06607428104498744,0.2774063370046586,0.17856119667186013,sklearn_digits_hidden_completion,43,648,2,1,random_selector,0,0.0
0,near_valid,-0.18148938613963012,0.9881896919525005,1.0,0.5106532893807492,0.004133607816624827,0.06607428104498744,0.2774063370046586,0.17856119667186013,sklearn_digits_hidden_completion,43,648,2,1,calibrated_clipped,0,-0.18148938613963012
0,near_valid,-0.18148938613963012,0.9881896919525005,1.0,0.5106532893807492,0.004133607816624827,0.06607428104498744,0.2774063370046586,0.17856119667186013,sklearn_digits_hidden_completion,43,648,2,1,oracle_true_score,0,0.9881896919525005
3,near_valid,-0.20130732900544043,0.9739465035654808,1.0,0.5183397772579459,0.009118723752081698,0.051472200331825896,0.2723724516546507,0.13674107730797946,sklearn_digits_hidden_completion,43,648,2,4,min_energy,3,-0.20130732900544043
2,near_valid,-0.1607361464109464,0.9834641680103751,1.0,0.5002228821073295,0.005787541196368734,0.07288557878622216,0.2957331457050416,0.18600334637266697,sklearn_digits_hidden_completion,43,648,2,4,random_selector,2,2.0
3,near_valid,-0.20130732900544043,0.9739465035654808,1.0,0.5183397772579459,0.009118723752081698,0.051472200331825896,0.2723724516546507,0.13674107730797946,sklearn_digits_hidden_completion,43,648,2,4,calibrated_clipped,3,-0.1859576437412157
0,near_valid,-0.18148938613963012,0.9881896919525005,1.0,0.5106532893807492,0.004133607816624827,0.06607428104498744,0.2774063370046586,0.17856119667186013,sklearn_digits_hidden_completion,43,648,2,4,oracle_true_score,0,0.9881896919525005
8,shortcut,-0.6704213018702383,0.17405845665317243,0.0,1.0,0.28907954017138965,0.20380413039143597,0.0,0.19408936025737267,sklearn_digits_hidden_completion,43,648,2,16,min_energy,8,-0.6704213018702383
10,near_valid,-0.1575183086747404,0.9676561621706562,1.0,0.49690866011613044,0.011320343240270323,0.08081195956939836,0.3029670476262071,0.1618445915203192,sklearn_digits_hidden_completion,43,648,2,16,random_selector,10,10.0
15,random_digit,-0.28076421333654233,0.6257672991071428,0.0,0.5571986607142857,0.1309814453125,0.03542279492443104,0.21372767857142858,0.0625,sklearn_digits_hidden_completion,43,648,2,16,calibrated_clipped,15,-0.24932123126081296
0,near_valid,-0.18148938613963012,0.9881896919525005,1.0,0.5106532893807492,0.004133607816624827,0.06607428104498744,0.2774063370046586,0.17856119667186013,sklearn_digits_hidden_completion,43,648,2,16,oracle_true_score,0,0.9881896919525005
34,shortcut,-0.6712684580683914,0.28157193569269123,0.0,1.0,0.25144982250755804,0.17062855560252227,0.0,0.22302915405552037,sklearn_digits_hidden_completion,43,648,2,64,min_energy,34,-0.6712684580683914
0,near_valid,-0.18148938613963012,0.9881896919525005,1.0,0.5106532893807492,0.004133607816624827,0.06607428104498744,0.2774063370046586,0.17856119667186013,sklearn_digits_hidden_completion,43,648,2,64,random_selector,0,0.0
55,class_neighbor,-0.28729988969091563,0.7750423750428475,0.0,0.5592384219902626,0.0787351687350034,0.02426610781997435,0.21696122070814544,0.0397351692415324,sklearn_digits_hidden_completion,43,648,2,64,calibrated_clipped,55,-0.2584048540456067
38,near_valid,-0.20408749660259046,0.9924770658817386,1.0,0.5233080672293526,0.0026330269413915187,0.06283655246485323,0.26441203821336623,0.15199811154550974,sklearn_digits_hidden_completion,43,648,2,64,oracle_true_score,38,0.9924770658817386
109,shortcut,-0.6712785078441373,0.29907686813077294,0.0,1.0,0.24532309615422945,0.16531232066004653,0.0,0.22829514011926672,sklearn_digits_hidden_completion,43,648,2,128,min_energy,109,-0.6712785078441373
92,near_valid,-0.1660758821098611,0.9572102772022336,1.0,0.5036268813956373,0.014976402979218234,0.07773715880255805,0.29229895173165754,0.17666211861971803,sklearn_digits_hidden_completion,43,648,2,128,random_selector,92,92.0
82,class_neighbor,-0.28080064898074064,0.5057928570246077,0.0,0.5545400053248161,0.17297250004138726,0.046825903946898007,0.21544293782281493,0.03622779210471825,sklearn_digits_hidden_completion,43,648,2,128,calibrated_clipped,82,-0.25375932152015207
117,near_valid,-0.20008289815451158,0.994459852449122,1.0,0.5227651425063831,0.0019390516428072822,0.06380443827144594,0.26482552974624834,0.1678801485527496,sklearn_digits_hidden_completion,43,648,2,128,oracle_true_score,117,0.994459852449122
0,near_valid,-0.21035203073810857,0.9626055489449854,1.0,0.5445445837394123,0.013088057869255099,0.0414235331755256,0.23402526171768312,0.3052890324330989,sklearn_digits_hidden_completion,44,663,7,1,min_energy,0,-0.21035203073810857
0,near_valid,-0.21035203073810857,0.9626055489449854,1.0,0.5445445837394123,0.013088057869255099,0.0414235331755256,0.23402526171768312,0.3052890324330989,sklearn_digits_hidden_completion,44,663,7,1,random_selector,0,0.0
0,near_valid,-0.21035203073810857,0.9626055489449854,1.0,0.5445445837394123,0.013088057869255099,0.0414235331755256,0.23402526171768312,0.3052890324330989,sklearn_digits_hidden_completion,44,663,7,1,calibrated_clipped,0,-0.21035203073810857
0,near_valid,-0.21035203073810857,0.9626055489449854,1.0,0.5445445837394123,0.013088057869255099,0.0414235331755256,0.23402526171768312,0.3052890324330989,sklearn_digits_hidden_completion,44,663,7,1,oracle_true_score,0,0.9626055489449854
2,shortcut,-0.3826981880035428,0.72971500463151,0.0,0.6555959264087151,0.0945997483789715,0.05991754872355186,0.08880814718256981,0.240853830539349,sklearn_digits_hidden_completion,44,663,7,4,min_energy,2,-0.3826981880035428
3,near_valid,-0.22899749203508013,0.9818042578039374,1.0,0.5576054104917358,0.0063685097686219105,0.035599389705211495,0.21742506055835475,0.3125145229279216,sklearn_digits_hidden_completion,44,663,7,4,random_selector,3,3.0
2,shortcut,-0.3826981880035428,0.72971500463151,0.0,0.6555959264087151,0.0945997483789715,0.05991754872355186,0.08880814718256981,0.240853830539349,sklearn_digits_hidden_completion,44,663,7,4,calibrated_clipped,2,-0.31303798726059584
3,near_valid,-0.22899749203508013,0.9818042578039374,1.0,0.5576054104917358,0.0063685097686219105,0.035599389705211495,0.21742506055835475,0.3125145229279216,sklearn_digits_hidden_completion,44,663,7,4,oracle_true_score,3,0.9818042578039374
10,shortcut,-0.6462061574918714,0.5902509469878369,0.0,1.0,0.1434121685542571,0.12088707721776555,0.0,0.3980821353228774,sklearn_digits_hidden_completion,44,663,7,16,min_energy,10,-0.6462061574918714
11,near_valid,-0.23352957077612935,0.9833864485876914,1.0,0.5548624633842043,0.005814742994308021,0.026708724959398276,0.2254938236576407,0.2662696437922092,sklearn_digits_hidden_completion,44,663,7,16,random_selector,11,11.0
2,shortcut,-0.3826981880035428,0.72971500463151,0.0,0.6555959264087151,0.0945997483789715,0.05991754872355186,0.08880814718256981,0.240853830539349,sklearn_digits_hidden_completion,44,663,7,16,calibrated_clipped,2,-0.2521180243588509
9,near_valid,-0.24906868794854697,0.9878583363199301,1.0,0.5665939791036416,0.004249582288024436,0.030174099278779294,0.20615119905412,0.28229408521831195,sklearn_digits_hidden_completion,44,663,7,16,oracle_true_score,9,0.9878583363199301
61,shortcut,-0.6479860697404807,0.6019679948552845,0.0,1.0,0.13931120180065043,0.11601629563547555,0.0,0.39405335566212085,sklearn_digits_hidden_completion,44,663,7,64,min_energy,61,-0.6479860697404807
42,near_valid,-0.21151469674603415,0.9818882384128841,1.0,0.5464045991590727,0.006339116555490579,0.028720212500941325,0.2285358083109769,0.3342500777602241,sklearn_digits_hidden_completion,44,663,7,64,random_selector,42,42.0
38,class_neighbor,-0.2882017887615431,0.8482774709959302,1.0,0.5730596013049797,0.053102885151424445,0.016877311126633453,0.20013194717945748,0.14072439521581645,sklearn_digits_hidden_completion,44,663,7,64,calibrated_clipped,38,-0.2764539671805324
49,near_valid,-0.23068944323353358,0.9936212552010861,1.0,0.5545049848849993,0.0022325606796198666,0.02639354318930372,0.22056983154620255,0.2929858972097187,sklearn_digits_hidden_completion,44,663,7,64,oracle_true_score,49,0.9936212552010861
61,shortcut,-0.6479860697404807,0.6019679948552845,0.0,1.0,0.13931120180065043,0.11601629563547555,0.0,0.39405335566212085,sklearn_digits_hidden_completion,44,663,7,128,min_energy,61,-0.6479860697404807
58,near_valid,-0.1852908244700611,0.9658524841712506,1.0,0.5373451905937932,0.011951630540062284,0.03872225754923885,0.24369442325664253,0.379708420871413,sklearn_digits_hidden_completion,44,663,7,128,random_selector,58,58.0
106,class_neighbor,-0.27441068070439273,0.8254722055628936,1.0,0.5595665726098603,0.061084728052987265,0.031566421135721875,0.214926485172317,0.103706988405419,sklearn_digits_hidden_completion,44,663,7,128,calibrated_clipped,106,-0.27394427387841225
101,near_valid,-0.24532013987328502,0.9948454271909154,1.0,0.5670853610137753,0.0018041004831796273,0.029870404437759374,0.2070347687425521,0.3007533859554542,sklearn_digits_hidden_completion,44,663,7,128,oracle_true_score,101,0.9948454271909154
0,shortcut,-0.4005792898213383,0.7502497982412332,0.0,0.6566823700816722,0.0874125706155684,0.041727974148776145,0.08663525983665561,0.1796875,sklearn_digits_hidden_completion,45,678,5,1,min_energy,0,-0.4005792898213383
0,shortcut,-0.4005792898213383,0.7502497982412332,0.0,0.6566823700816722,0.0874125706155684,0.041727974148776145,0.08663525983665561,0.1796875,sklearn_digits_hidden_completion,45,678,5,1,random_selector,0,0.0
0,shortcut,-0.4005792898213383,0.7502497982412332,0.0,0.6566823700816722,0.0874125706155684,0.041727974148776145,0.08663525983665561,0.1796875,sklearn_digits_hidden_completion,45,678,5,1,calibrated_clipped,0,-0.4005792898213383
0,shortcut,-0.4005792898213383,0.7502497982412332,0.0,0.6566823700816722,0.0874125706155684,0.041727974148776145,0.08663525983665561,0.1796875,sklearn_digits_hidden_completion,45,678,5,1,oracle_true_score,0,0.7502497982412332
3,shortcut,-0.6700871353002673,0.34276122246832785,0.0,1.0,0.23003357213608522,0.08994198150830535,0.0,0.30962234199035826,sklearn_digits_hidden_completion,45,678,5,4,min_energy,3,-0.6700871353002673
3,shortcut,-0.6700871353002673,0.34276122246832785,0.0,1.0,0.23003357213608522,0.08994198150830535,0.0,0.30962234199035826,sklearn_digits_hidden_completion,45,678,5,4,random_selector,3,3.0
0,shortcut,-0.4005792898213383,0.7502497982412332,0.0,0.6566823700816722,0.0874125706155684,0.041727974148776145,0.08663525983665561,0.1796875,sklearn_digits_hidden_completion,45,678,5,4,calibrated_clipped,0,-0.3288367111074399
2,near_valid,-0.12532079262212145,0.9794634262348659,1.0,0.4972544173841202,0.007187800817796916,0.11028431194479399,0.29649101154364405,0.3124655083900283,sklearn_digits_hidden_completion,45,678,5,4,oracle_true_score,2,0.9794634262348659
11,shortcut,-0.670542704304914,0.3472834612769974,0.0,1.0,0.2284507885530509,0.08911843424965628,0.0,0.30816804422577365,sklearn_digits_hidden_completion,45,678,5,16,min_energy,11,-0.670542704304914
0,shortcut,-0.4005792898213383,0.7502497982412332,0.0,0.6566823700816722,0.0874125706155684,0.041727974148776145,0.08663525983665561,0.1796875,sklearn_digits_hidden_completion,45,678,5,16,random_selector,0,0.0
0,shortcut,-0.4005792898213383,0.7502497982412332,0.0,0.6566823700816722,0.0874125706155684,0.041727974148776145,0.08663525983665561,0.1796875,sklearn_digits_hidden_completion,45,678,5,16,calibrated_clipped,0,-0.29465696669423536
14,near_valid,-0.1438499323337128,0.984155882856304,1.0,0.5102247786506495,0.005545441000293609,0.10845079362208747,0.27921772938461964,0.3177937088415802,sklearn_digits_hidden_completion,45,678,5,16,oracle_true_score,14,0.984155882856304
11,shortcut,-0.670542704304914,0.3472834612769974,0.0,1.0,0.2284507885530509,0.08911843424965628,0.0,0.30816804422577365,sklearn_digits_hidden_completion,45,678,5,64,min_energy,11,-0.670542704304914
62,shortcut,-0.6536995417037512,0.1722807370189885,0.0,1.0,0.289701742043354,0.12528418732432794,0.0,0.35621810415691574,sklearn_digits_hidden_completion,45,678,5,64,random_selector,62,62.0
17,class_neighbor,-0.2414669549858332,0.6160491103201073,0.0,0.5466405720386955,0.13438281138796243,0.035414275981310736,0.23082557149010552,0.17238277263684126,sklearn_digits_hidden_completion,45,678,5,64,calibrated_clipped,17,-0.20811964342189662
33,near_valid,-0.11129763162431955,0.9918840960933742,1.0,0.4914975158061453,0.0028405663673190004,0.11584807114865986,0.30554374152863206,0.33053416579904915,sklearn_digits_hidden_completion,45,678,5,64,oracle_true_score,33,0.9918840960933742
11,shortcut,-0.670542704304914,0.3472834612769974,0.0,1.0,0.2284507885530509,0.08911843424965628,0.0,0.30816804422577365,sklearn_digits_hidden_completion,45,678,5,128,min_energy,11,-0.670542704304914
29,near_valid,-0.14531382235739737,0.9593141887255513,1.0,0.5011785657090717,0.014240033946057027,0.10152091808498467,0.2940738777954669,0.2426264275995133,sklearn_digits_hidden_completion,45,678,5,128,random_selector,29,29.0
17,class_neighbor,-0.2414669549858332,0.6160491103201073,0.0,0.5466405720386955,0.13438281138796243,0.035414275981310736,0.23082557149010552,0.17238277263684126,sklearn_digits_hidden_completion,45,678,5,128,calibrated_clipped,17,-0.20495771198915425
83,near_valid,-0.11798347613470705,0.9932177129243103,1.0,0.4923899813750016,0.002373800476491387,0.10745304001850484,0.3046801865827745,0.31122149636158597,sklearn_digits_hidden_completion,45,678,5,128,oracle_true_score,83,0.9932177129243103
0,near_valid,-0.2903970874466113,0.9935349425196567,1.0,0.5754175487861933,0.0022627701181201793,0.03684890662450796,0.20215053858616006,0.1130674829787203,sklearn_digits_hidden_completion,46,693,1,1,min_energy,0,-0.2903970874466113
0,near_valid,-0.2903970874466113,0.9935349425196567,1.0,0.5754175487861933,0.0022627701181201793,0.03684890662450796,0.20215053858616006,0.1130674829787203,sklearn_digits_hidden_completion,46,693,1,1,random_selector,0,0.0
0,near_valid,-0.2903970874466113,0.9935349425196567,1.0,0.5754175487861933,0.0022627701181201793,0.03684890662450796,0.20215053858616006,0.1130674829787203,sklearn_digits_hidden_completion,46,693,1,1,calibrated_clipped,0,-0.2903970874466113
0,near_valid,-0.2903970874466113,0.9935349425196567,1.0,0.5754175487861933,0.0022627701181201793,0.03684890662450796,0.20215053858616006,0.1130674829787203,sklearn_digits_hidden_completion,46,693,1,1,oracle_true_score,0,0.9935349425196567
1,shortcut,-0.5140188515498288,0.6807875116127067,0.0,0.8055173226277508,0.11172437093555265,0.04413017189836513,0.04137929305792535,0.2926724742972613,sklearn_digits_hidden_completion,46,693,1,4,min_energy,1,-0.5140188515498288
1,shortcut,-0.5140188515498288,0.6807875116127067,0.0,0.8055173226277508,0.11172437093555265,0.04413017189836513,0.04137929305792535,0.2926724742972613,sklearn_digits_hidden_completion,46,693,1,4,random_selector,1,1.0
3,class_neighbor,-0.3423073877834525,0.8841567217208075,1.0,0.598739064281571,0.04054514739771739,0.03330589628205442,0.1736641372940378,0.02285227829797053,sklearn_digits_hidden_completion,46,693,1,4,calibrated_clipped,3,-0.33181270581053257
0,near_valid,-0.2903970874466113,0.9935349425196567,1.0,0.5754175487861933,0.0022627701181201793,0.03684890662450796,0.20215053858616006,0.1130674829787203,sklearn_digits_hidden_completion,46,693,1,4,oracle_true_score,0,0.9935349425196567
1,shortcut,-0.5140188515498288,0.6807875116127067,0.0,0.8055173226277508,0.11172437093555265,0.04413017189836513,0.04137929305792535,0.2926724742972613,sklearn_digits_hidden_completion,46,693,1,16,min_energy,1,-0.5140188515498288
15,class_neighbor,-0.31403896372499174,0.7988076212793339,0.0,0.6058814696200765,0.07041733255223312,0.04107033486922258,0.16712675046186298,0.20119179381098234,sklearn_digits_hidden_completion,46,693,1,16,random_selector,15,15.0
3,class_neighbor,-0.3423073877834525,0.8841567217208075,1.0,0.598739064281571,0.04054514739771739,0.03330589628205442,0.1736641372940378,0.02285227829797053,sklearn_digits_hidden_completion,46,693,1,16,calibrated_clipped,3,-0.2844823673087463
0,near_valid,-0.2903970874466113,0.9935349425196567,1.0,0.5754175487861933,0.0022627701181201793,0.03684890662450796,0.20215053858616006,0.1130674829787203,sklearn_digits_hidden_completion,46,693,1,16,oracle_true_score,0,0.9935349425196567
43,shortcut,-0.6339629151550698,0.29289687763581784,0.0,1.0,0.24748609282746376,0.14268542422465105,0.0,0.4375,sklearn_digits_hidden_completion,46,693,1,64,min_energy,43,-0.6339629151550698
1,shortcut,-0.5140188515498288,0.6807875116127067,0.0,0.8055173226277508,0.11172437093555265,0.04413017189836513,0.04137929305792535,0.2926724742972613,sklearn_digits_hidden_completion,46,693,1,64,random_selector,1,1.0
3,class_neighbor,-0.3423073877834525,0.8841567217208075,1.0,0.598739064281571,0.04054514739771739,0.03330589628205442,0.1736641372940378,0.02285227829797053,sklearn_digits_hidden_completion,46,693,1,64,calibrated_clipped,3,-0.304057897019268
0,near_valid,-0.2903970874466113,0.9935349425196567,1.0,0.5754175487861933,0.0022627701181201793,0.03684890662450796,0.20215053858616006,0.1130674829787203,sklearn_digits_hidden_completion,46,693,1,64,oracle_true_score,0,0.9935349425196567
111,shortcut,-0.6374136261533625,0.3549854312631301,0.0,1.0,0.22575509905790445,0.12543186923318758,0.0,0.4375,sklearn_digits_hidden_completion,46,693,1,128,min_energy,111,-0.6374136261533625
106,random_digit,-0.27777897540303104,0.7307477678571428,0.0,0.58125,0.09423828125,0.11110512298484483,0.1875,0.1640625,sklearn_digits_hidden_completion,46,693,1,128,random_selector,106,106.0
3,class_neighbor,-0.3423073877834525,0.8841567217208075,1.0,0.598739064281571,0.04054514739771739,0.03330589628205442,0.1736641372940378,0.02285227829797053,sklearn_digits_hidden_completion,46,693,1,128,calibrated_clipped,3,-0.3018270732110131
0,near_valid,-0.2903970874466113,0.9935349425196567,1.0,0.5754175487861933,0.0022627701181201793,0.03684890662450796,0.20215053858616006,0.1130674829787203,sklearn_digits_hidden_completion,46,693,1,128,oracle_true_score,0,0.9935349425196567
0,shortcut,-0.40682357907362804,0.6877361974344618,0.0,0.6632607621108538,0.10929233089793838,0.048413299654432085,0.07347847577829235,0.20263085450282575,sklearn_digits_hidden_completion,47,708,3,1,min_energy,0,-0.40682357907362804
0,shortcut,-0.40682357907362804,0.6877361974344618,0.0,0.6632607621108538,0.10929233089793838,0.048413299654432085,0.07347847577829235,0.20263085450282575,sklearn_digits_hidden_completion,47,708,3,1,random_selector,0,0.0
0,shortcut,-0.40682357907362804,0.6877361974344618,0.0,0.6632607621108538,0.10929233089793838,0.048413299654432085,0.07347847577829235,0.20263085450282575,sklearn_digits_hidden_completion,47,708,3,1,calibrated_clipped,0,-0.40682357907362804
0,shortcut,-0.40682357907362804,0.6877361974344618,0.0,0.6632607621108538,0.10929233089793838,0.048413299654432085,0.07347847577829235,0.20263085450282575,sklearn_digits_hidden_completion,47,708,3,1,oracle_true_score,0,0.6877361974344618
0,shortcut,-0.40682357907362804,0.6877361974344618,0.0,0.6632607621108538,0.10929233089793838,0.048413299654432085,0.07347847577829235,0.20263085450282575,sklearn_digits_hidden_completion,47,708,3,4,min_energy,0,-0.40682357907362804
3,random_digit,-0.27305883473814563,0.8751395089285714,1.0,0.5474330357142857,0.043701171875,0.013565573333081383,0.22805059523809523,0.046875,sklearn_digits_hidden_completion,47,708,3,4,random_selector,3,3.0
3,random_digit,-0.27305883473814563,0.8751395089285714,1.0,0.5474330357142857,0.043701171875,0.013565573333081383,0.22805059523809523,0.046875,sklearn_digits_hidden_completion,47,708,3,4,calibrated_clipped,3,-0.2688353264769342
2,near_valid,-0.23723068489962323,0.9899440303519779,1.0,0.5380474618004826,0.003519589376807755,0.026496738655646918,0.23763998137498793,0.1515178698168299,sklearn_digits_hidden_completion,47,708,3,4,oracle_true_score,2,0.9899440303519779
6,shortcut,-0.6680361520034861,0.5397604781147731,0.0,1.0,0.16108383265982942,0.14236341863990348,0.0,0.2674558213426661,sklearn_digits_hidden_completion,47,708,3,16,min_energy,6,-0.6680361520034861
7,near_valid,-0.2183507118840319,0.9583083237692213,1.0,0.5303549747190928,0.014592086680772554,0.023649641845219765,0.2534300710908077,0.17649525843149744,sklearn_digits_hidden_completion,47,708,3,16,random_selector,7,7.0
3,random_digit,-0.27305883473814563,0.8751395089285714,1.0,0.5474330357142857,0.043701171875,0.013565573333081383,0.22805059523809523,0.046875,sklearn_digits_hidden_completion,47,708,3,16,calibrated_clipped,3,-0.26440959735652425
4,near_valid,-0.2202959396248883,0.9923415312464677,1.0,0.5252730664796166,0.0026804640637363066,0.02306889075617609,0.2515885468631115,0.1533569065443879,sklearn_digits_hidden_completion,47,708,3,16,oracle_true_score,4,0.9923415312464677
47,shortcut,-0.6684849931904057,0.5538684271645389,0.0,1.0,0.15614605049241137,0.13692650297564368,0.0,0.2706485310723278,sklearn_digits_hidden_completion,47,708,3,64,min_energy,47,-0.6684849931904057
3,random_digit,-0.27305883473814563,0.8751395089285714,1.0,0.5474330357142857,0.043701171875,0.013565573333081383,0.22805059523809523,0.046875,sklearn_digits_hidden_completion,47,708,3,64,random_selector,3,3.0
3,random_digit,-0.27305883473814563,0.8751395089285714,1.0,0.5474330357142857,0.043701171875,0.013565573333081383,0.22805059523809523,0.046875,sklearn_digits_hidden_completion,47,708,3,64,calibrated_clipped,3,-0.2556999991578555
4,near_valid,-0.2202959396248883,0.9923415312464677,1.0,0.5252730664796166,0.0026804640637363066,0.02306889075617609,0.2515885468631115,0.1533569065443879,sklearn_digits_hidden_completion,47,708,3,64,oracle_true_score,4,0.9923415312464677
47,shortcut,-0.6684849931904057,0.5538684271645389,0.0,1.0,0.15614605049241137,0.13692650297564368,0.0,0.2706485310723278,sklearn_digits_hidden_completion,47,708,3,128,min_energy,47,-0.6684849931904057
93,near_valid,-0.23422181839608314,0.9943218996302607,1.0,0.5371647437378765,0.0019873351294087413,0.02453336782056808,0.2386567502714843,0.16241926596947137,sklearn_digits_hidden_completion,47,708,3,128,random_selector,93,93.0
122,class_neighbor,-0.25005394175115614,0.8727833610874455,1.0,0.5337701620726143,0.044525823619394084,0.014630743346031427,0.24885619856320412,0.05238310962168029,sklearn_digits_hidden_completion,47,708,3,128,calibrated_clipped,122,-0.24962923446985924
110,near_valid,-0.2316608630441076,0.9944525746683948,1.0,0.5399052977384431,0.0019415988660618445,0.02878064278260451,0.2371389065585008,0.18542791548014173,sklearn_digits_hidden_completion,47,708,3,128,oracle_true_score,110,0.9944525746683948
0,near_valid,-0.20868325485073,0.9563296408200985,1.0,0.51195394133606,0.01528462571296551,0.018976581570512713,0.29075439467202335,0.05785983883799805,sklearn_digits_hidden_completion,48,724,0,1,min_energy,0,-0.20868325485073
0,near_valid,-0.20868325485073,0.9563296408200985,1.0,0.51195394133606,0.01528462571296551,0.018976581570512713,0.29075439467202335,0.05785983883799805,sklearn_digits_hidden_completion,48,724,0,1,random_selector,0,0.0
0,near_valid,-0.20868325485073,0.9563296408200985,1.0,0.51195394133606,0.01528462571296551,0.018976581570512713,0.29075439467202335,0.05785983883799805,sklearn_digits_hidden_completion,48,724,0,1,calibrated_clipped,0,-0.20868325485073
0,near_valid,-0.20868325485073,0.9563296408200985,1.0,0.51195394133606,0.01528462571296551,0.018976581570512713,0.29075439467202335,0.05785983883799805,sklearn_digits_hidden_completion,48,724,0,1,oracle_true_score,0,0.9563296408200985
0,near_valid,-0.20868325485073,0.9563296408200985,1.0,0.51195394133606,0.01528462571296551,0.018976581570512713,0.29075439467202335,0.05785983883799805,sklearn_digits_hidden_completion,48,724,0,4,min_energy,0,-0.20868325485073
1,near_valid,-0.19698276385778732,0.9946977504716651,1.0,0.5087452367097471,0.001855787334917221,0.023367354458154507,0.29858553456318027,0.07840324386571498,sklearn_digits_hidden_completion,48,724,0,4,random_selector,1,1.0
0,near_valid,-0.20868325485073,0.9563296408200985,1.0,0.51195394133606,0.01528462571296551,0.018976581570512713,0.29075439467202335,0.05785983883799805,sklearn_digits_hidden_completion,48,724,0,4,calibrated_clipped,0,-0.2048825959362174
1,near_valid,-0.19698276385778732,0.9946977504716651,1.0,0.5087452367097471,0.001855787334917221,0.023367354458154507,0.29858553456318027,0.07840324386571498,sklearn_digits_hidden_completion,48,724,0,4,oracle_true_score,1,0.9946977504716651
11,shortcut,-0.6678971508177229,0.3132715113993131,0.0,1.0,0.2403549710102404,0.152701745911385,0.0,0.2578125,sklearn_digits_hidden_completion,48,724,0,16,min_energy,11,-0.6678971508177229
1,near_valid,-0.19698276385778732,0.9946977504716651,1.0,0.5087452367097471,0.001855787334917221,0.023367354458154507,0.29858553456318027,0.07840324386571498,sklearn_digits_hidden_completion,48,724,0,16,random_selector,1,1.0
4,class_neighbor,-0.21238462092840504,0.8307838162411061,1.0,0.5133043876903758,0.05922566431561288,0.014133447019176553,0.28708031911765197,0.05936402460416433,sklearn_digits_hidden_completion,48,724,0,16,calibrated_clipped,4,-0.20894136852496153
1,near_valid,-0.19698276385778732,0.9946977504716651,1.0,0.5087452367097471,0.001855787334917221,0.023367354458154507,0.29858553456318027,0.07840324386571498,sklearn_digits_hidden_completion,48,724,0,16,oracle_true_score,1,0.9946977504716651
11,shortcut,-0.6678971508177229,0.3132715113993131,0.0,1.0,0.2403549710102404,0.152701745911385,0.0,0.2578125,sklearn_digits_hidden_completion,48,724,0,64,min_energy,11,-0.6678971508177229
18,shortcut,-0.6638620342586457,0.2431955955604761,0.0,1.0,0.26488154155383337,0.17287732870677147,0.0,0.2578125,sklearn_digits_hidden_completion,48,724,0,64,random_selector,18,18.0
63,class_neighbor,-0.22605289702144873,0.926534782480868,1.0,0.5205275210712985,0.02571282613169621,0.006658105554662944,0.27689057008986806,0.05360654560832552,sklearn_digits_hidden_completion,48,724,0,64,calibrated_clipped,63,-0.2173689351570341
1,near_valid,-0.19698276385778732,0.9946977504716651,1.0,0.5087452367097471,0.001855787334917221,0.023367354458154507,0.29858553456318027,0.07840324386571498,sklearn_digits_hidden_completion,48,724,0,64,oracle_true_score,1,0.9946977504716651
97,shortcut,-0.6699713404428367,0.3502845539600663,0.0,1.0,0.22740040611397677,0.14233079778581662,0.0,0.2578125,sklearn_digits_hidden_completion,48,724,0,128,min_energy,97,-0.6699713404428367
27,near_valid,-0.18887167136859012,0.9913183654901258,1.0,0.5074151616596734,0.003038572078455994,0.02363517535767063,0.30187916957619243,0.10464560768862469,sklearn_digits_hidden_completion,48,724,0,128,random_selector,27,27.0
120,class_neighbor,-0.23728049249753752,0.8525222020292772,1.0,0.526775645663444,0.05161722928975297,0.01433226920638182,0.2583776619160394,0.0641353692747374,sklearn_digits_hidden_completion,48,724,0,128,calibrated_clipped,120,-0.2245261380182504
1,near_valid,-0.19698276385778732,0.9946977504716651,1.0,0.5087452367097471,0.001855787334917221,0.023367354458154507,0.29858553456318027,0.07840324386571498,sklearn_digits_hidden_completion,48,724,0,128,oracle_true_score,1,0.9946977504716651
0,near_valid,-0.25330606417494705,0.9612629055655371,1.0,0.555789277767902,0.013557983052062033,0.06138910685816743,0.22043158324412565,0.15010350997538424,sklearn_digits_hidden_completion,49,739,1,1,min_energy,0,-0.25330606417494705
0,near_valid,-0.25330606417494705,0.9612629055655371,1.0,0.555789277767902,0.013557983052062033,0.06138910685816743,0.22043158324412565,0.15010350997538424,sklearn_digits_hidden_completion,49,739,1,1,random_selector,0,0.0
0,near_valid,-0.25330606417494705,0.9612629055655371,1.0,0.555789277767902,0.013557983052062033,0.06138910685816743,0.22043158324412565,0.15010350997538424,sklearn_digits_hidden_completion,49,739,1,1,calibrated_clipped,0,-0.25330606417494705
0,near_valid,-0.25330606417494705,0.9612629055655371,1.0,0.555789277767902,0.013557983052062033,0.06138910685816743,0.22043158324412565,0.15010350997538424,sklearn_digits_hidden_completion,49,739,1,1,oracle_true_score,0,0.9612629055655371
1,shortcut,-0.6382022400381245,0.34314157106913623,0.0,1.0,0.22990045012580232,0.14112615817946342,0.0,0.4178626416299137,sklearn_digits_hidden_completion,49,739,1,4,min_energy,1,-0.6382022400381245
3,class_neighbor,-0.31375436274615515,0.8393022333715083,1.0,0.6078226263214611,0.05624421831997207,0.04252251197840472,0.1648743732882077,0.21463599645372766,sklearn_digits_hidden_completion,49,739,1,4,random_selector,3,3.0
3,class_neighbor,-0.31375436274615515,0.8393022333715083,1.0,0.6078226263214611,0.05624421831997207,0.04252251197840472,0.1648743732882077,0.21463599645372766,sklearn_digits_hidden_completion,49,739,1,4,calibrated_clipped,3,-0.3003394763203883
2,near_valid,-0.28220547584671973,0.9782782810943698,1.0,0.5780117675975348,0.007602601616970592,0.06858598833699397,0.19689728580640084,0.14646322495256048,sklearn_digits_hidden_completion,49,739,1,4,oracle_true_score,2,0.9782782810943698
1,shortcut,-0.6382022400381245,0.34314157106913623,0.0,1.0,0.22990045012580232,0.14112615817946342,0.0,0.4178626416299137,sklearn_digits_hidden_completion,49,739,1,16,min_energy,1,-0.6382022400381245
8,near_valid,-0.27992765529948505,0.9232278212498545,1.0,0.5623589126462707,0.026870262562550935,0.055132825259062906,0.21442911482589014,0.06439475489582909,sklearn_digits_hidden_completion,49,739,1,16,random_selector,8,8.0
9,class_neighbor,-0.30259401484220894,0.8665167193031703,1.0,0.5821425486236977,0.046719148243890375,0.02404444944694245,0.1920337740039319,0.11792715517006643,sklearn_digits_hidden_completion,49,739,1,16,calibrated_clipped,9,-0.29746087566630286
15,near_valid,-0.29190098615760984,0.9910531388029163,1.0,0.5770405601907891,0.003131401418979267,0.06282008438069589,0.19692329558805635,0.10003802267955907,sklearn_digits_hidden_completion,49,739,1,16,oracle_true_score,15,0.9910531388029163
41,shortcut,-0.6408919683791803,0.3693599711713125,0.0,1.0,0.2207240100900406,0.13271319802109155,0.0,0.41282696008300734,sklearn_digits_hidden_completion,49,739,1,64,min_energy,41,-0.6408919683791803
38,random_digit,-0.20994061259396507,0.4074358258928571,0.0,0.5521763392857143,0.2073974609375,0.08527182542303163,0.22377232142857142,0.3203125,sklearn_digits_hidden_completion,49,739,1,64,random_selector,38,38.0
32,near_valid,-0.3120460135437516,0.988246216879637,1.0,0.5867587614842102,0.00411382409212705,0.05009713416814758,0.1855885780723609,0.07964956397989034,sklearn_digits_hidden_completion,49,739,1,64,calibrated_clipped,32,-0.30105388512980985
63,near_valid,-0.29462936801796735,0.9948987155299387,1.0,0.58058594614453,0.0017854495645214714,0.057626886920078946,0.19317297065588188,0.11519790172839642,sklearn_digits_hidden_completion,49,739,1,64,oracle_true_score,63,0.9948987155299387
41,shortcut,-0.6408919683791803,0.3693599711713125,0.0,1.0,0.2207240100900406,0.13271319802109155,0.0,0.41282696008300734,sklearn_digits_hidden_completion,49,739,1,128,min_energy,41,-0.6408919683791803
93,shortcut,-0.6375245963351897,0.3364250325471463,0.0,1.0,0.23225123860849878,0.1432915488240226,0.0,0.41908546950002934,sklearn_digits_hidden_completion,49,739,1,128,random_selector,93,93.0
87,class_neighbor,-0.3086453220177491,0.8577357684740501,1.0,0.5776369637264502,0.04979248103408246,0.04275367364236758,0.19784732922870568,0.036078174864134734,sklearn_digits_hidden_completion,49,739,1,128,calibrated_clipped,87,-0.2987581923046287
63,near_valid,-0.29462936801796735,0.9948987155299387,1.0,0.58058594614453,0.0017854495645214714,0.057626886920078946,0.19317297065588188,0.11519790172839642,sklearn_digits_hidden_completion,49,739,1,128,oracle_true_score,63,0.9948987155299387
0,shortcut,-0.6385444063631258,0.5230081571035539,0.0,1.0,0.16694714501375613,0.12949331571102074,0.0,0.42778465247334985,sklearn_digits_hidden_completion,50,754,7,1,min_energy,0,-0.6385444063631258
0,shortcut,-0.6385444063631258,0.5230081571035539,0.0,1.0,0.16694714501375613,0.12949331571102074,0.0,0.42778465247334985,sklearn_digits_hidden_completion,50,754,7,1,random_selector,0,0.0
0,shortcut,-0.6385444063631258,0.5230081571035539,0.0,1.0,0.16694714501375613,0.12949331571102074,0.0,0.42778465247334985,sklearn_digits_hidden_completion,50,754,7,1,calibrated_clipped,0,-0.6385444063631258
0,shortcut,-0.6385444063631258,0.5230081571035539,0.0,1.0,0.16694714501375613,0.12949331571102074,0.0,0.42778465247334985,sklearn_digits_hidden_completion,50,754,7,1,oracle_true_score,0,0.5230081571035539
0,shortcut,-0.6385444063631258,0.5230081571035539,0.0,1.0,0.16694714501375613,0.12949331571102074,0.0,0.42778465247334985,sklearn_digits_hidden_completion,50,754,7,4,min_energy,0,-0.6385444063631258
1,random_digit,-0.12202976241564006,0.3941824776785714,0.0,0.5111607142857143,0.2120361328125,0.18579612839799006,0.31101190476190477,0.265625,sklearn_digits_hidden_completion,50,754,7,4,random_selector,1,1.0
2,class_neighbor,-0.27473325633924356,0.8949278819058144,1.0,0.5751554306797686,0.03677524133296496,0.06365584960081977,0.19456522607756976,0.1844563620387778,sklearn_digits_hidden_completion,50,754,7,4,calibrated_clipped,2,-0.2545581234995011
3,near_valid,-0.19123229996888158,0.9819327064368653,1.0,0.5303218021470076,0.006323552747097155,0.05336118391953368,0.24949765456387055,0.29306552423669274,sklearn_digits_hidden_completion,50,754,7,4,oracle_true_score,3,0.9819327064368653
0,shortcut,-0.6385444063631258,0.5230081571035539,0.0,1.0,0.16694714501375613,0.12949331571102074,0.0,0.42778465247334985,sklearn_digits_hidden_completion,50,754,7,16,min_energy,0,-0.6385444063631258
2,class_neighbor,-0.27473325633924356,0.8949278819058144,1.0,0.5751554306797686,0.03677524133296496,0.06365584960081977,0.19456522607756976,0.1844563620387778,sklearn_digits_hidden_completion,50,754,7,16,random_selector,2,2.0
5,near_valid,-0.24019502285728822,0.9737703537466845,1.0,0.54973550126202,0.009180376188660416,0.04986782912579775,0.22195304629824425,0.20029430900016432,sklearn_digits_hidden_completion,50,754,7,16,calibrated_clipped,5,-0.2287521649217212
11,near_valid,-0.21387176290461438,0.9905915107563814,1.0,0.5447881870428273,0.003292971235266497,0.03944957198459517,0.23079839550139658,0.2994517272740946,sklearn_digits_hidden_completion,50,754,7,16,oracle_true_score,11,0.9905915107563814
0,shortcut,-0.6385444063631258,0.5230081571035539,0.0,1.0,0.16694714501375613,0.12949331571102074,0.0,0.42778465247334985,sklearn_digits_hidden_completion,50,754,7,64,min_energy,0,-0.6385444063631258
37,near_valid,-0.1989751839024656,0.9908679805928031,1.0,0.533726639321491,0.00319620679251891,0.047719775596334196,0.24852255829954148,0.27544216702318985,sklearn_digits_hidden_completion,50,754,7,64,random_selector,37,37.0
2,class_neighbor,-0.27473325633924356,0.8949278819058144,1.0,0.5751554306797686,0.03677524133296496,0.06365584960081977,0.19456522607756976,0.1844563620387778,sklearn_digits_hidden_completion,50,754,7,64,calibrated_clipped,2,-0.23590528377698863
37,near_valid,-0.1989751839024656,0.9908679805928031,1.0,0.533726639321491,0.00319620679251891,0.047719775596334196,0.24852255829954148,0.27544216702318985,sklearn_digits_hidden_completion,50,754,7,64,oracle_true_score,37,0.9908679805928031
114,shortcut,-0.6414096708636231,0.5477385523572202,0.0,1.0,0.15829150667497288,0.12119271974404895,0.0,0.4217589259378354,sklearn_digits_hidden_completion,50,754,7,128,min_energy,114,-0.6414096708636231
64,near_valid,-0.21818154181940264,0.9784367084166077,1.0,0.5459661293699258,0.007547152054187304,0.05265119389763732,0.2293486419215805,0.27310531685822487,sklearn_digits_hidden_completion,50,754,7,128,random_selector,64,64.0
113,class_neighbor,-0.26307137182487195,0.7098066041785818,0.0,0.5529740053259501,0.1015676885374964,0.021589011915168037,0.22063943339335246,0.1299482071010656,sklearn_digits_hidden_completion,50,754,7,128,calibrated_clipped,113,-0.25360763806184344
72,near_valid,-0.19746589790958327,0.9929980602997897,1.0,0.5348824043349271,0.0024506788950736124,0.044543475397607495,0.24474261503347353,0.30089385996840046,sklearn_digits_hidden_completion,50,754,7,128,oracle_true_score,72,0.9929980602997897
0,near_valid,-0.1346903052833288,0.8855998849478021,1.0,0.509312642833114,0.04004004026826928,0.10409799016970794,0.2916056232576353,0.33045743007932843,sklearn_digits_hidden_completion,51,769,8,1,min_energy,0,-0.1346903052833288
0,near_valid,-0.1346903052833288,0.8855998849478021,1.0,0.509312642833114,0.04004004026826928,0.10409799016970794,0.2916056232576353,0.33045743007932843,sklearn_digits_hidden_completion,51,769,8,1,random_selector,0,0.0
0,near_valid,-0.1346903052833288,0.8855998849478021,1.0,0.509312642833114,0.04004004026826928,0.10409799016970794,0.2916056232576353,0.33045743007932843,sklearn_digits_hidden_completion,51,769,8,1,calibrated_clipped,0,-0.1346903052833288
0,near_valid,-0.1346903052833288,0.8855998849478021,1.0,0.509312642833114,0.04004004026826928,0.10409799016970794,0.2916056232576353,0.33045743007932843,sklearn_digits_hidden_completion,51,769,8,1,oracle_true_score,0,0.8855998849478021
3,near_valid,-0.24795118956998913,0.9849044782185822,1.0,0.5682373477706839,0.005283432623496244,0.06910231701229223,0.20913586086464492,0.2469081719000532,sklearn_digits_hidden_completion,51,769,8,4,min_energy,3,-0.24795118956998913
2,near_valid,-0.23861326545520478,0.9804193887427127,1.0,0.5664521127749828,0.006853213940050563,0.07261692190145273,0.20985501049357252,0.2814108948713843,sklearn_digits_hidden_completion,51,769,8,4,random_selector,2,2.0
1,near_valid,-0.242847434046118,0.9462940293457642,1.0,0.5651841553975396,0.01879708972898253,0.07053723408391847,0.21342117078975825,0.24775795875442994,sklearn_digits_hidden_completion,51,769,8,4,calibrated_clipped,1,-0.242847434046118
3,near_valid,-0.24795118956998913,0.9849044782185822,1.0,0.5682373477706839,0.005283432623496244,0.06910231701229223,0.20913586086464492,0.2469081719000532,sklearn_digits_hidden_completion,51,769,8,4,oracle_true_score,3,0.9849044782185822
12,shortcut,-0.6645401551132765,0.4220665395442227,0.0,1.0,0.20227671115952203,0.16930223094946736,0.0,0.2579969934841505,sklearn_digits_hidden_completion,51,769,8,16,min_energy,12,-0.6645401551132765
6,random_digit,-0.1749032836474007,0.5497349330357142,0.0,0.5382254464285714,0.1575927734375,0.10537104456061526,0.24125744047619047,0.375,sklearn_digits_hidden_completion,51,769,8,16,random_selector,6,6.0
3,near_valid,-0.24795118956998913,0.9849044782185822,1.0,0.5682373477706839,0.005283432623496244,0.06910231701229223,0.20913586086464492,0.2469081719000532,sklearn_digits_hidden_completion,51,769,8,16,calibrated_clipped,3,-0.24362090517927157
13,near_valid,-0.24450891251954934,0.9916781062005448,1.0,0.5703103000151538,0.002912662829809334,0.06882831193903027,0.20402254225414557,0.28622875932114966,sklearn_digits_hidden_completion,51,769,8,16,oracle_true_score,13,0.9916781062005448
60,shortcut,-0.6668442917637711,0.4425545700573561,0.0,1.0,0.19510590047992535,0.1614343778735685,0.0,0.2543441633075761,sklearn_digits_hidden_completion,51,769,8,64,min_energy,60,-0.6668442917637711
25,near_valid,-0.25044330260189773,0.9943251722972952,1.0,0.5687377511134928,0.001986189695946657,0.062025543833123635,0.2094130181995788,0.2426387097841439,sklearn_digits_hidden_completion,51,769,8,64,random_selector,25,25.0
28,class_neighbor,-0.26063783593627954,0.809189905149881,1.0,0.5584084865064267,0.06678353319754167,0.023241572341462083,0.22390606911291688,0.15185938231571877,sklearn_digits_hidden_completion,51,769,8,64,calibrated_clipped,28,-0.25940947172080914
25,near_valid,-0.25044330260189773,0.9943251722972952,1.0,0.5687377511134928,0.001986189695946657,0.062025543833123635,0.2094130181995788,0.2426387097841439,sklearn_digits_hidden_completion,51,769,8,64,oracle_true_score,25,0.9943251722972952
126,shortcut,-0.6740173250401422,0.5029109346509195,0.0,1.0,0.17398117287217818,0.13794757859739662,0.0,0.24196579620189207,sklearn_digits_hidden_completion,51,769,8,128,min_energy,126,-0.6740173250401422
39,near_valid,-0.15332226383525915,0.8986218705457814,1.0,0.5228813489915659,0.03548234530897654,0.08013960801902224,0.27582788087882293,0.355527459106291,sklearn_digits_hidden_completion,51,769,8,128,random_selector,39,39.0
52,class_neighbor,-0.2805864543424522,0.4883699426376469,0.0,0.5774251617867219,0.17907052007682359,0.061896162639353464,0.19968177509845886,0.15139104082783061,sklearn_digits_hidden_completion,51,769,8,128,calibrated_clipped,52,-0.26922763403203
25,near_valid,-0.25044330260189773,0.9943251722972952,1.0,0.5687377511134928,0.001986189695946657,0.062025543833123635,0.2094130181995788,0.2426387097841439,sklearn_digits_hidden_completion,51,769,8,128,oracle_true_score,25,0.9943251722972952
0,class_neighbor,-0.26421965443832823,0.5300614375358408,0.0,0.5568614922298951,0.1644784968624557,0.0523721901484603,0.231502777851349,0.07812749443079536,sklearn_digits_hidden_completion,52,784,8,1,min_energy,0,-0.26421965443832823
0,class_neighbor,-0.26421965443832823,0.5300614375358408,0.0,0.5568614922298951,0.1644784968624557,0.0523721901484603,0.231502777851349,0.07812749443079536,sklearn_digits_hidden_completion,52,784,8,1,random_selector,0,0.0
0,class_neighbor,-0.26421965443832823,0.5300614375358408,0.0,0.5568614922298951,0.1644784968624557,0.0523721901484603,0.231502777851349,0.07812749443079536,sklearn_digits_hidden_completion,52,784,8,1,calibrated_clipped,0,-0.26421965443832823
0,class_neighbor,-0.26421965443832823,0.5300614375358408,0.0,0.5568614922298951,0.1644784968624557,0.0523721901484603,0.231502777851349,0.07812749443079536,sklearn_digits_hidden_completion,52,784,8,1,oracle_true_score,0,0.5300614375358408
0,class_neighbor,-0.26421965443832823,0.5300614375358408,0.0,0.5568614922298951,0.1644784968624557,0.0523721901484603,0.231502777851349,0.07812749443079536,sklearn_digits_hidden_completion,52,784,8,4,min_energy,0,-0.26421965443832823
2,near_valid,-0.1863362546648211,0.9521612924635245,1.0,0.5196905376047791,0.016743547637766424,0.05433132179453025,0.27377249229237777,0.209952567095247,sklearn_digits_hidden_completion,52,784,8,4,random_selector,2,2.0
2,near_valid,-0.1863362546648211,0.9521612924635245,1.0,0.5196905376047791,0.016743547637766424,0.05433132179453025,0.27377249229237777,0.209952567095247,sklearn_digits_hidden_completion,52,784,8,4,calibrated_clipped,2,-0.1768170060949396
2,near_valid,-0.1863362546648211,0.9521612924635245,1.0,0.5196905376047791,0.016743547637766424,0.05433132179453025,0.27377249229237777,0.209952567095247,sklearn_digits_hidden_completion,52,784,8,4,oracle_true_score,2,0.9521612924635245
14,shortcut,-0.6521561781348607,0.4352374755915195,0.0,1.0,0.19766688354296819,0.1298441093256965,0.0,0.35937500000000006,sklearn_digits_hidden_completion,52,784,8,16,min_energy,14,-0.6521561781348607
2,near_valid,-0.1863362546648211,0.9521612924635245,1.0,0.5196905376047791,0.016743547637766424,0.05433132179453025,0.27377249229237777,0.209952567095247,sklearn_digits_hidden_completion,52,784,8,16,random_selector,2,2.0
9,near_valid,-0.18540104769638227,0.9683891946485041,1.0,0.5174081996784226,0.01106378187302354,0.051616587154701604,0.28181282468634317,0.18667365527002797,sklearn_digits_hidden_completion,52,784,8,16,calibrated_clipped,9,-0.1771988040691329
10,near_valid,-0.1687187597646045,0.9832383438487692,1.0,0.5116142031851905,0.005866579652930769,0.058778899823603944,0.28967237301434184,0.21958153750839773,sklearn_digits_hidden_completion,52,784,8,16,oracle_true_score,10,0.9832383438487692
14,shortcut,-0.6521561781348607,0.4352374755915195,0.0,1.0,0.19766688354296819,0.1298441093256965,0.0,0.35937500000000006,sklearn_digits_hidden_completion,52,784,8,64,min_energy,14,-0.6521561781348607
39,near_valid,-0.19028374780870466,0.9770517453113933,1.0,0.5197846506689378,0.008031889141012336,0.041950867440227975,0.2710512966661596,0.21043176769282612,sklearn_digits_hidden_completion,52,784,8,64,random_selector,39,39.0
23,class_neighbor,-0.21080867619208613,0.4023317157023295,0.0,0.530097721068876,0.20918389950418464,0.08381994451303124,0.2637566733698335,0.12467227676778092,sklearn_digits_hidden_completion,52,784,8,64,calibrated_clipped,23,-0.20148456195327039
58,near_valid,-0.18648968211975903,0.9905650335110927,1.0,0.5235958712343696,0.003302238271117564,0.05688168107182817,0.278874784881746,0.20724876703346107,sklearn_digits_hidden_completion,52,784,8,64,oracle_true_score,58,0.9905650335110927
14,shortcut,-0.6521561781348607,0.4352374755915195,0.0,1.0,0.19766688354296819,0.1298441093256965,0.0,0.35937500000000006,sklearn_digits_hidden_completion,52,784,8,128,min_energy,14,-0.6521561781348607
17,near_valid,-0.18225908708190997,0.9727657008076644,1.0,0.5301008152187694,0.009532004717317457,0.054831406660185766,0.26806745347161587,0.28456571795370605,sklearn_digits_hidden_completion,52,784,8,128,random_selector,17,17.0
23,class_neighbor,-0.21080867619208613,0.4023317157023295,0.0,0.530097721068876,0.20918389950418464,0.08381994451303124,0.2637566733698335,0.12467227676778092,sklearn_digits_hidden_completion,52,784,8,128,calibrated_clipped,23,-0.20148456195327039
83,near_valid,-0.17842914793896375,0.9928143793965335,1.0,0.5165639273172107,0.0025149672112132577,0.060165446941599435,0.28520108808629874,0.20050054856580027,sklearn_digits_hidden_completion,52,784,8,128,oracle_true_score,83,0.9928143793965335
0,near_valid,-0.2160392711429394,0.9877274345778752,1.0,0.521648047605731,0.004295397897743693,0.02077193049744583,0.26027911026100603,0.1394443390915818,sklearn_digits_hidden_completion,53,799,3,1,min_energy,0,-0.2160392711429394
0,near_valid,-0.2160392711429394,0.9877274345778752,1.0,0.521648047605731,0.004295397897743693,0.02077193049744583,0.26027911026100603,0.1394443390915818,sklearn_digits_hidden_completion,53,799,3,1,random_selector,0,0.0
0,near_valid,-0.2160392711429394,0.9877274345778752,1.0,0.521648047605731,0.004295397897743693,0.02077193049744583,0.26027911026100603,0.1394443390915818,sklearn_digits_hidden_completion,53,799,3,1,calibrated_clipped,0,-0.2160392711429394
0,near_valid,-0.2160392711429394,0.9877274345778752,1.0,0.521648047605731,0.004295397897743693,0.02077193049744583,0.26027911026100603,0.1394443390915818,sklearn_digits_hidden_completion,53,799,3,1,oracle_true_score,0,0.9877274345778752
2,near_valid,-0.246447960362372,0.9826764214773123,1.0,0.538081966534136,0.0060632524829406925,0.017211025318589743,0.23483363031538576,0.12256406400524941,sklearn_digits_hidden_completion,53,799,3,4,min_energy,2,-0.246447960362372
2,near_valid,-0.246447960362372,0.9826764214773123,1.0,0.538081966534136,0.0060632524829406925,0.017211025318589743,0.23483363031538576,0.12256406400524941,sklearn_digits_hidden_completion,53,799,3,4,random_selector,2,2.0
0,near_valid,-0.2160392711429394,0.9877274345778752,1.0,0.521648047605731,0.004295397897743693,0.02077193049744583,0.26027911026100603,0.1394443390915818,sklearn_digits_hidden_completion,53,799,3,4,calibrated_clipped,0,-0.21548661881280406
0,near_valid,-0.2160392711429394,0.9877274345778752,1.0,0.521648047605731,0.004295397897743693,0.02077193049744583,0.26027911026100603,0.1394443390915818,sklearn_digits_hidden_completion,53,799,3,4,oracle_true_score,0,0.9877274345778752
2,near_valid,-0.246447960362372,0.9826764214773123,1.0,0.538081966534136,0.0060632524829406925,0.017211025318589743,0.23483363031538576,0.12256406400524941,sklearn_digits_hidden_completion,53,799,3,16,min_energy,2,-0.246447960362372
10,near_valid,-0.22396274412577483,0.9858990139553997,1.0,0.5237801015934909,0.004935345115610108,0.01640781739689645,0.25684838181927444,0.12162079294681537,sklearn_digits_hidden_completion,53,799,3,16,random_selector,10,10.0
14,near_valid,-0.23119780401364426,0.9676407042496226,1.0,0.5310929233659561,0.011325753512632096,0.023018776153683272,0.24433424980885565,0.1406714794260777,sklearn_digits_hidden_completion,53,799,3,16,calibrated_clipped,14,-0.22365684012393358
11,near_valid,-0.20860006137149034,0.9934554994651406,1.0,0.5196201460023451,0.00229057518720079,0.019877248300871665,0.2636819233262443,0.1605727032032988,sklearn_digits_hidden_completion,53,799,3,16,oracle_true_score,11,0.9934554994651406
59,shortcut,-0.6808978834980698,0.5009798990608971,0.0,1.0,0.17465703532868598,0.13801962837069873,0.0,0.20749095413895244,sklearn_digits_hidden_completion,53,799,3,64,min_energy,59,-0.6808978834980698
14,near_valid,-0.23119780401364426,0.9676407042496226,1.0,0.5310929233659561,0.011325753512632096,0.023018776153683272,0.24433424980885565,0.1406714794260777,sklearn_digits_hidden_completion,53,799,3,64,random_selector,14,14.0
55,random_digit,-0.2452989974528217,0.9532645089285714,1.0,0.5324776785714286,0.016357421875,0.01350687285493931,0.24962797619047616,0.0703125,sklearn_digits_hidden_completion,53,799,3,64,calibrated_clipped,55,-0.23132756869838628
25,near_valid,-0.21970778008612496,0.9935216102753565,1.0,0.5234559653524746,0.0022674364036252524,0.01747251605724113,0.2570223682866433,0.1401369407956448,sklearn_digits_hidden_completion,53,799,3,64,oracle_true_score,25,0.9935216102753565
99,shortcut,-0.6811531052731451,0.5101355169290156,0.0,1.0,0.17145256907484452,0.1347527815828867,0.0,0.20948169205138764,sklearn_digits_hidden_completion,53,799,3,128,min_energy,99,-0.6811531052731451
99,shortcut,-0.6811531052731451,0.5101355169290156,0.0,1.0,0.17145256907484452,0.1347527815828867,0.0,0.20948169205138764,sklearn_digits_hidden_completion,53,799,3,128,random_selector,99,99.0
55,random_digit,-0.2452989974528217,0.9532645089285714,1.0,0.5324776785714286,0.016357421875,0.01350687285493931,0.24962797619047616,0.0703125,sklearn_digits_hidden_completion,53,799,3,128,calibrated_clipped,55,-0.23913048523558783
25,near_valid,-0.21970778008612496,0.9935216102753565,1.0,0.5234559653524746,0.0022674364036252524,0.01747251605724113,0.2570223682866433,0.1401369407956448,sklearn_digits_hidden_completion,53,799,3,128,oracle_true_score,25,0.9935216102753565
0,near_valid,-0.15878989830423604,0.9866866816592987,1.0,0.5105566066518834,0.004659661419245428,0.06442440690250238,0.29621768105540147,0.24161475361852602,sklearn_digits_hidden_completion,54,814,8,1,min_energy,0,-0.15878989830423604
0,near_valid,-0.15878989830423604,0.9866866816592987,1.0,0.5105566066518834,0.004659661419245428,0.06442440690250238,0.29621768105540147,0.24161475361852602,sklearn_digits_hidden_completion,54,814,8,1,random_selector,0,0.0
0,near_valid,-0.15878989830423604,0.9866866816592987,1.0,0.5105566066518834,0.004659661419245428,0.06442440690250238,0.29621768105540147,0.24161475361852602,sklearn_digits_hidden_completion,54,814,8,1,calibrated_clipped,0,-0.15878989830423604
0,near_valid,-0.15878989830423604,0.9866866816592987,1.0,0.5105566066518834,0.004659661419245428,0.06442440690250238,0.29621768105540147,0.24161475361852602,sklearn_digits_hidden_completion,54,814,8,1,oracle_true_score,0,0.9866866816592987
1,class_neighbor,-0.22230625826417777,0.49895265247437426,0.0,0.5292330027374188,0.175366571633969,0.0415041359500152,0.2572667441966628,0.12410478645359366,sklearn_digits_hidden_completion,54,814,8,4,min_energy,1,-0.22230625826417777
3,near_valid,-0.179714108204947,0.9489698240300236,1.0,0.524356760640474,0.017860561589491744,0.06739695965744176,0.2676298817605373,0.264388176878123,sklearn_digits_hidden_completion,54,814,8,4,random_selector,3,3.0
1,class_neighbor,-0.22230625826417777,0.49895265247437426,0.0,0.5292330027374188,0.175366571633969,0.0415041359500152,0.2572667441966628,0.12410478645359366,sklearn_digits_hidden_completion,54,814,8,4,calibrated_clipped,1,-0.1861522810465232
0,near_valid,-0.15878989830423604,0.9866866816592987,1.0,0.5105566066518834,0.004659661419245428,0.06442440690250238,0.29621768105540147,0.24161475361852602,sklearn_digits_hidden_completion,54,814,8,4,oracle_true_score,0,0.9866866816592987
12,shortcut,-0.4080852068005825,0.7782860495591902,0.0,0.6585705614216709,0.0775998826542834,0.0182296941716951,0.08285887715665818,0.18312196497584818,sklearn_digits_hidden_completion,54,814,8,16,min_energy,12,-0.4080852068005825
0,near_valid,-0.15878989830423604,0.9866866816592987,1.0,0.5105566066518834,0.004659661419245428,0.06442440690250238,0.29621768105540147,0.24161475361852602,sklearn_digits_hidden_completion,54,814,8,16,random_selector,0,0.0
7,near_valid,-0.18434373127514891,0.9761666931134423,1.0,0.5264684018277871,0.0083416574102952,0.05820999429243133,0.2700919333330322,0.25157503952018706,sklearn_digits_hidden_completion,54,814,8,16,calibrated_clipped,7,-0.1758211201697627
8,near_valid,-0.1674004144694046,0.9890404208737087,1.0,0.5193684350902518,0.00383585269420197,0.07437167071801368,0.28580108621148104,0.2503049014418344,sklearn_digits_hidden_completion,54,814,8,16,oracle_true_score,8,0.9890404208737087
50,shortcut,-0.6528149213338801,0.39426546967572307,0.0,1.0,0.2120070856134969,0.15606888243860406,0.0,0.3298565108919957,sklearn_digits_hidden_completion,54,814,8,64,min_energy,50,-0.6528149213338801
29,near_valid,-0.18175486236664118,0.980883648000204,1.0,0.528323021597838,0.006690723199928601,0.0639912838163361,0.27398972255694776,0.25497399831074374,sklearn_digits_hidden_completion,54,814,8,64,random_selector,29,29.0
1,class_neighbor,-0.22230625826417777,0.49895265247437426,0.0,0.5292330027374188,0.175366571633969,0.0415041359500152,0.2572667441966628,0.12410478645359366,sklearn_digits_hidden_completion,54,814,8,64,calibrated_clipped,1,-0.21688320662229943
19,near_valid,-0.16220718757165095,0.9942000103240123,1.0,0.5193333985831651,0.002029996386595704,0.06829195162828372,0.28643469613066525,0.2804769408410009,sklearn_digits_hidden_completion,54,814,8,64,oracle_true_score,19,0.9942000103240123
105,shortcut,-0.6585646178218196,0.4733591292582805,0.0,1.0,0.18432430475960182,0.12905191089090212,0.0,0.328125,sklearn_digits_hidden_completion,54,814,8,128,min_energy,105,-0.6585646178218196
0,near_valid,-0.15878989830423604,0.9866866816592987,1.0,0.5105566066518834,0.004659661419245428,0.06442440690250238,0.29621768105540147,0.24161475361852602,sklearn_digits_hidden_completion,54,814,8,128,random_selector,0,0.0
82,class_neighbor,-0.2333859572365572,0.6029278870452802,0.0,0.5321876527949031,0.13897523953415192,0.031061348448809444,0.26362566474707605,0.0727419852948322,sklearn_digits_hidden_completion,54,814,8,128,calibrated_clipped,82,-0.22112234414245155
19,near_valid,-0.16220718757165095,0.9942000103240123,1.0,0.5193333985831651,0.002029996386595704,0.06829195162828372,0.28643469613066525,0.2804769408410009,sklearn_digits_hidden_completion,54,814,8,128,oracle_true_score,19,0.9942000103240123
0,class_neighbor,-0.22947683679401,0.541243515373169,0.0,0.5515174361026027,0.16056476961939087,0.05141528643727061,0.22786207712945994,0.2427702028714247,sklearn_digits_hidden_completion,55,829,8,1,min_energy,0,-0.22947683679401
0,class_neighbor,-0.22947683679401,0.541243515373169,0.0,0.5515174361026027,0.16056476961939087,0.05141528643727061,0.22786207712945994,0.2427702028714247,sklearn_digits_hidden_completion,55,829,8,1,random_selector,0,0.0
0,class_neighbor,-0.22947683679401,0.541243515373169,0.0,0.5515174361026027,0.16056476961939087,0.05141528643727061,0.22786207712945994,0.2427702028714247,sklearn_digits_hidden_completion,55,829,8,1,calibrated_clipped,0,-0.22947683679401
0,class_neighbor,-0.22947683679401,0.541243515373169,0.0,0.5515174361026027,0.16056476961939087,0.05141528643727061,0.22786207712945994,0.2427702028714247,sklearn_digits_hidden_completion,55,829,8,1,oracle_true_score,0,0.541243515373169
1,near_valid,-0.2531295832678642,0.9775465083761815,1.0,0.5722459359879958,0.007858722068336484,0.05806131954837838,0.19768670045405268,0.2785745978186399,sklearn_digits_hidden_completion,55,829,8,4,min_energy,1,-0.2531295832678642
0,class_neighbor,-0.22947683679401,0.541243515373169,0.0,0.5515174361026027,0.16056476961939087,0.05141528643727061,0.22786207712945994,0.2427702028714247,sklearn_digits_hidden_completion,55,829,8,4,random_selector,0,0.0
0,class_neighbor,-0.22947683679401,0.541243515373169,0.0,0.5515174361026027,0.16056476961939087,0.05141528643727061,0.22786207712945994,0.2427702028714247,sklearn_digits_hidden_completion,55,829,8,4,calibrated_clipped,0,-0.22733086222335194
1,near_valid,-0.2531295832678642,0.9775465083761815,1.0,0.5722459359879958,0.007858722068336484,0.05806131954837838,0.19768670045405268,0.2785745978186399,sklearn_digits_hidden_completion,55,829,8,4,oracle_true_score,1,0.9775465083761815
11,shortcut,-0.6547731300324409,0.47520105223299847,0.0,1.0,0.18367963171845053,0.15421524543971266,0.0,0.32191910439808313,sklearn_digits_hidden_completion,55,829,8,16,min_energy,11,-0.6547731300324409
1,near_valid,-0.2531295832678642,0.9775465083761815,1.0,0.5722459359879958,0.007858722068336484,0.05806131954837838,0.19768670045405268,0.2785745978186399,sklearn_digits_hidden_completion,55,829,8,16,random_selector,1,1.0
12,near_valid,-0.2604414161270376,0.9825602655549198,1.0,0.5767268700657022,0.006103907055778079,0.05753726135474133,0.19572101938546527,0.26474861744642453,sklearn_digits_hidden_completion,55,829,8,16,calibrated_clipped,12,-0.24352022220310474
9,near_valid,-0.25415760656842934,0.9934310477711937,1.0,0.5727373249312118,0.002299133280082211,0.06069747043982079,0.20484672034262164,0.2529509842678669,sklearn_digits_hidden_completion,55,829,8,16,oracle_true_score,9,0.9934310477711937
55,shortcut,-0.6624748359778692,0.5365149318844673,0.0,1.0,0.16221977384043643,0.1301521592601804,0.0,0.3074736608504739,sklearn_digits_hidden_completion,55,829,8,64,min_energy,55,-0.6624748359778692
19,random_digit,-0.16858064279148943,0.6986607142857142,0.0,0.5177455357142857,0.10546875,0.03790965806636239,0.27492559523809523,0.3046875,sklearn_digits_hidden_completion,55,829,8,64,random_selector,19,19.0
54,class_neighbor,-0.25674493028747647,0.4854068561916748,0.0,0.5701995920633509,0.18010760033291381,0.06373103752207204,0.21266335183022048,0.205968563745005,sklearn_digits_hidden_completion,55,829,8,64,calibrated_clipped,54,-0.2482914881492533
41,near_valid,-0.26144651764292964,0.994064379118057,1.0,0.5793847090334233,0.002077467308680064,0.06278354282416694,0.19532705598817945,0.26552712386902905,sklearn_digits_hidden_completion,55,829,8,64,oracle_true_score,41,0.994064379118057
55,shortcut,-0.6624748359778692,0.5365149318844673,0.0,1.0,0.16221977384043643,0.1301521592601804,0.0,0.3074736608504739,sklearn_digits_hidden_completion,55,829,8,128,min_energy,55,-0.6624748359778692
49,near_valid,-0.21164594276802048,0.9742082461089829,1.0,0.5507414173167724,0.009027113861855984,0.07158535044980106,0.23633159652132196,0.28555336021435757,sklearn_digits_hidden_completion,55,829,8,128,random_selector,49,49.0
93,near_valid,-0.25658224526920376,0.9738261822908845,1.0,0.5671032884086926,0.009160836198190452,0.05568476477798732,0.2066262551267506,0.21981913881002696,sklearn_digits_hidden_completion,55,829,8,128,calibrated_clipped,93,-0.2532010806625149
41,near_valid,-0.26144651764292964,0.994064379118057,1.0,0.5793847090334233,0.002077467308680064,0.06278354282416694,0.19532705598817945,0.26552712386902905,sklearn_digits_hidden_completion,55,829,8,128,oracle_true_score,41,0.994064379118057
0,class_neighbor,-0.209480185647939,0.9204379987832776,1.0,0.5314180602886891,0.027846700425852848,0.01051664449853753,0.2544240694738888,0.2352339622911572,sklearn_digits_hidden_completion,56,844,4,1,min_energy,0,-0.209480185647939
0,class_neighbor,-0.209480185647939,0.9204379987832776,1.0,0.5314180602886891,0.027846700425852848,0.01051664449853753,0.2544240694738888,0.2352339622911572,sklearn_digits_hidden_completion,56,844,4,1,random_selector,0,0.0
0,class_neighbor,-0.209480185647939,0.9204379987832776,1.0,0.5314180602886891,0.027846700425852848,0.01051664449853753,0.2544240694738888,0.2352339622911572,sklearn_digits_hidden_completion,56,844,4,1,calibrated_clipped,0,-0.209480185647939
0,class_neighbor,-0.209480185647939,0.9204379987832776,1.0,0.5314180602886891,0.027846700425852848,0.01051664449853753,0.2544240694738888,0.2352339622911572,sklearn_digits_hidden_completion,56,844,4,1,oracle_true_score,0,0.9204379987832776
3,random_digit,-0.2525626574622769,0.5281110491071428,0.0,0.5817522321428572,0.1651611328125,0.12230111001004432,0.19587053571428573,0.2578125,sklearn_digits_hidden_completion,56,844,4,4,min_energy,3,-0.2525626574622769
1,near_valid,-0.20409682962107467,0.9703520096422515,1.0,0.5255254380406225,0.010376796625211975,0.026112306816490658,0.25792413357667754,0.21483257039460688,sklearn_digits_hidden_completion,56,844,4,4,random_selector,1,1.0
0,class_neighbor,-0.209480185647939,0.9204379987832776,1.0,0.5314180602886891,0.027846700425852848,0.01051664449853753,0.2544240694738888,0.2352339622911572,sklearn_digits_hidden_completion,56,844,4,4,calibrated_clipped,0,-0.206828505636309
1,near_valid,-0.20409682962107467,0.9703520096422515,1.0,0.5255254380406225,0.010376796625211975,0.026112306816490658,0.25792413357667754,0.21483257039460688,sklearn_digits_hidden_completion,56,844,4,4,oracle_true_score,1,0.9703520096422515
3,random_digit,-0.2525626574622769,0.5281110491071428,0.0,0.5817522321428572,0.1651611328125,0.12230111001004432,0.19587053571428573,0.2578125,sklearn_digits_hidden_completion,56,844,4,16,min_energy,3,-0.2525626574622769
7,near_valid,-0.2285697687164546,0.978183546450997,1.0,0.536515941003727,0.0076357587421510475,0.02007512162520529,0.2484707884612568,0.16571614528804182,sklearn_digits_hidden_completion,56,844,4,16,random_selector,7,7.0
9,near_valid,-0.21124795420909312,0.9653925441266195,1.0,0.529171061905736,0.012112609555683187,0.026556515394213463,0.2559154500802259,0.19782770798620974,sklearn_digits_hidden_completion,56,844,4,16,calibrated_clipped,9,-0.20908726759081642
8,near_valid,-0.2391741334117019,0.9862134975765322,1.0,0.539701855301352,0.004825275848213739,0.018668324476423255,0.24273071748990427,0.14183349274790022,sklearn_digits_hidden_completion,56,844,4,16,oracle_true_score,8,0.9862134975765322
30,shortcut,-0.6530655312575893,0.31214312118703713,0.0,1.0,0.240749907584537,0.16845885848382064,0.0,0.3162134852282328,sklearn_digits_hidden_completion,56,844,4,64,min_energy,30,-0.6530655312575893
63,shortcut,-0.44535299670258804,0.6503234727951652,0.0,0.7084551573942255,0.12238678452169215,0.06199741001900008,0.06203081757569673,0.1973596983632392,sklearn_digits_hidden_completion,56,844,4,64,random_selector,63,63.0
8,near_valid,-0.2391741334117019,0.9862134975765322,1.0,0.539701855301352,0.004825275848213739,0.018668324476423255,0.24273071748990427,0.14183349274790022,sklearn_digits_hidden_completion,56,844,4,64,calibrated_clipped,8,-0.2256195393198525
27,near_valid,-0.2138243283927166,0.9968143524774093,1.0,0.5216421487847499,0.0011149766329067422,0.029237382225840186,0.26406861389290676,0.13161034554789547,sklearn_digits_hidden_completion,56,844,4,64,oracle_true_score,27,0.9968143524774093
30,shortcut,-0.6530655312575893,0.31214312118703713,0.0,1.0,0.240749907584537,0.16845885848382064,0.0,0.3162134852282328,sklearn_digits_hidden_completion,56,844,4,128,min_energy,30,-0.6530655312575893
78,near_valid,-0.1949571169981134,0.9865826400389937,1.0,0.5120840875350817,0.00469607598635223,0.027750017110562665,0.28061302826729684,0.1460938984203605,sklearn_digits_hidden_completion,56,844,4,128,random_selector,78,78.0
8,near_valid,-0.2391741334117019,0.9862134975765322,1.0,0.539701855301352,0.004825275848213739,0.018668324476423255,0.24273071748990427,0.14183349274790022,sklearn_digits_hidden_completion,56,844,4,128,calibrated_clipped,8,-0.22628296768996806
27,near_valid,-0.2138243283927166,0.9968143524774093,1.0,0.5216421487847499,0.0011149766329067422,0.029237382225840186,0.26406861389290676,0.13161034554789547,sklearn_digits_hidden_completion,56,844,4,128,oracle_true_score,27,0.9968143524774093
0,near_valid,-0.256043893668354,0.9656798279139782,1.0,0.542846977337204,0.012012060230107643,0.020735383970989216,0.2304455681010413,0.10099600042389204,sklearn_digits_hidden_completion,57,859,3,1,min_energy,0,-0.256043893668354
0,near_valid,-0.256043893668354,0.9656798279139782,1.0,0.542846977337204,0.012012060230107643,0.020735383970989216,0.2304455681010413,0.10099600042389204,sklearn_digits_hidden_completion,57,859,3,1,random_selector,0,0.0
0,near_valid,-0.256043893668354,0.9656798279139782,1.0,0.542846977337204,0.012012060230107643,0.020735383970989216,0.2304455681010413,0.10099600042389204,sklearn_digits_hidden_completion,57,859,3,1,calibrated_clipped,0,-0.256043893668354
0,near_valid,-0.256043893668354,0.9656798279139782,1.0,0.542846977337204,0.012012060230107643,0.020735383970989216,0.2304455681010413,0.10099600042389204,sklearn_digits_hidden_completion,57,859,3,1,oracle_true_score,0,0.9656798279139782
0,near_valid,-0.256043893668354,0.9656798279139782,1.0,0.542846977337204,0.012012060230107643,0.020735383970989216,0.2304455681010413,0.10099600042389204,sklearn_digits_hidden_completion,57,859,3,4,min_energy,0,-0.256043893668354
2,near_valid,-0.24263121344446797,0.971830668136679,1.0,0.5363759910936122,0.009859266152162366,0.026038319494412814,0.24520418558713397,0.09790406951967484,sklearn_digits_hidden_completion,57,859,3,4,random_selector,2,2.0
2,near_valid,-0.24263121344446797,0.971830668136679,1.0,0.5363759910936122,0.009859266152162366,0.026038319494412814,0.24520418558713397,0.09790406951967484,sklearn_digits_hidden_completion,57,859,3,4,calibrated_clipped,2,-0.2399916870848101
2,near_valid,-0.24263121344446797,0.971830668136679,1.0,0.5363759910936122,0.009859266152162366,0.026038319494412814,0.24520418558713397,0.09790406951967484,sklearn_digits_hidden_completion,57,859,3,4,oracle_true_score,2,0.971830668136679
6,shortcut,-0.4197383429363103,0.7630702882154595,0.0,0.6830346002916854,0.08292539912458916,0.04700268853511651,0.0674394467464499,0.2302268693244149,sklearn_digits_hidden_completion,57,859,3,16,min_energy,6,-0.4197383429363103
9,near_valid,-0.21534313947053552,0.9647479933699328,1.0,0.5301883220867212,0.01233820232052353,0.021506918147182544,0.25478425396175114,0.1893268939305287,sklearn_digits_hidden_completion,57,859,3,16,random_selector,9,9.0
15,near_valid,-0.25190105289224873,0.9820651738443315,1.0,0.5386857888206044,0.006277189154483994,0.014494205640735123,0.24074549295029718,0.08402213236196997,sklearn_digits_hidden_completion,57,859,3,16,calibrated_clipped,15,-0.24594516282570883
5,near_valid,-0.256399518029553,0.9872721889849068,1.0,0.5426048556347937,0.004454733855282624,0.012750241827037462,0.23427816387344347,0.09575542600370424,sklearn_digits_hidden_completion,57,859,3,16,oracle_true_score,5,0.9872721889849068
49,shortcut,-0.6831932903828043,0.5268374555536959,0.0,1.0,0.16560689055620642,0.16344446528736445,0.0,0.17058908279861412,sklearn_digits_hidden_completion,57,859,3,64,min_energy,49,-0.6831932903828043
17,near_valid,-0.22954028026266532,0.9897699991437615,1.0,0.5274673877019801,0.003580500299683461,0.016452623635700797,0.25741044494736537,0.10596995532814318,sklearn_digits_hidden_completion,57,859,3,64,random_selector,17,17.0
57,near_valid,-0.25871411381575943,0.9773144891806101,1.0,0.5406526490141113,0.00793992878678646,0.015725414967561933,0.23662182749374042,0.06744142414877202,sklearn_digits_hidden_completion,57,859,3,64,calibrated_clipped,57,-0.24891914926362185
39,near_valid,-0.24919930055769063,0.9930924399253739,1.0,0.5372206995924308,0.0024176460261191484,0.01557774088390095,0.2422701686067058,0.08676041613082047,sklearn_digits_hidden_completion,57,859,3,64,oracle_true_score,39,0.9930924399253739
102,shortcut,-0.6847029943350231,0.5879966264139127,0.0,1.0,0.14420118075513053,0.13778634046272706,0.0,0.1886986878621571,sklearn_digits_hidden_completion,57,859,3,128,min_energy,102,-0.6847029943350231
72,class_neighbor,-0.20831003688086974,0.9131712373380529,1.0,0.5221130213444325,0.03039006693168146,0.019212580660734075,0.26308016659884925,0.17369060682970355,sklearn_digits_hidden_completion,57,859,3,128,random_selector,72,72.0
105,class_neighbor,-0.25827227416029136,0.9523979155315092,1.0,0.5396019808100482,0.016660729563971795,0.014078641928352509,0.23891426920168357,0.06105317500324158,sklearn_digits_hidden_completion,57,859,3,128,calibrated_clipped,105,-0.2513790395204829
114,near_valid,-0.2448943050681663,0.9950462028391749,1.0,0.5327521401156052,0.0017338290062887834,0.015281112001583972,0.24568142554076727,0.08244396785399395,sklearn_digits_hidden_completion,57,859,3,128,oracle_true_score,114,0.9950462028391749
0,class_neighbor,-0.26261490030488877,0.8075330899431372,1.0,0.5646089191223895,0.06736341851990199,0.029310992893035473,0.20686646616063803,0.20601517034972688,sklearn_digits_hidden_completion,58,874,3,1,min_energy,0,-0.26261490030488877
0,class_neighbor,-0.26261490030488877,0.8075330899431372,1.0,0.5646089191223895,0.06736341851990199,0.029310992893035473,0.20686646616063803,0.20601517034972688,sklearn_digits_hidden_completion,58,874,3,1,random_selector,0,0.0
0,class_neighbor,-0.26261490030488877,0.8075330899431372,1.0,0.5646089191223895,0.06736341851990199,0.029310992893035473,0.20686646616063803,0.20601517034972688,sklearn_digits_hidden_completion,58,874,3,1,calibrated_clipped,0,-0.26261490030488877
0,class_neighbor,-0.26261490030488877,0.8075330899431372,1.0,0.5646089191223895,0.06736341851990199,0.029310992893035473,0.20686646616063803,0.20601517034972688,sklearn_digits_hidden_completion,58,874,3,1,oracle_true_score,0,0.8075330899431372
0,class_neighbor,-0.26261490030488877,0.8075330899431372,1.0,0.5646089191223895,0.06736341851990199,0.029310992893035473,0.20686646616063803,0.20601517034972688,sklearn_digits_hidden_completion,58,874,3,4,min_energy,0,-0.26261490030488877
3,near_valid,-0.17643003846193556,0.9789481340545567,1.0,0.503984910252797,0.007368153080905141,0.029933266258137792,0.29551720397587417,0.16518764394651902,sklearn_digits_hidden_completion,58,874,3,4,random_selector,3,3.0
0,class_neighbor,-0.26261490030488877,0.8075330899431372,1.0,0.5646089191223895,0.06736341851990199,0.029310992893035473,0.20686646616063803,0.20601517034972688,sklearn_digits_hidden_completion,58,874,3,4,calibrated_clipped,0,-0.25048627203484
3,near_valid,-0.17643003846193556,0.9789481340545567,1.0,0.503984910252797,0.007368153080905141,0.029933266258137792,0.29551720397587417,0.16518764394651902,sklearn_digits_hidden_completion,58,874,3,4,oracle_true_score,3,0.9789481340545567
7,shortcut,-0.4734475297050438,0.4228129008691479,0.0,0.7872882689113583,0.20201548469579822,0.16973736790104768,0.06488993544460682,0.23690866951865808,sklearn_digits_hidden_completion,58,874,3,16,min_energy,7,-0.4734475297050438
7,shortcut,-0.4734475297050438,0.4228129008691479,0.0,0.7872882689113583,0.20201548469579822,0.16973736790104768,0.06488993544460682,0.23690866951865808,sklearn_digits_hidden_completion,58,874,3,16,random_selector,7,7.0
5,random_digit,-0.2510246954548708,0.60205078125,0.0,0.5523995535714286,0.1392822265625,0.09441614326136007,0.21707589285714285,0.125,sklearn_digits_hidden_completion,58,874,3,16,calibrated_clipped,5,-0.227683609433202
13,near_valid,-0.1492913066953308,0.9894774772202105,1.0,0.484415257824093,0.0036828829729263052,0.03144838167188846,0.31431288899014126,0.17429185696891775,sklearn_digits_hidden_completion,58,874,3,16,oracle_true_score,13,0.9894774772202105
16,shortcut,-0.678777242601321,0.4390844218864337,0.0,1.0,0.19632045233974818,0.1519704757897856,0.0,0.2041433112036096,sklearn_digits_hidden_completion,58,874,3,64,min_energy,16,-0.678777242601321
17,class_neighbor,-0.18130910299785888,0.8844356190366937,1.0,0.5164793669977558,0.04044753333715721,0.02955061108169469,0.2798248301881042,0.23118321715330847,sklearn_digits_hidden_completion,58,874,3,64,random_selector,17,17.0
5,random_digit,-0.2510246954548708,0.60205078125,0.0,0.5523995535714286,0.1392822265625,0.09441614326136007,0.21707589285714285,0.125,sklearn_digits_hidden_completion,58,874,3,64,calibrated_clipped,5,-0.20775453268572996
44,near_valid,-0.17098465722328848,0.9945682385270678,1.0,0.5019293932010642,0.0019011165155262814,0.029379575595637683,0.2964522577916901,0.18268865386476277,sklearn_digits_hidden_completion,58,874,3,64,oracle_true_score,44,0.9945682385270678
81,shortcut,-0.6787789852326438,0.41100448700402137,0.0,1.0,0.2061484295485925,0.16157358622404824,0.0,0.19453148761273248,sklearn_digits_hidden_completion,58,874,3,128,min_energy,81,-0.6787789852326438
101,near_valid,-0.1678865597852202,0.9771683471303286,1.0,0.4979471563565776,0.007991078504384986,0.0367792900245949,0.2997811130629109,0.16669168646346497,sklearn_digits_hidden_completion,58,874,3,128,random_selector,101,101.0
66,random_digit,-0.2588159641780363,0.5734514508928571,0.0,0.5474330357142857,0.1492919921875,0.10821742613362784,0.22805059523809523,0.0234375,sklearn_digits_hidden_completion,58,874,3,128,calibrated_clipped,66,-0.22010599029533096
44,near_valid,-0.17098465722328848,0.9945682385270678,1.0,0.5019293932010642,0.0019011165155262814,0.029379575595637683,0.2964522577916901,0.18268865386476277,sklearn_digits_hidden_completion,58,874,3,128,oracle_true_score,44,0.9945682385270678
0,near_valid,-0.2029879578162195,0.9328035863828726,1.0,0.5121567190363228,0.023518744765994574,0.06642603664981997,0.2720162181702896,0.09117727068699628,sklearn_digits_hidden_completion,59,889,2,1,min_energy,0,-0.2029879578162195
0,near_valid,-0.2029879578162195,0.9328035863828726,1.0,0.5121567190363228,0.023518744765994574,0.06642603664981997,0.2720162181702896,0.09117727068699628,sklearn_digits_hidden_completion,59,889,2,1,random_selector,0,0.0
0,near_valid,-0.2029879578162195,0.9328035863828726,1.0,0.5121567190363228,0.023518744765994574,0.06642603664981997,0.2720162181702896,0.09117727068699628,sklearn_digits_hidden_completion,59,889,2,1,calibrated_clipped,0,-0.2029879578162195
0,near_valid,-0.2029879578162195,0.9328035863828726,1.0,0.5121567190363228,0.023518744765994574,0.06642603664981997,0.2720162181702896,0.09117727068699628,sklearn_digits_hidden_completion,59,889,2,1,oracle_true_score,0,0.9328035863828726
1,near_valid,-0.23936905337927575,0.9892573793616793,1.0,0.5368102580580782,0.003759917223412225,0.061800125029388184,0.24245865836223798,0.08763176529587205,sklearn_digits_hidden_completion,59,889,2,4,min_energy,1,-0.23936905337927575
3,near_valid,-0.23395793401780035,0.9865594678384264,1.0,0.5362119597373924,0.004704186256550749,0.06551405805751041,0.2437782864193971,0.10510083321536726,sklearn_digits_hidden_completion,59,889,2,4,random_selector,3,3.0
1,near_valid,-0.23936905337927575,0.9892573793616793,1.0,0.5368102580580782,0.003759917223412225,0.061800125029388184,0.24245865836223798,0.08763176529587205,sklearn_digits_hidden_completion,59,889,2,4,calibrated_clipped,1,-0.22475905495829193
1,near_valid,-0.23936905337927575,0.9892573793616793,1.0,0.5368102580580782,0.003759917223412225,0.061800125029388184,0.24245865836223798,0.08763176529587205,sklearn_digits_hidden_completion,59,889,2,4,oracle_true_score,1,0.9892573793616793
13,shortcut,-0.6745802353392109,0.3673058970174212,0.0,1.0,0.22144293604390256,0.15706670952233664,0.0,0.22003211378160892,sklearn_digits_hidden_completion,59,889,2,16,min_energy,13,-0.6745802353392109
8,near_valid,-0.23124685171273013,0.9696695451769491,1.0,0.5385519859860214,0.010615659188067797,0.08194056810880077,0.2411220289334438,0.11830954120815829,sklearn_digits_hidden_completion,59,889,2,16,random_selector,8,8.0
1,near_valid,-0.23936905337927575,0.9892573793616793,1.0,0.5368102580580782,0.003759917223412225,0.061800125029388184,0.24245865836223798,0.08763176529587205,sklearn_digits_hidden_completion,59,889,2,16,calibrated_clipped,1,-0.2393312071657163
14,near_valid,-0.2377875704881158,0.9921274249409165,1.0,0.5367261553612794,0.0027554012706792227,0.07194437252713233,0.24556739004445566,0.0765305350148334,sklearn_digits_hidden_completion,59,889,2,16,oracle_true_score,14,0.9921274249409165
29,shortcut,-0.6750400962425424,0.3840726198824692,0.0,1.0,0.21557458304113575,0.15186502300635063,0.0,0.2229344957809376,sklearn_digits_hidden_completion,59,889,2,64,min_energy,29,-0.6750400962425424
37,near_valid,-0.2346526572700707,0.9927512084767731,1.0,0.5320773674424394,0.0025370770331293907,0.0700736531037576,0.24784719816577422,0.07037339349915762,sklearn_digits_hidden_completion,59,889,2,64,random_selector,37,37.0
32,class_neighbor,-0.25667382916137055,0.750793143739539,0.0,0.5431512929692623,0.08722239969116133,0.024107953277648524,0.23843382898180854,0.07364721985025904,sklearn_digits_hidden_completion,59,889,2,64,calibrated_clipped,32,-0.25140088825351975
34,near_valid,-0.24682030425790807,0.995362428068914,1.0,0.5441827811124664,0.0016231501758801146,0.06832425926942548,0.2351397627999634,0.0916253009128838,sklearn_digits_hidden_completion,59,889,2,64,oracle_true_score,34,0.995362428068914
29,shortcut,-0.6750400962425424,0.3840726198824692,0.0,1.0,0.21557458304113575,0.15186502300635063,0.0,0.2229344957809376,sklearn_digits_hidden_completion,59,889,2,128,min_energy,29,-0.6750400962425424
50,class_neighbor,-0.2103768493959324,0.9121655702243799,1.0,0.5282736464901985,0.030742050421467007,0.07990638582030299,0.2496522958720873,0.16269172789003927,sklearn_digits_hidden_completion,59,889,2,128,random_selector,50,50.0
32,class_neighbor,-0.25667382916137055,0.750793143739539,0.0,0.5431512929692623,0.08722239969116133,0.024107953277648524,0.23843382898180854,0.07364721985025904,sklearn_digits_hidden_completion,59,889,2,128,calibrated_clipped,32,-0.2508533512842421
34,near_valid,-0.24682030425790807,0.995362428068914,1.0,0.5441827811124664,0.0016231501758801146,0.06832425926942548,0.2351397627999634,0.0916253009128838,sklearn_digits_hidden_completion,59,889,2,128,oracle_true_score,34,0.995362428068914
0,shortcut,-0.6438227455500818,0.36885841838999767,0.0,1.0,0.2208995535635008,0.1653325258717364,0.0,0.36555374637785465,sklearn_digits_hidden_completion,60,905,8,1,min_energy,0,-0.6438227455500818
0,shortcut,-0.6438227455500818,0.36885841838999767,0.0,1.0,0.2208995535635008,0.1653325258717364,0.0,0.36555374637785465,sklearn_digits_hidden_completion,60,905,8,1,random_selector,0,0.0
0,shortcut,-0.6438227455500818,0.36885841838999767,0.0,1.0,0.2208995535635008,0.1653325258717364,0.0,0.36555374637785465,sklearn_digits_hidden_completion,60,905,8,1,calibrated_clipped,0,-0.6438227455500818
0,shortcut,-0.6438227455500818,0.36885841838999767,0.0,1.0,0.2208995535635008,0.1653325258717364,0.0,0.36555374637785465,sklearn_digits_hidden_completion,60,905,8,1,oracle_true_score,0,0.36885841838999767
0,shortcut,-0.6438227455500818,0.36885841838999767,0.0,1.0,0.2208995535635008,0.1653325258717364,0.0,0.36555374637785465,sklearn_digits_hidden_completion,60,905,8,4,min_energy,0,-0.6438227455500818
1,near_valid,-0.183075171426939,0.9872325965602253,1.0,0.4963595146098674,0.0044685912039211274,0.06950885368445761,0.2997696682576848,0.05209688125921685,sklearn_digits_hidden_completion,60,905,8,4,random_selector,1,1.0
3,class_neighbor,-0.2698431976304587,0.6087972941407381,0.0,0.5756951521153608,0.13692094705074165,0.06376940411478457,0.201092123153684,0.19286808949289402,sklearn_digits_hidden_completion,60,905,8,4,calibrated_clipped,3,-0.25996250341383387
1,near_valid,-0.183075171426939,0.9872325965602253,1.0,0.4963595146098674,0.0044685912039211274,0.06950885368445761,0.2997696682576848,0.05209688125921685,sklearn_digits_hidden_completion,60,905,8,4,oracle_true_score,1,0.9872325965602253
14,shortcut,-0.65117014769228,0.46033111693003637,0.0,1.0,0.18888410907448727,0.1347742615386,0.0,0.359375,sklearn_digits_hidden_completion,60,905,8,16,min_energy,14,-0.65117014769228
11,shortcut,-0.45593080441549894,0.4719493934094694,0.0,0.8023732522659146,0.1848177123066857,0.15132629799842823,0.060288103702415705,0.41212709073961373,sklearn_digits_hidden_completion,60,905,8,16,random_selector,11,11.0
8,random_digit,-0.30985451966443694,0.7837611607142857,0.0,0.5920200892857144,0.07568359375,0.09123614423733939,0.17950148809523808,0.0859375,sklearn_digits_hidden_completion,60,905,8,16,calibrated_clipped,8,-0.30250829793777784
4,near_valid,-0.18582302276975793,0.9875761114206276,1.0,0.5079376503359138,0.004348361002780313,0.06425385489275046,0.28613516321415755,0.12452552117920325,sklearn_digits_hidden_completion,60,905,8,16,oracle_true_score,4,0.9875761114206276
14,shortcut,-0.65117014769228,0.46033111693003637,0.0,1.0,0.18888410907448727,0.1347742615386,0.0,0.359375,sklearn_digits_hidden_completion,60,905,8,64,min_energy,14,-0.65117014769228
1,near_valid,-0.183075171426939,0.9872325965602253,1.0,0.4963595146098674,0.0044685912039211274,0.06950885368445761,0.2997696682576848,0.05209688125921685,sklearn_digits_hidden_completion,60,905,8,64,random_selector,1,1.0
37,shortcut,-0.39943234117994536,0.746259518912443,0.0,0.6575455404711817,0.08880916838064494,0.018418925196833948,0.08490891905763649,0.21671561826187025,sklearn_digits_hidden_completion,60,905,8,64,calibrated_clipped,37,-0.27592111515166895
16,near_valid,-0.17703643997142068,0.9898917017188186,1.0,0.5015522259347,0.003537904398413498,0.07511855234515252,0.2936720601335827,0.11292192968551622,sklearn_digits_hidden_completion,60,905,8,64,oracle_true_score,16,0.9898917017188186
14,shortcut,-0.65117014769228,0.46033111693003637,0.0,1.0,0.18888410907448727,0.1347742615386,0.0,0.359375,sklearn_digits_hidden_completion,60,905,8,128,min_energy,14,-0.65117014769228
67,near_valid,-0.1939922419353918,0.9818272201493898,1.0,0.5143631838507464,0.006360472947713538,0.06100129325858972,0.2786742739305514,0.1315451831957339,sklearn_digits_hidden_completion,60,905,8,128,random_selector,67,67.0
2,class_neighbor,-0.25205226494886257,0.598697214602554,0.0,0.5537380538561945,0.1404559748891061,0.04627907703257471,0.23357914064379415,0.1276346634134079,sklearn_digits_hidden_completion,60,905,8,128,calibrated_clipped,2,-0.21617064173054476
97,near_valid,-0.21491914424144562,0.9922625130994303,1.0,0.5205029379505577,0.002708120415199403,0.05601871765125309,0.26476434116765024,0.09316964024507197,sklearn_digits_hidden_completion,60,905,8,128,oracle_true_score,97,0.9922625130994303
0,shortcut,-0.514008459641399,0.7344675190776717,0.0,0.8419467278847912,0.09293636832281488,0.08017326194525867,0.048215801600950896,0.3744912150130988,sklearn_digits_hidden_completion,61,920,5,1,min_energy,0,-0.514008459641399
0,shortcut,-0.514008459641399,0.7344675190776717,0.0,0.8419467278847912,0.09293636832281488,0.08017326194525867,0.048215801600950896,0.3744912150130988,sklearn_digits_hidden_completion,61,920,5,1,random_selector,0,0.0
0,shortcut,-0.514008459641399,0.7344675190776717,0.0,0.8419467278847912,0.09293636832281488,0.08017326194525867,0.048215801600950896,0.3744912150130988,sklearn_digits_hidden_completion,61,920,5,1,calibrated_clipped,0,-0.514008459641399
0,shortcut,-0.514008459641399,0.7344675190776717,0.0,0.8419467278847912,0.09293636832281488,0.08017326194525867,0.048215801600950896,0.3744912150130988,sklearn_digits_hidden_completion,61,920,5,1,oracle_true_score,0,0.7344675190776717
1,shortcut,-0.6473184110259484,0.638988526812643,0.0,1.0,0.12635401561557497,0.09371776296138352,0.0,0.41969018190887397,sklearn_digits_hidden_completion,61,920,5,4,min_energy,1,-0.6473184110259484
0,shortcut,-0.514008459641399,0.7344675190776717,0.0,0.8419467278847912,0.09293636832281488,0.08017326194525867,0.048215801600950896,0.3744912150130988,sklearn_digits_hidden_completion,61,920,5,4,random_selector,0,0.0
0,shortcut,-0.514008459641399,0.7344675190776717,0.0,0.8419467278847912,0.09293636832281488,0.08017326194525867,0.048215801600950896,0.3744912150130988,sklearn_digits_hidden_completion,61,920,5,4,calibrated_clipped,0,-0.3804874991107903
3,near_valid,-0.19880482819542944,0.9923167486357716,1.0,0.5452334822612163,0.0026891379774799593,0.05216348052633079,0.22411580621022892,0.3821194698979533,sklearn_digits_hidden_completion,61,920,5,4,oracle_true_score,3,0.9923167486357716
1,shortcut,-0.6473184110259484,0.638988526812643,0.0,1.0,0.12635401561557497,0.09371776296138352,0.0,0.41969018190887397,sklearn_digits_hidden_completion,61,920,5,16,min_energy,1,-0.6473184110259484
3,near_valid,-0.19880482819542944,0.9923167486357716,1.0,0.5452334822612163,0.0026891379774799593,0.05216348052633079,0.22411580621022892,0.3821194698979533,sklearn_digits_hidden_completion,61,920,5,16,random_selector,3,3.0
11,random_digit,-0.27290623838408323,0.3195452008928571,0.0,0.5838169642857143,0.2381591796875,0.13421322772244068,0.18861607142857142,0.171875,sklearn_digits_hidden_completion,61,920,5,16,calibrated_clipped,11,-0.2356778935134419
3,near_valid,-0.19880482819542944,0.9923167486357716,1.0,0.5452334822612163,0.0026891379774799593,0.05216348052633079,0.22411580621022892,0.3821194698979533,sklearn_digits_hidden_completion,61,920,5,16,oracle_true_score,3,0.9923167486357716
1,shortcut,-0.6473184110259484,0.638988526812643,0.0,1.0,0.12635401561557497,0.09371776296138352,0.0,0.41969018190887397,sklearn_digits_hidden_completion,61,920,5,64,min_energy,1,-0.6473184110259484
36,near_valid,-0.1763180160305064,0.972615522348697,1.0,0.5332186955125907,0.009584567177956077,0.060091834733488184,0.2374243184987858,0.40497131741453374,sklearn_digits_hidden_completion,61,920,5,64,random_selector,36,36.0
48,class_neighbor,-0.2540441186929879,0.7736484579592633,0.0,0.5496460346745473,0.07922303971425786,0.0204168506884609,0.2268693661661964,0.14664442891911206,sklearn_digits_hidden_completion,61,920,5,64,calibrated_clipped,48,-0.23733001547180183
3,near_valid,-0.19880482819542944,0.9923167486357716,1.0,0.5452334822612163,0.0026891379774799593,0.05216348052633079,0.22411580621022892,0.3821194698979533,sklearn_digits_hidden_completion,61,920,5,64,oracle_true_score,3,0.9923167486357716
1,shortcut,-0.6473184110259484,0.638988526812643,0.0,1.0,0.12635401561557497,0.09371776296138352,0.0,0.41969018190887397,sklearn_digits_hidden_completion,61,920,5,128,min_energy,1,-0.6473184110259484
101,near_valid,-0.14257792750495638,0.9646172810146083,1.0,0.508078642778681,0.01238395164488708,0.06532262971485903,0.27861641304288565,0.36088750731247715,sklearn_digits_hidden_completion,61,920,5,128,random_selector,101,101.0
102,class_neighbor,-0.22560210726055518,0.6835688544811491,0.0,0.5296239722824353,0.11075090093159777,0.038121164970143534,0.2520596330300799,0.1267942039534931,sklearn_digits_hidden_completion,61,920,5,128,calibrated_clipped,102,-0.22560210726055518
126,near_valid,-0.17853275439301616,0.9932483288082358,1.0,0.5337621501690464,0.0023630849171174793,0.05912288260639706,0.24334425736431026,0.3806247008105929,sklearn_digits_hidden_completion,61,920,5,128,oracle_true_score,126,0.9932483288082358
0,near_valid,-0.21986173966462136,0.9768338824734614,1.0,0.531750793615736,0.00810814113428852,0.018538669719048752,0.26352480133298006,0.1515249043511591,sklearn_digits_hidden_completion,62,935,0,1,min_energy,0,-0.21986173966462136
0,near_valid,-0.21986173966462136,0.9768338824734614,1.0,0.531750793615736,0.00810814113428852,0.018538669719048752,0.26352480133298006,0.1515249043511591,sklearn_digits_hidden_completion,62,935,0,1,random_selector,0,0.0
0,near_valid,-0.21986173966462136,0.9768338824734614,1.0,0.531750793615736,0.00810814113428852,0.018538669719048752,0.26352480133298006,0.1515249043511591,sklearn_digits_hidden_completion,62,935,0,1,calibrated_clipped,0,-0.21986173966462136
0,near_valid,-0.21986173966462136,0.9768338824734614,1.0,0.531750793615736,0.00810814113428852,0.018538669719048752,0.26352480133298006,0.1515249043511591,sklearn_digits_hidden_completion,62,935,0,1,oracle_true_score,0,0.9768338824734614
3,shortcut,-0.6703153046689752,0.6215536912466526,0.0,1.0,0.1324562080636716,0.14061097665512395,0.0,0.2578125,sklearn_digits_hidden_completion,62,935,0,4,min_energy,3,-0.6703153046689752
0,near_valid,-0.21986173966462136,0.9768338824734614,1.0,0.531750793615736,0.00810814113428852,0.018538669719048752,0.26352480133298006,0.1515249043511591,sklearn_digits_hidden_completion,62,935,0,4,random_selector,0,0.0
0,near_valid,-0.21986173966462136,0.9768338824734614,1.0,0.531750793615736,0.00810814113428852,0.018538669719048752,0.26352480133298006,0.1515249043511591,sklearn_digits_hidden_completion,62,935,0,4,calibrated_clipped,0,-0.21670307438502714
0,near_valid,-0.21986173966462136,0.9768338824734614,1.0,0.531750793615736,0.00810814113428852,0.018538669719048752,0.26352480133298006,0.1515249043511591,sklearn_digits_hidden_completion,62,935,0,4,oracle_true_score,0,0.9768338824734614
3,shortcut,-0.6703153046689752,0.6215536912466526,0.0,1.0,0.1324562080636716,0.14061097665512395,0.0,0.2578125,sklearn_digits_hidden_completion,62,935,0,16,min_energy,3,-0.6703153046689752
0,near_valid,-0.21986173966462136,0.9768338824734614,1.0,0.531750793615736,0.00810814113428852,0.018538669719048752,0.26352480133298006,0.1515249043511591,sklearn_digits_hidden_completion,62,935,0,16,random_selector,0,0.0
5,class_neighbor,-0.23023529908063567,0.9511433736859165,1.0,0.5293138946525451,0.01709981920992922,0.009481480711342727,0.2674843773786549,0.08868709104122205,sklearn_digits_hidden_completion,62,935,0,16,calibrated_clipped,5,-0.22372344941489894
7,near_valid,-0.1746138793528402,0.9881938910316023,1.0,0.5060646920384686,0.0041321381389392235,0.01926997428852717,0.3010380872661886,0.17754848410951035,sklearn_digits_hidden_completion,62,935,0,16,oracle_true_score,7,0.9881938910316023
3,shortcut,-0.6703153046689752,0.6215536912466526,0.0,1.0,0.1324562080636716,0.14061097665512395,0.0,0.2578125,sklearn_digits_hidden_completion,62,935,0,64,min_energy,3,-0.6703153046689752
12,near_valid,-0.16562757591520358,0.959937049603993,1.0,0.5019063866925445,0.014022032638602454,0.023947940442489844,0.30976108145175696,0.17822015608620234,sklearn_digits_hidden_completion,62,935,0,64,random_selector,12,12.0
5,class_neighbor,-0.23023529908063567,0.9511433736859165,1.0,0.5293138946525451,0.01709981920992922,0.009481480711342727,0.2674843773786549,0.08868709104122205,sklearn_digits_hidden_completion,62,935,0,64,calibrated_clipped,5,-0.2254599875426403
34,near_valid,-0.22996918902120078,0.9918029704388132,1.0,0.5314494107542955,0.002868960346415401,0.012793451850223712,0.2655544447209717,0.10002117038970834,sklearn_digits_hidden_completion,62,935,0,64,oracle_true_score,34,0.9918029704388132
3,shortcut,-0.6703153046689752,0.6215536912466526,0.0,1.0,0.1324562080636716,0.14061097665512395,0.0,0.2578125,sklearn_digits_hidden_completion,62,935,0,128,min_energy,3,-0.6703153046689752
49,near_valid,-0.18681087522345802,0.9745413253105532,1.0,0.5122231857032806,0.008910536141306387,0.022556662677539748,0.2914516976764046,0.1627337389823597,sklearn_digits_hidden_completion,62,935,0,128,random_selector,49,49.0
89,class_neighbor,-0.22578490462101317,0.8919995165427651,1.0,0.5214574197648716,0.03780016921003221,0.026016120384794183,0.27013274602323806,0.05765962906450376,sklearn_digits_hidden_completion,62,935,0,128,calibrated_clipped,89,-0.22507491331537574
91,near_valid,-0.20589552467956912,0.9918472121723293,1.0,0.514655452155541,0.002853475739684745,0.01003420586149412,0.28669320140472504,0.10203981246094522,sklearn_digits_hidden_completion,62,935,0,128,oracle_true_score,91,0.9918472121723293
0,class_neighbor,-0.19679193941439335,0.8253849126761919,1.0,0.5258933682810532,0.06111528056333285,0.017781514048981022,0.258304164060807,0.26002246876578217,sklearn_digits_hidden_completion,63,950,3,1,min_energy,0,-0.19679193941439335
0,class_neighbor,-0.19679193941439335,0.8253849126761919,1.0,0.5258933682810532,0.06111528056333285,0.017781514048981022,0.258304164060807,0.26002246876578217,sklearn_digits_hidden_completion,63,950,3,1,random_selector,0,0.0
0,class_neighbor,-0.19679193941439335,0.8253849126761919,1.0,0.5258933682810532,0.06111528056333285,0.017781514048981022,0.258304164060807,0.26002246876578217,sklearn_digits_hidden_completion,63,950,3,1,calibrated_clipped,0,-0.19679193941439335
0,class_neighbor,-0.19679193941439335,0.8253849126761919,1.0,0.5258933682810532,0.06111528056333285,0.017781514048981022,0.258304164060807,0.26002246876578217,sklearn_digits_hidden_completion,63,950,3,1,oracle_true_score,0,0.8253849126761919
3,shortcut,-0.4683555803683591,0.6802736335758761,0.0,0.7394038136687737,0.11190422824844334,0.04802921189811006,0.05544599709175024,0.23048069551568287,sklearn_digits_hidden_completion,63,950,3,4,min_energy,3,-0.4683555803683591
2,near_valid,-0.1238762856932491,0.9766366132699263,1.0,0.4944223535454426,0.008177185355525769,0.04310646442795794,0.30252617696671086,0.35964894624275157,sklearn_digits_hidden_completion,63,950,3,4,random_selector,2,2.0
0,class_neighbor,-0.19679193941439335,0.8253849126761919,1.0,0.5258933682810532,0.06111528056333285,0.017781514048981022,0.258304164060807,0.26002246876578217,sklearn_digits_hidden_completion,63,950,3,4,calibrated_clipped,0,-0.18262998278336862
1,near_valid,-0.09589327805152348,0.9794729189713696,1.0,0.4722531508914193,0.007184478360020657,0.0503093278339348,0.33019373637259564,0.3331408227266321,sklearn_digits_hidden_completion,63,950,3,4,oracle_true_score,1,0.9794729189713696
7,shortcut,-0.6458636555904264,0.28170195785435825,0.0,1.0,0.2514043147509746,0.1613067220478684,0.0,0.359375,sklearn_digits_hidden_completion,63,950,3,16,min_energy,7,-0.6458636555904264
11,shortcut,-0.3347758039395229,0.34943704734538106,0.0,0.6466888697139636,0.2276970334291166,0.1739383022272869,0.10778125079790758,0.28086749980821574,sklearn_digits_hidden_completion,63,950,3,16,random_selector,11,11.0
4,random_digit,-0.3268826181897947,0.3669782366071428,0.0,0.6127790178571428,0.2215576171875,0.11686574089626445,0.15048363095238096,0.1328125,sklearn_digits_hidden_completion,63,950,3,16,calibrated_clipped,4,-0.23773195014479775
5,near_valid,-0.09700054290465487,0.9880170532188208,1.0,0.47828003549188475,0.004194031373412724,0.049521768724367865,0.32789933340892186,0.3573024829723904,sklearn_digits_hidden_completion,63,950,3,16,oracle_true_score,5,0.9880170532188208
26,shortcut,-0.6529870053771896,0.41262986369828714,0.0,1.0,0.2055795477055995,0.1256899731140524,0.0,0.359375,sklearn_digits_hidden_completion,63,950,3,64,min_energy,26,-0.6529870053771896
1,near_valid,-0.09589327805152348,0.9794729189713696,1.0,0.4722531508914193,0.007184478360020657,0.0503093278339348,0.33019373637259564,0.3331408227266321,sklearn_digits_hidden_completion,63,950,3,64,random_selector,1,1.0
50,class_neighbor,-0.26660362888307376,0.41852960378645354,0.0,0.5589713282593376,0.20351463867474123,0.10454438117957732,0.2169477175420733,0.06197373213686834,sklearn_digits_hidden_completion,63,950,3,64,calibrated_clipped,50,-0.20256407709837937
63,near_valid,-0.08931474745821144,0.9915433661361217,1.0,0.471689097101897,0.002959821852357393,0.04867112253364926,0.3331010731593055,0.3575613031193172,sklearn_digits_hidden_completion,63,950,3,64,oracle_true_score,63,0.9915433661361217
26,shortcut,-0.6529870053771896,0.41262986369828714,0.0,1.0,0.2055795477055995,0.1256899731140524,0.0,0.359375,sklearn_digits_hidden_completion,63,950,3,128,min_energy,26,-0.6529870053771896
53,class_neighbor,-0.23022882171280015,0.7769483482804189,0.0,0.5501034433050849,0.07806807810185339,0.03861725327620944,0.2238962250426304,0.25741193168662435,sklearn_digits_hidden_completion,63,950,3,128,random_selector,53,53.0
28,random_digit,-0.19799790440417797,0.7262137276785714,0.0,0.4987723214285714,0.0958251953125,0.04605028452672892,0.29203869047619047,0.03125,sklearn_digits_hidden_completion,63,950,3,128,calibrated_clipped,28,-0.1975235959777208
63,near_valid,-0.08931474745821144,0.9915433661361217,1.0,0.471689097101897,0.002959821852357393,0.04867112253364926,0.3331010731593055,0.3575613031193172,sklearn_digits_hidden_completion,63,950,3,128,oracle_true_score,63,0.9915433661361217
0,near_valid,-0.11715306460904382,0.9934326593595172,1.0,0.48635432303428383,0.002298569224168972,0.07948465202585003,0.32042529228685745,0.2774091825186372,sklearn_digits_hidden_completion,64,965,3,1,min_energy,0,-0.11715306460904382
0,near_valid,-0.11715306460904382,0.9934326593595172,1.0,0.48635432303428383,0.002298569224168972,0.07948465202585003,0.32042529228685745,0.2774091825186372,sklearn_digits_hidden_completion,64,965,3,1,random_selector,0,0.0
0,near_valid,-0.11715306460904382,0.9934326593595172,1.0,0.48635432303428383,0.002298569224168972,0.07948465202585003,0.32042529228685745,0.2774091825186372,sklearn_digits_hidden_completion,64,965,3,1,calibrated_clipped,0,-0.11715306460904382
0,near_valid,-0.11715306460904382,0.9934326593595172,1.0,0.48635432303428383,0.002298569224168972,0.07948465202585003,0.32042529228685745,0.2774091825186372,sklearn_digits_hidden_completion,64,965,3,1,oracle_true_score,0,0.9934326593595172
2,random_digit,-0.26748905511651216,0.3321010044642857,0.0,0.57578125,0.2337646484375,0.13748962025077263,0.20052083333333334,0.1328125,sklearn_digits_hidden_completion,64,965,3,4,min_energy,2,-0.26748905511651216
3,random_digit,-0.17509787589251719,0.9009486607142857,1.0,0.5146205357142857,0.03466796875,0.05610474256122346,0.27492559523809523,0.2421875,sklearn_digits_hidden_completion,64,965,3,4,random_selector,3,3.0
3,random_digit,-0.17509787589251719,0.9009486607142857,1.0,0.5146205357142857,0.03466796875,0.05610474256122346,0.27492559523809523,0.2421875,sklearn_digits_hidden_completion,64,965,3,4,calibrated_clipped,3,-0.1623780801865163
0,near_valid,-0.11715306460904382,0.9934326593595172,1.0,0.48635432303428383,0.002298569224168972,0.07948465202585003,0.32042529228685745,0.2774091825186372,sklearn_digits_hidden_completion,64,965,3,4,oracle_true_score,0,0.9934326593595172
15,shortcut,-0.6506505225568533,0.29940659955248417,0.0,1.0,0.24520769015663052,0.14463320290266535,0.0,0.352114184313068,sklearn_digits_hidden_completion,64,965,3,16,min_energy,15,-0.6506505225568533
2,random_digit,-0.26748905511651216,0.3321010044642857,0.0,0.57578125,0.2337646484375,0.13748962025077263,0.20052083333333334,0.1328125,sklearn_digits_hidden_completion,64,965,3,16,random_selector,2,2.0
8,class_neighbor,-0.255457501980937,0.8106395087913529,1.0,0.5528545941116081,0.06627617192302646,0.01196583351080373,0.21592620044475863,0.19015433327995562,sklearn_digits_hidden_completion,64,965,3,16,calibrated_clipped,8,-0.21894122484777484
0,near_valid,-0.11715306460904382,0.9934326593595172,1.0,0.48635432303428383,0.002298569224168972,0.07948465202585003,0.32042529228685745,0.2774091825186372,sklearn_digits_hidden_completion,64,965,3,16,oracle_true_score,0,0.9934326593595172
15,shortcut,-0.6506505225568533,0.29940659955248417,0.0,1.0,0.24520769015663052,0.14463320290266535,0.0,0.352114184313068,sklearn_digits_hidden_completion,64,965,3,64,min_energy,15,-0.6506505225568533
57,near_valid,-0.1287981485570337,0.9902623373686197,1.0,0.4912926896233558,0.0034081819209831232,0.07077249492408655,0.3139901682843828,0.26411138559627656,sklearn_digits_hidden_completion,64,965,3,64,random_selector,57,57.0
51,class_neighbor,-0.263940948141382,0.6129125796663566,0.0,0.5611950859567074,0.13548059711677518,0.027217279279587323,0.21586442712699466,0.16393237775191977,sklearn_digits_hidden_completion,64,965,3,64,calibrated_clipped,51,-0.20873165577862285
0,near_valid,-0.11715306460904382,0.9934326593595172,1.0,0.48635432303428383,0.002298569224168972,0.07948465202585003,0.32042529228685745,0.2774091825186372,sklearn_digits_hidden_completion,64,965,3,64,oracle_true_score,0,0.9934326593595172
104,shortcut,-0.6516648796127447,0.35014147660221595,0.0,1.0,0.2274504831892244,0.1320437503252649,0.0,0.35963185161101197,sklearn_digits_hidden_completion,64,965,3,128,min_energy,104,-0.6516648796127447
40,near_valid,-0.11532177766042603,0.9914699843865195,1.0,0.47937311464676574,0.0029855054647181843,0.07922386471679382,0.3275120046824413,0.241158414029734,sklearn_digits_hidden_completion,64,965,3,128,random_selector,40,40.0
8,class_neighbor,-0.255457501980937,0.8106395087913529,1.0,0.5528545941116081,0.06627617192302646,0.01196583351080373,0.21592620044475863,0.19015433327995562,sklearn_digits_hidden_completion,64,965,3,128,calibrated_clipped,8,-0.20587119165669515
84,near_valid,-0.11945827540259929,0.9953846766890602,1.0,0.4840213289555134,0.0016153631588289574,0.07782058783840845,0.3233647624786838,0.25071492191539,sklearn_digits_hidden_completion,64,965,3,128,oracle_true_score,84,0.9953846766890602
0,near_valid,-0.17910265922217605,0.9381820203053376,1.0,0.49666849640744243,0.021636292893131827,0.054222469719709586,0.30260856431511457,0.08059754383075426,sklearn_digits_hidden_completion,65,980,0,1,min_energy,0,-0.17910265922217605
0,near_valid,-0.17910265922217605,0.9381820203053376,1.0,0.49666849640744243,0.021636292893131827,0.054222469719709586,0.30260856431511457,0.08059754383075426,sklearn_digits_hidden_completion,65,980,0,1,random_selector,0,0.0
0,near_valid,-0.17910265922217605,0.9381820203053376,1.0,0.49666849640744243,0.021636292893131827,0.054222469719709586,0.30260856431511457,0.08059754383075426,sklearn_digits_hidden_completion,65,980,0,1,calibrated_clipped,0,-0.17910265922217605
0,near_valid,-0.17910265922217605,0.9381820203053376,1.0,0.49666849640744243,0.021636292893131827,0.054222469719709586,0.30260856431511457,0.08059754383075426,sklearn_digits_hidden_completion,65,980,0,1,oracle_true_score,0,0.9381820203053376
2,near_valid,-0.22985622764696106,0.9852959065936845,1.0,0.5327894468226144,0.005146432692210445,0.03823260382871336,0.25482419875525264,0.10968013694434049,sklearn_digits_hidden_completion,65,980,0,4,min_energy,2,-0.22985622764696106
0,near_valid,-0.17910265922217605,0.9381820203053376,1.0,0.49666849640744243,0.021636292893131827,0.054222469719709586,0.30260856431511457,0.08059754383075426,sklearn_digits_hidden_completion,65,980,0,4,random_selector,0,0.0
0,near_valid,-0.17910265922217605,0.9381820203053376,1.0,0.49666849640744243,0.021636292893131827,0.054222469719709586,0.30260856431511457,0.08059754383075426,sklearn_digits_hidden_completion,65,980,0,4,calibrated_clipped,0,-0.17910265922217605
2,near_valid,-0.22985622764696106,0.9852959065936845,1.0,0.5327894468226144,0.005146432692210445,0.03823260382871336,0.25482419875525264,0.10968013694434049,sklearn_digits_hidden_completion,65,980,0,4,oracle_true_score,2,0.9852959065936845
15,shortcut,-0.6787942520109,0.6078146274980709,0.0,1.0,0.1372648803756752,0.17634123994550005,0.0,0.1796875,sklearn_digits_hidden_completion,65,980,0,16,min_energy,15,-0.6787942520109
8,near_valid,-0.2357538960540392,0.9885778453963957,1.0,0.5351283936461466,0.003997754111261487,0.042809210484475155,0.2529334657911994,0.0895857544925802,sklearn_digits_hidden_completion,65,980,0,16,random_selector,8,8.0
13,near_valid,-0.22736128804541766,0.9888287334350041,1.0,0.5253562003661719,0.003909943297748578,0.03851321596643093,0.2667935222323862,0.06108390904056327,sklearn_digits_hidden_completion,65,980,0,16,calibrated_clipped,13,-0.22736128804541766
5,near_valid,-0.2281020830984689,0.9916810028265683,1.0,0.5296953859535047,0.002911649010701096,0.042792731255042474,0.2598987551583573,0.08833297389277311,sklearn_digits_hidden_completion,65,980,0,16,oracle_true_score,5,0.9916810028265683
62,shortcut,-0.6837895072750402,0.6610776403191521,0.0,1.0,0.11862282588829676,0.151364963624799,0.0,0.1796875,sklearn_digits_hidden_completion,65,980,0,64,min_energy,62,-0.6837895072750402
11,near_valid,-0.22798298871196856,0.9872753439684687,1.0,0.5344160290042017,0.004453629611035931,0.03700589643795214,0.2565995117835639,0.1214906113631607,sklearn_digits_hidden_completion,65,980,0,64,random_selector,11,11.0
14,near_valid,-0.24606987963988555,0.9839238732884231,1.0,0.5358343242475129,0.005626644349051889,0.03921603567470435,0.24983422624841378,0.05276915987090329,sklearn_digits_hidden_completion,65,980,0,64,calibrated_clipped,14,-0.24001790001992662
39,near_valid,-0.23616481226557623,0.9926628253175496,1.0,0.5313584013336871,0.0025680111388576322,0.034214777423759994,0.25873602065960466,0.06603110943577233,sklearn_digits_hidden_completion,65,980,0,64,oracle_true_score,39,0.9926628253175496
62,shortcut,-0.6837895072750402,0.6610776403191521,0.0,1.0,0.11862282588829676,0.151364963624799,0.0,0.1796875,sklearn_digits_hidden_completion,65,980,0,128,min_energy,62,-0.6837895072750402
71,near_valid,-0.2001181309459665,0.9347166013430852,1.0,0.5094193234171247,0.02284918952992016,0.04953408396385575,0.2772968784603204,0.09763130835464816,sklearn_digits_hidden_completion,65,980,0,128,random_selector,71,71.0
14,near_valid,-0.24606987963988555,0.9839238732884231,1.0,0.5358343242475129,0.005626644349051889,0.03921603567470435,0.24983422624841378,0.05276915987090329,sklearn_digits_hidden_completion,65,980,0,128,calibrated_clipped,14,-0.23991785532952867
111,class_neighbor,-0.24365953173324983,0.9957681691919543,1.0,0.5393383591496805,0.0014811407828159819,0.036621772256766216,0.24671992307325555,0.08911962743683394,sklearn_digits_hidden_completion,65,980,0,128,oracle_true_score,111,0.9957681691919543
0,near_valid,-0.2351120678782319,0.9847136415491987,1.0,0.5397283543660276,0.005350225457780442,0.042369722579816596,0.242440912949774,0.13933875628974898,sklearn_digits_hidden_completion,66,995,7,1,min_energy,0,-0.2351120678782319
0,near_valid,-0.2351120678782319,0.9847136415491987,1.0,0.5397283543660276,0.005350225457780442,0.042369722579816596,0.242440912949774,0.13933875628974898,sklearn_digits_hidden_completion,66,995,7,1,random_selector,0,0.0
0,near_valid,-0.2351120678782319,0.9847136415491987,1.0,0.5397283543660276,0.005350225457780442,0.042369722579816596,0.242440912949774,0.13933875628974898,sklearn_digits_hidden_completion,66,995,7,1,calibrated_clipped,0,-0.2351120678782319
0,near_valid,-0.2351120678782319,0.9847136415491987,1.0,0.5397283543660276,0.005350225457780442,0.042369722579816596,0.242440912949774,0.13933875628974898,sklearn_digits_hidden_completion,66,995,7,1,oracle_true_score,0,0.9847136415491987
3,near_valid,-0.2394728874737566,0.9904996607804906,1.0,0.5367990008901077,0.003325118726828306,0.03825263316428194,0.24353835047474676,0.10764871899928499,sklearn_digits_hidden_completion,66,995,7,4,min_energy,3,-0.2394728874737566
1,near_valid,-0.22082842314454879,0.9789129462246413,1.0,0.5355818304417397,0.007380468821375537,0.03649785057027159,0.24522253074423384,0.1934299383168651,sklearn_digits_hidden_completion,66,995,7,4,random_selector,1,1.0
3,near_valid,-0.2394728874737566,0.9904996607804906,1.0,0.5367990008901077,0.003325118726828306,0.03825263316428194,0.24353835047474676,0.10764871899928499,sklearn_digits_hidden_completion,66,995,7,4,calibrated_clipped,3,-0.23630866901467615
2,near_valid,-0.22307356970887593,0.9919633602714772,1.0,0.5304635452682287,0.0028128239049829613,0.04559997236592117,0.2513010899070647,0.13719247660112877,sklearn_digits_hidden_completion,66,995,7,4,oracle_true_score,2,0.9919633602714772
14,shortcut,-0.6738357470640436,0.4058329373164765,0.0,1.0,0.20795847193923322,0.1276511771792679,0.0,0.253170087500514,sklearn_digits_hidden_completion,66,995,7,16,min_energy,14,-0.6738357470640436
9,near_valid,-0.23468884440096982,0.9720037359572181,1.0,0.5349997155108787,0.009798692414973664,0.05209817683096227,0.24732586039368643,0.10056041824734607,sklearn_digits_hidden_completion,66,995,7,16,random_selector,9,9.0
3,near_valid,-0.2394728874737566,0.9904996607804906,1.0,0.5367990008901077,0.003325118726828306,0.03825263316428194,0.24353835047474676,0.10764871899928499,sklearn_digits_hidden_completion,66,995,7,16,calibrated_clipped,3,-0.2394728874737566
2,near_valid,-0.22307356970887593,0.9919633602714772,1.0,0.5304635452682287,0.0028128239049829613,0.04559997236592117,0.2513010899070647,0.13719247660112877,sklearn_digits_hidden_completion,66,995,7,16,oracle_true_score,2,0.9919633602714772
36,shortcut,-0.6739819606354256,0.41524613880939254,0.0,1.0,0.2046638514167126,0.12511262167235576,0.0,0.2549775751505162,sklearn_digits_hidden_completion,66,995,7,64,min_energy,36,-0.6739819606354256
2,near_valid,-0.22307356970887593,0.9919633602714772,1.0,0.5304635452682287,0.0028128239049829613,0.04559997236592117,0.2513010899070647,0.13719247660112877,sklearn_digits_hidden_completion,66,995,7,64,random_selector,2,2.0
23,near_valid,-0.2621373030281951,0.9892133058097984,1.0,0.551025679825879,0.0037753429665705798,0.03584026840906749,0.2253183674744349,0.10019400524230722,sklearn_digits_hidden_completion,66,995,7,64,calibrated_clipped,23,-0.24439188376495563
2,near_valid,-0.22307356970887593,0.9919633602714772,1.0,0.5304635452682287,0.0028128239049829613,0.04559997236592117,0.2513010899070647,0.13719247660112877,sklearn_digits_hidden_completion,66,995,7,64,oracle_true_score,2,0.9919633602714772
104,shortcut,-0.6743089483243077,0.44331433550108634,0.0,1.0,0.19483998257461976,0.1177039026619772,0.0,0.2607513557164842,sklearn_digits_hidden_completion,66,995,7,128,min_energy,104,-0.6743089483243077
58,random_digit,-0.1380359764083077,0.5608956473214286,0.0,0.5119419642857144,0.1536865234375,0.1379916209346521,0.30319940476190477,0.2578125,sklearn_digits_hidden_completion,66,995,7,128,random_selector,58,58.0
25,near_valid,-0.24426122979860548,0.9899851258952348,1.0,0.5393958907844468,0.0035052059366678327,0.03749748547470341,0.24004928961826594,0.10379540952371333,sklearn_digits_hidden_completion,66,995,7,128,calibrated_clipped,25,-0.2372793620468067
85,near_valid,-0.22666596830161634,0.9947648148061459,1.0,0.5314040192576712,0.001832314817848937,0.04483586132729653,0.24995648182657942,0.12721904435779532,sklearn_digits_hidden_completion,66,995,7,128,oracle_true_score,85,0.9947648148061459
0,class_neighbor,-0.2576827789074556,0.3952438966054027,0.0,0.5853947035731059,0.21166463618810905,0.07706939463724335,0.18856569892459255,0.31119117718199574,sklearn_digits_hidden_completion,67,1010,5,1,min_energy,0,-0.2576827789074556
0,class_neighbor,-0.2576827789074556,0.3952438966054027,0.0,0.5853947035731059,0.21166463618810905,0.07706939463724335,0.18856569892459255,0.31119117718199574,sklearn_digits_hidden_completion,67,1010,5,1,random_selector,0,0.0
0,class_neighbor,-0.2576827789074556,0.3952438966054027,0.0,0.5853947035731059,0.21166463618810905,0.07706939463724335,0.18856569892459255,0.31119117718199574,sklearn_digits_hidden_completion,67,1010,5,1,calibrated_clipped,0,-0.2576827789074556
0,class_neighbor,-0.2576827789074556,0.3952438966054027,0.0,0.5853947035731059,0.21166463618810905,0.07706939463724335,0.18856569892459255,0.31119117718199574,sklearn_digits_hidden_completion,67,1010,5,1,oracle_true_score,0,0.3952438966054027
0,class_neighbor,-0.2576827789074556,0.3952438966054027,0.0,0.5853947035731059,0.21166463618810905,0.07706939463724335,0.18856569892459255,0.31119117718199574,sklearn_digits_hidden_completion,67,1010,5,4,min_energy,0,-0.2576827789074556
0,class_neighbor,-0.2576827789074556,0.3952438966054027,0.0,0.5853947035731059,0.21166463618810905,0.07706939463724335,0.18856569892459255,0.31119117718199574,sklearn_digits_hidden_completion,67,1010,5,4,random_selector,0,0.0
2,class_neighbor,-0.21478967467680166,0.5823265716654977,0.0,0.532558497765634,0.14618569991707578,0.04373142754369834,0.25046799098774014,0.19062759047713557,sklearn_digits_hidden_completion,67,1010,5,4,calibrated_clipped,2,-0.21478967467680166
1,near_valid,-0.19380307314740192,0.9848798021571541,1.0,0.5441396845609544,0.005292069244996049,0.09488667503066525,0.22988161867439155,0.3444473249813272,sklearn_digits_hidden_completion,67,1010,5,4,oracle_true_score,1,0.9848798021571541
0,class_neighbor,-0.2576827789074556,0.3952438966054027,0.0,0.5853947035731059,0.21166463618810905,0.07706939463724335,0.18856569892459255,0.31119117718199574,sklearn_digits_hidden_completion,67,1010,5,16,min_energy,0,-0.2576827789074556
12,random_digit,-0.12131073915674806,0.5012555803571428,0.0,0.5022321428571428,0.174560546875,0.1719061256448308,0.3080357142857143,0.2578125,sklearn_digits_hidden_completion,67,1010,5,16,random_selector,12,12.0
2,class_neighbor,-0.21478967467680166,0.5823265716654977,0.0,0.532558497765634,0.14618569991707578,0.04373142754369834,0.25046799098774014,0.19062759047713557,sklearn_digits_hidden_completion,67,1010,5,16,calibrated_clipped,2,-0.21478967467680166
13,near_valid,-0.18057866784900395,0.9897331403495399,1.0,0.5356055851760064,0.003593400877661037,0.09169602036568694,0.24301968741178048,0.34562744441692095,sklearn_digits_hidden_completion,67,1010,5,16,oracle_true_score,13,0.9897331403495399
29,shortcut,-0.5362101033852518,0.5863882543628425,0.0,0.8654264877436257,0.14476411097300515,0.09516898556717973,0.04105305559866425,0.3562339236488312,sklearn_digits_hidden_completion,67,1010,5,64,min_energy,29,-0.5362101033852518
5,near_valid,-0.1598390770191658,0.901680272817716,1.0,0.5156180894345145,0.03441190451379941,0.10723420549111887,0.28458216187182567,0.24453729964496093,sklearn_digits_hidden_completion,67,1010,5,64,random_selector,5,5.0
44,class_neighbor,-0.25024274422109827,0.5303332029532568,0.0,0.551314339326307,0.1643833789663601,0.030930970121282257,0.22784402463431053,0.1587130135025235,sklearn_digits_hidden_completion,67,1010,5,64,calibrated_clipped,44,-0.22682979226629954
13,near_valid,-0.18057866784900395,0.9897331403495399,1.0,0.5356055851760064,0.003593400877661037,0.09169602036568694,0.24301968741178048,0.34562744441692095,sklearn_digits_hidden_completion,67,1010,5,64,oracle_true_score,13,0.9897331403495399
100,shortcut,-0.660835197728344,0.6167023381768928,0.0,1.0,0.1341541816380875,0.09093581289072422,0.0,0.3548881984675561,sklearn_digits_hidden_completion,67,1010,5,128,min_energy,100,-0.660835197728344
45,random_digit,-0.14208370804983417,0.5183454241071428,0.0,0.4939732142857143,0.1685791015625,0.13956285856035278,0.3162202380952381,0.1328125,sklearn_digits_hidden_completion,67,1010,5,128,random_selector,45,45.0
44,class_neighbor,-0.25024274422109827,0.5303332029532568,0.0,0.551314339326307,0.1643833789663601,0.030930970121282257,0.22784402463431053,0.1587130135025235,sklearn_digits_hidden_completion,67,1010,5,128,calibrated_clipped,44,-0.24152471656172786
121,near_valid,-0.19933250943131045,0.9946485788172101,1.0,0.5467401473471989,0.001872997413976463,0.08967187093195728,0.2305597816228419,0.32990173500067105,sklearn_digits_hidden_completion,67,1010,5,128,oracle_true_score,121,0.9946485788172101
0,near_valid,-0.18621887747896426,0.9680020401520743,1.0,0.5132645682222763,0.011199285946774017,0.09176801617176783,0.2875790459867219,0.11103735080346161,sklearn_digits_hidden_completion,68,1025,0,1,min_energy,0,-0.18621887747896426
0,near_valid,-0.18621887747896426,0.9680020401520743,1.0,0.5132645682222763,0.011199285946774017,0.09176801617176783,0.2875790459867219,0.11103735080346161,sklearn_digits_hidden_completion,68,1025,0,1,random_selector,0,0.0
0,near_valid,-0.18621887747896426,0.9680020401520743,1.0,0.5132645682222763,0.011199285946774017,0.09176801617176783,0.2875790459867219,0.11103735080346161,sklearn_digits_hidden_completion,68,1025,0,1,calibrated_clipped,0,-0.18621887747896426
0,near_valid,-0.18621887747896426,0.9680020401520743,1.0,0.5132645682222763,0.011199285946774017,0.09176801617176783,0.2875790459867219,0.11103735080346161,sklearn_digits_hidden_completion,68,1025,0,1,oracle_true_score,0,0.9680020401520743
2,shortcut,-0.6882682522623365,0.6925092608075119,0.0,1.0,0.10762175871737083,0.1445962386883176,0.0,0.1640625,sklearn_digits_hidden_completion,68,1025,0,4,min_energy,2,-0.6882682522623365
2,shortcut,-0.6882682522623365,0.6925092608075119,0.0,1.0,0.10762175871737083,0.1445962386883176,0.0,0.1640625,sklearn_digits_hidden_completion,68,1025,0,4,random_selector,2,2.0
3,near_valid,-0.22311792346122086,0.9845049327716778,1.0,0.5259265283829997,0.005423273529912747,0.06635513362946859,0.26108249546870393,0.07230286796174007,sklearn_digits_hidden_completion,68,1025,0,4,calibrated_clipped,3,-0.22022900782443663
3,near_valid,-0.22311792346122086,0.9845049327716778,1.0,0.5259265283829997,0.005423273529912747,0.06635513362946859,0.26108249546870393,0.07230286796174007,sklearn_digits_hidden_completion,68,1025,0,4,oracle_true_score,3,0.9845049327716778
4,shortcut,-0.6893896557791532,0.7039494333089606,0.0,1.0,0.10361769834186377,0.13898922110423373,0.0,0.1640625,sklearn_digits_hidden_completion,68,1025,0,16,min_energy,4,-0.6893896557791532
10,random_digit,-0.15888846055681075,0.6693638392857142,0.0,0.5229910714285714,0.11572265625,0.1598917745968983,0.25818452380952384,0.296875,sklearn_digits_hidden_completion,68,1025,0,16,random_selector,10,10.0
11,class_neighbor,-0.2411975746685809,0.7560145572334256,0.0,0.5326395410868338,0.08539490496830106,0.008978207757447506,0.2572980439448656,0.07486257712689423,sklearn_digits_hidden_completion,68,1025,0,16,calibrated_clipped,11,-0.23637560372659638
8,near_valid,-0.23676177444720825,0.989463903682121,1.0,0.5344271647459811,0.0036876337112576444,0.06710986594213623,0.25134626509756475,0.06198090060094837,sklearn_digits_hidden_completion,68,1025,0,16,oracle_true_score,8,0.989463903682121
31,shortcut,-0.6895710918235889,0.7057680787902778,0.0,1.0,0.10298117242340277,0.13808204088205578,0.0,0.1640625,sklearn_digits_hidden_completion,68,1025,0,64,min_energy,31,-0.6895710918235889
32,near_valid,-0.24142865666167865,0.986446917939563,1.0,0.5353369616882544,0.00474357872115295,0.07111920859918407,0.24830361681057922,0.04641616819428372,sklearn_digits_hidden_completion,68,1025,0,64,random_selector,32,32.0
60,near_valid,-0.26478791015861963,0.9670876914096391,1.0,0.5530055693123959,0.011519308006626289,0.08404310462065442,0.21932340878703593,0.06264885534338313,sklearn_digits_hidden_completion,68,1025,0,64,calibrated_clipped,60,-0.2444846455605022
8,near_valid,-0.23676177444720825,0.989463903682121,1.0,0.5344271647459811,0.0036876337112576444,0.06710986594213623,0.25134626509756475,0.06198090060094837,sklearn_digits_hidden_completion,68,1025,0,64,oracle_true_score,8,0.989463903682121
31,shortcut,-0.6895710918235889,0.7057680787902778,0.0,1.0,0.10298117242340277,0.13808204088205578,0.0,0.1640625,sklearn_digits_hidden_completion,68,1025,0,128,min_energy,31,-0.6895710918235889
29,shortcut,-0.5204654939137554,0.7311341348505118,0.0,0.8136749270403272,0.09410305280232087,0.11905808054803955,0.05684040976106951,0.17358429944146964,sklearn_digits_hidden_completion,68,1025,0,128,random_selector,29,29.0
125,near_valid,-0.2602608799038485,0.984026333107833,1.0,0.5432857413552994,0.0055907834122584325,0.0613613100572782,0.23757057345375826,0.02133674350801655,sklearn_digits_hidden_completion,68,1025,0,128,calibrated_clipped,125,-0.25091490019202023
65,near_valid,-0.23562249364535973,0.990248693247011,1.0,0.536994424680702,0.003412957363546142,0.07218341256560429,0.25298174764549164,0.06773340573512737,sklearn_digits_hidden_completion,68,1025,0,128,oracle_true_score,65,0.990248693247011
0,random_digit,-0.11305264541791193,0.4513811383928571,0.0,0.5173549107142857,0.1920166015625,0.14969678035091627,0.2892485119047619,0.4296875,sklearn_digits_hidden_completion,69,1040,1,1,min_energy,0,-0.11305264541791193
0,random_digit,-0.11305264541791193,0.4513811383928571,0.0,0.5173549107142857,0.1920166015625,0.14969678035091627,0.2892485119047619,0.4296875,sklearn_digits_hidden_completion,69,1040,1,1,random_selector,0,0.0
0,random_digit,-0.11305264541791193,0.4513811383928571,0.0,0.5173549107142857,0.1920166015625,0.14969678035091627,0.2892485119047619,0.4296875,sklearn_digits_hidden_completion,69,1040,1,1,calibrated_clipped,0,-0.11305264541791193
0,random_digit,-0.11305264541791193,0.4513811383928571,0.0,0.5173549107142857,0.1920166015625,0.14969678035091627,0.2892485119047619,0.4296875,sklearn_digits_hidden_completion,69,1040,1,1,oracle_true_score,0,0.4513811383928571
3,shortcut,-0.6450712664467031,0.3212937405877717,0.0,1.0,0.23754719079427988,0.14183116776648436,0.0,0.3828125,sklearn_digits_hidden_completion,69,1040,1,4,min_energy,3,-0.6450712664467031
2,random_digit,-0.25286017675376365,0.6198381696428571,0.0,0.5604352678571429,0.133056640625,0.06477742724308659,0.21558779761904762,0.1796875,sklearn_digits_hidden_completion,69,1040,1,4,random_selector,2,2.0
1,near_valid,-0.2946815951553284,0.9925592191784411,1.0,0.570470904148553,0.002604273287545608,0.02429900347969073,0.20355600993270417,0.08177988398580446,sklearn_digits_hidden_completion,69,1040,1,4,calibrated_clipped,1,-0.29016555882419387
1,near_valid,-0.2946815951553284,0.9925592191784411,1.0,0.570470904148553,0.002604273287545608,0.02429900347969073,0.20355600993270417,0.08177988398580446,sklearn_digits_hidden_completion,69,1040,1,4,oracle_true_score,1,0.9925592191784411
3,shortcut,-0.6450712664467031,0.3212937405877717,0.0,1.0,0.23754719079427988,0.14183116776648436,0.0,0.3828125,sklearn_digits_hidden_completion,69,1040,1,16,min_energy,3,-0.6450712664467031
9,shortcut,-0.40815373245401615,0.9051786968941826,1.0,0.653214755163208,0.03318745608703606,0.031597836244875346,0.09357048967358401,0.11986998674471785,sklearn_digits_hidden_completion,69,1040,1,16,random_selector,9,9.0
6,near_valid,-0.33027149966482927,0.982390837544848,1.0,0.5894167385507147,0.006163206859303174,0.022292960558815432,0.182965022373543,0.033508499154975356,sklearn_digits_hidden_completion,69,1040,1,16,calibrated_clipped,6,-0.3225458670130604
1,near_valid,-0.2946815951553284,0.9925592191784411,1.0,0.570470904148553,0.002604273287545608,0.02429900347969073,0.20355600993270417,0.08177988398580446,sklearn_digits_hidden_completion,69,1040,1,16,oracle_true_score,1,0.9925592191784411
55,shortcut,-0.6477713069414839,0.3719451220469028,0.0,1.0,0.219819207283584,0.12833096529258048,0.0,0.3828125,sklearn_digits_hidden_completion,69,1040,1,64,min_energy,55,-0.6477713069414839
55,shortcut,-0.6477713069414839,0.3719451220469028,0.0,1.0,0.219819207283584,0.12833096529258048,0.0,0.3828125,sklearn_digits_hidden_completion,69,1040,1,64,random_selector,55,55.0
47,near_valid,-0.3137038332331101,0.984386626547738,1.0,0.5795203133475668,0.005464680708291706,0.024395670111878456,0.19262039315207977,0.05058025760772726,sklearn_digits_hidden_completion,69,1040,1,64,calibrated_clipped,47,-0.3095542008261531
1,near_valid,-0.2946815951553284,0.9925592191784411,1.0,0.570470904148553,0.002604273287545608,0.02429900347969073,0.20355600993270417,0.08177988398580446,sklearn_digits_hidden_completion,69,1040,1,64,oracle_true_score,1,0.9925592191784411
55,shortcut,-0.6477713069414839,0.3719451220469028,0.0,1.0,0.219819207283584,0.12833096529258048,0.0,0.3828125,sklearn_digits_hidden_completion,69,1040,1,128,min_energy,55,-0.6477713069414839
87,near_valid,-0.3233655130682429,0.9852885413398791,1.0,0.5892490095432661,0.005149010531042324,0.019856441750343554,0.18397689360010472,0.06706332129540175,sklearn_digits_hidden_completion,69,1040,1,128,random_selector,87,87.0
109,near_valid,-0.32489914423805427,0.9901817026567328,1.0,0.5884265593954443,0.0034364040701435217,0.023227863879447933,0.18406042051562657,0.052709856245223626,sklearn_digits_hidden_completion,69,1040,1,128,calibrated_clipped,109,-0.31404795621219833
69,near_valid,-0.3074623702734157,0.9928552745023604,1.0,0.5748359273292935,0.00250065392417386,0.024515545248197025,0.19924634308100098,0.045879887396821924,sklearn_digits_hidden_completion,69,1040,1,128,oracle_true_score,69,0.9928552745023604
0,near_valid,-0.12926338056646786,0.9757595771684354,1.0,0.5032462033262599,0.008484147991047585,0.030710827835600325,0.2959688485286558,0.3962311983517315,sklearn_digits_hidden_completion,70,1055,6,1,min_energy,0,-0.12926338056646786
0,near_valid,-0.12926338056646786,0.9757595771684354,1.0,0.5032462033262599,0.008484147991047585,0.030710827835600325,0.2959688485286558,0.3962311983517315,sklearn_digits_hidden_completion,70,1055,6,1,random_selector,0,0.0
0,near_valid,-0.12926338056646786,0.9757595771684354,1.0,0.5032462033262599,0.008484147991047585,0.030710827835600325,0.2959688485286558,0.3962311983517315,sklearn_digits_hidden_completion,70,1055,6,1,calibrated_clipped,0,-0.12926338056646786
0,near_valid,-0.12926338056646786,0.9757595771684354,1.0,0.5032462033262599,0.008484147991047585,0.030710827835600325,0.2959688485286558,0.3962311983517315,sklearn_digits_hidden_completion,70,1055,6,1,oracle_true_score,0,0.9757595771684354
3,random_digit,-0.2029423132546311,0.5319475446428571,0.0,0.5283482142857143,0.163818359375,0.09959274920303487,0.26413690476190477,0.140625,sklearn_digits_hidden_completion,70,1055,6,4,min_energy,3,-0.2029423132546311
3,random_digit,-0.2029423132546311,0.5319475446428571,0.0,0.5283482142857143,0.163818359375,0.09959274920303487,0.26413690476190477,0.140625,sklearn_digits_hidden_completion,70,1055,6,4,random_selector,3,3.0
3,random_digit,-0.2029423132546311,0.5319475446428571,0.0,0.5283482142857143,0.163818359375,0.09959274920303487,0.26413690476190477,0.140625,sklearn_digits_hidden_completion,70,1055,6,4,calibrated_clipped,3,-0.13259026181621655
1,near_valid,-0.11294216013043262,0.9871431363573,1.0,0.49535091007735416,0.004499902274944998,0.03926003970369777,0.3040726946941218,0.41739516202538246,sklearn_digits_hidden_completion,70,1055,6,4,oracle_true_score,1,0.9871431363573
14,shortcut,-0.6683706651665007,0.3937861001520757,0.0,1.0,0.21217486494677348,0.213708253736184,0.0,0.19443842043131243,sklearn_digits_hidden_completion,70,1055,6,16,min_energy,14,-0.6683706651665007
14,shortcut,-0.6683706651665007,0.3937861001520757,0.0,1.0,0.21217486494677348,0.213708253736184,0.0,0.19443842043131243,sklearn_digits_hidden_completion,70,1055,6,16,random_selector,14,14.0
3,random_digit,-0.2029423132546311,0.5319475446428571,0.0,0.5283482142857143,0.163818359375,0.09959274920303487,0.26413690476190477,0.140625,sklearn_digits_hidden_completion,70,1055,6,16,calibrated_clipped,3,-0.16022996763849084
4,near_valid,-0.13778444171311297,0.9912888939368809,1.0,0.5038985234273978,0.0030488871220916937,0.031190787616094832,0.29424870861928354,0.3603225179680525,sklearn_digits_hidden_completion,70,1055,6,16,oracle_true_score,4,0.9912888939368809
14,shortcut,-0.6683706651665007,0.3937861001520757,0.0,1.0,0.21217486494677348,0.213708253736184,0.0,0.19443842043131243,sklearn_digits_hidden_completion,70,1055,6,64,min_energy,14,-0.6683706651665007
29,near_valid,-0.12584544974932907,0.9843403419572082,1.0,0.4980091300321058,0.005480880314977138,0.03823631597033992,0.2989665917344791,0.377912545633594,sklearn_digits_hidden_completion,70,1055,6,64,random_selector,29,29.0
43,random_digit,-0.2108899352311669,0.6683175223214286,0.0,0.5314174107142857,0.1160888671875,0.047880122951308335,0.2527901785714286,0.1953125,sklearn_digits_hidden_completion,70,1055,6,64,calibrated_clipped,43,-0.18582939262745574
4,near_valid,-0.13778444171311297,0.9912888939368809,1.0,0.5038985234273978,0.0030488871220916937,0.031190787616094832,0.29424870861928354,0.3603225179680525,sklearn_digits_hidden_completion,70,1055,6,64,oracle_true_score,4,0.9912888939368809
64,shortcut,-0.6688296430904546,0.4325506340878227,0.0,1.0,0.19860727806926204,0.1989662260901365,0.0,0.20688555845759043,sklearn_digits_hidden_completion,70,1055,6,128,min_energy,64,-0.6688296430904546
101,near_valid,-0.1174585544115046,0.9559211922707649,1.0,0.47936773209799094,0.01542758270523228,0.03769866100167947,0.32564683440288933,0.2771087677003179,sklearn_digits_hidden_completion,70,1055,6,128,random_selector,101,101.0
43,random_digit,-0.2108899352311669,0.6683175223214286,0.0,0.5314174107142857,0.1160888671875,0.047880122951308335,0.2527901785714286,0.1953125,sklearn_digits_hidden_completion,70,1055,6,128,calibrated_clipped,43,-0.18784237237814438
124,near_valid,-0.11019954968257234,0.9918056324822658,1.0,0.4862727917409543,0.002868028631206968,0.03222301427388845,0.3193224909625268,0.36216535619487983,sklearn_digits_hidden_completion,70,1055,6,128,oracle_true_score,124,0.9918056324822658
0,near_valid,-0.16518229912850488,0.8912808686055552,1.0,0.49415977783242504,0.03805169598805568,0.07852237711468171,0.3084646451067291,0.10038752007088286,sklearn_digits_hidden_completion,71,1070,4,1,min_energy,0,-0.16518229912850488
0,near_valid,-0.16518229912850488,0.8912808686055552,1.0,0.49415977783242504,0.03805169598805568,0.07852237711468171,0.3084646451067291,0.10038752007088286,sklearn_digits_hidden_completion,71,1070,4,1,random_selector,0,0.0
0,near_valid,-0.16518229912850488,0.8912808686055552,1.0,0.49415977783242504,0.03805169598805568,0.07852237711468171,0.3084646451067291,0.10038752007088286,sklearn_digits_hidden_completion,71,1070,4,1,calibrated_clipped,0,-0.16518229912850488
0,near_valid,-0.16518229912850488,0.8912808686055552,1.0,0.49415977783242504,0.03805169598805568,0.07852237711468171,0.3084646451067291,0.10038752007088286,sklearn_digits_hidden_completion,71,1070,4,1,oracle_true_score,0,0.8912808686055552
3,near_valid,-0.23685678666999851,0.9886474318578312,1.0,0.5394057090335816,0.003973398849759075,0.05824542616386254,0.24367576961235313,0.11013368292810512,sklearn_digits_hidden_completion,71,1070,4,4,min_energy,3,-0.23685678666999851
1,near_valid,-0.19481474447730052,0.9562928633598079,1.0,0.522225716440109,0.01529749782406725,0.07068088125109352,0.2638020960650267,0.1881360688339891,sklearn_digits_hidden_completion,71,1070,4,4,random_selector,1,1.0
2,near_valid,-0.23544472382625048,0.9583654782223656,1.0,0.5383185067151777,0.014572082622172038,0.07134869438308675,0.2393285013339143,0.11196870799931272,sklearn_digits_hidden_completion,71,1070,4,4,calibrated_clipped,2,-0.22820296820246955
3,near_valid,-0.23685678666999851,0.9886474318578312,1.0,0.5394057090335816,0.003973398849759075,0.05824542616386254,0.24367576961235313,0.11013368292810512,sklearn_digits_hidden_completion,71,1070,4,4,oracle_true_score,3,0.9886474318578312
9,shortcut,-0.6044061936874914,0.48693707038454537,0.0,1.0,0.17957202536540912,0.1906329702374297,0.0,0.537336061325113,sklearn_digits_hidden_completion,71,1070,4,16,min_energy,9,-0.6044061936874914
3,near_valid,-0.23685678666999851,0.9886474318578312,1.0,0.5394057090335816,0.003973398849759075,0.05824542616386254,0.24367576961235313,0.11013368292810512,sklearn_digits_hidden_completion,71,1070,4,16,random_selector,3,3.0
5,class_neighbor,-0.24588075627540737,0.6347856272236463,0.0,0.5453607513793147,0.12782503047172378,0.020408851411630423,0.23342747631975808,0.15336462500442802,sklearn_digits_hidden_completion,71,1070,4,16,calibrated_clipped,5,-0.23882425277509936
3,near_valid,-0.23685678666999851,0.9886474318578312,1.0,0.5394057090335816,0.003973398849759075,0.05824542616386254,0.24367576961235313,0.11013368292810512,sklearn_digits_hidden_completion,71,1070,4,16,oracle_true_score,3,0.9886474318578312
39,shortcut,-0.6047042619838963,0.4886388521505298,0.0,1.0,0.17897640174731455,0.18985603815351676,0.0,0.5366226519270016,sklearn_digits_hidden_completion,71,1070,4,64,min_energy,39,-0.6047042619838963
63,near_valid,-0.23773170779652605,0.9682331513272621,1.0,0.535704692275212,0.011118397035458291,0.0499750966503119,0.24937629289163127,0.0844741549471168,sklearn_digits_hidden_completion,71,1070,4,64,random_selector,63,63.0
63,near_valid,-0.23773170779652605,0.9682331513272621,1.0,0.535704692275212,0.011118397035458291,0.0499750966503119,0.24937629289163127,0.0844741549471168,sklearn_digits_hidden_completion,71,1070,4,64,calibrated_clipped,63,-0.23369727387039058
31,near_valid,-0.22613252918573631,0.9931720163392321,1.0,0.5337342100770679,0.0023897942812687503,0.05685712892276771,0.2504232723467256,0.1253195139840597,sklearn_digits_hidden_completion,71,1070,4,64,oracle_true_score,31,0.9931720163392321
83,shortcut,-0.6110565313208465,0.5231389203367109,0.0,1.0,0.16690137788215115,0.17379171539099197,0.0,0.5209256280047754,sklearn_digits_hidden_completion,71,1070,4,128,min_energy,83,-0.6110565313208465
42,near_valid,-0.19745696276806882,0.979628358706463,1.0,0.5224384599474313,0.007130074452737921,0.07558338920693843,0.2656482595429974,0.16574330801234188,sklearn_digits_hidden_completion,71,1070,4,128,random_selector,42,42.0
63,near_valid,-0.23773170779652605,0.9682331513272621,1.0,0.535704692275212,0.011118397035458291,0.0499750966503119,0.24937629289163127,0.0844741549471168,sklearn_digits_hidden_completion,71,1070,4,128,calibrated_clipped,63,-0.2332706951943643
31,near_valid,-0.22613252918573631,0.9931720163392321,1.0,0.5337342100770679,0.0023897942812687503,0.05685712892276771,0.2504232723467256,0.1253195139840597,sklearn_digits_hidden_completion,71,1070,4,128,oracle_true_score,31,0.9931720163392321
0,class_neighbor,-0.23760472303766667,0.9085318781453741,1.0,0.5367661386457369,0.03201384264911908,0.024146611056459703,0.24289431990775084,0.13274341393040545,sklearn_digits_hidden_completion,72,1086,3,1,min_energy,0,-0.23760472303766667
0,class_neighbor,-0.23760472303766667,0.9085318781453741,1.0,0.5367661386457369,0.03201384264911908,0.024146611056459703,0.24289431990775084,0.13274341393040545,sklearn_digits_hidden_completion,72,1086,3,1,random_selector,0,0.0
0,class_neighbor,-0.23760472303766667,0.9085318781453741,1.0,0.5367661386457369,0.03201384264911908,0.024146611056459703,0.24289431990775084,0.13274341393040545,sklearn_digits_hidden_completion,72,1086,3,1,calibrated_clipped,0,-0.23760472303766667
0,class_neighbor,-0.23760472303766667,0.9085318781453741,1.0,0.5367661386457369,0.03201384264911908,0.024146611056459703,0.24289431990775084,0.13274341393040545,sklearn_digits_hidden_completion,72,1086,3,1,oracle_true_score,0,0.9085318781453741
0,class_neighbor,-0.23760472303766667,0.9085318781453741,1.0,0.5367661386457369,0.03201384264911908,0.024146611056459703,0.24289431990775084,0.13274341393040545,sklearn_digits_hidden_completion,72,1086,3,4,min_energy,0,-0.23760472303766667
0,class_neighbor,-0.23760472303766667,0.9085318781453741,1.0,0.5367661386457369,0.03201384264911908,0.024146611056459703,0.24289431990775084,0.13274341393040545,sklearn_digits_hidden_completion,72,1086,3,4,random_selector,0,0.0
0,class_neighbor,-0.23760472303766667,0.9085318781453741,1.0,0.5367661386457369,0.03201384264911908,0.024146611056459703,0.24289431990775084,0.13274341393040545,sklearn_digits_hidden_completion,72,1086,3,4,calibrated_clipped,0,-0.2342916839531794
1,near_valid,-0.21982240299263056,0.9926528548908163,1.0,0.5355749485823491,0.002571500788214285,0.028156448997121955,0.23835089182763114,0.22567264069754867,sklearn_digits_hidden_completion,72,1086,3,4,oracle_true_score,1,0.9926528548908163
10,shortcut,-0.6735456037133336,0.47129430150093243,0.0,1.0,0.18504699447467363,0.1319634252264078,0.0,0.2503085562069241,sklearn_digits_hidden_completion,72,1086,3,16,min_energy,10,-0.6735456037133336
11,near_valid,-0.22369411810463605,0.9895094699358172,1.0,0.5367184366420253,0.003671685522463974,0.03186850037068898,0.2395203129106045,0.2036741860095635,sklearn_digits_hidden_completion,72,1086,3,16,random_selector,11,11.0
9,class_neighbor,-0.2670414445560244,0.8330427062553187,1.0,0.5606693223705699,0.05843505281063844,0.023705608372271925,0.2131526035633245,0.15742746793810075,sklearn_digits_hidden_completion,72,1086,3,16,calibrated_clipped,9,-0.2455071133020045
1,near_valid,-0.21982240299263056,0.9926528548908163,1.0,0.5355749485823491,0.002571500788214285,0.028156448997121955,0.23835089182763114,0.22567264069754867,sklearn_digits_hidden_completion,72,1086,3,16,oracle_true_score,1,0.9926528548908163
10,shortcut,-0.6735456037133336,0.47129430150093243,0.0,1.0,0.18504699447467363,0.1319634252264078,0.0,0.2503085562069241,sklearn_digits_hidden_completion,72,1086,3,64,min_energy,10,-0.6735456037133336
4,random_digit,-0.17041033777532358,0.6519252232142857,0.0,0.533984375,0.121826171875,0.08496002987338194,0.25390625,0.3671875,sklearn_digits_hidden_completion,72,1086,3,64,random_selector,4,4.0
13,class_neighbor,-0.2416461258045749,0.8180599840207764,1.0,0.5346804186701326,0.06367900559272825,0.03594895182479709,0.2500320748826231,0.07328378323811205,sklearn_digits_hidden_completion,72,1086,3,64,calibrated_clipped,13,-0.2416461258045749
31,near_valid,-0.22041245425281414,0.9933708552698355,1.0,0.5372308142100131,0.002320200655557581,0.03593747947981199,0.23954804577283484,0.21785867666837042,sklearn_digits_hidden_completion,72,1086,3,64,oracle_true_score,31,0.9933708552698355
75,shortcut,-0.6739635270026845,0.4903815339736992,0.0,1.0,0.17836646310920526,0.12555260042732858,0.0,0.25462976455924924,sklearn_digits_hidden_completion,72,1086,3,128,min_energy,75,-0.6739635270026845
57,near_valid,-0.1800394083272649,0.9394110803220346,1.0,0.5093787411397533,0.021206121887287894,0.04769926882356408,0.28261707126076047,0.185077022847095,sklearn_digits_hidden_completion,72,1086,3,128,random_selector,57,57.0
13,class_neighbor,-0.2416461258045749,0.8180599840207764,1.0,0.5346804186701326,0.06367900559272825,0.03594895182479709,0.2500320748826231,0.07328378323811205,sklearn_digits_hidden_completion,72,1086,3,128,calibrated_clipped,13,-0.2416461258045749
31,near_valid,-0.22041245425281414,0.9933708552698355,1.0,0.5372308142100131,0.002320200655557581,0.03593747947981199,0.23954804577283484,0.21785867666837042,sklearn_digits_hidden_completion,72,1086,3,128,oracle_true_score,31,0.9933708552698355
0,class_neighbor,-0.20779450748899947,0.5008356180917322,0.0,0.5460734672001604,0.1747075336678937,0.052886281382510635,0.22645262169425973,0.333171973513879,sklearn_digits_hidden_completion,73,1101,5,1,min_energy,0,-0.20779450748899947
0,class_neighbor,-0.20779450748899947,0.5008356180917322,0.0,0.5460734672001604,0.1747075336678937,0.052886281382510635,0.22645262169425973,0.333171973513879,sklearn_digits_hidden_completion,73,1101,5,1,random_selector,0,0.0
0,class_neighbor,-0.20779450748899947,0.5008356180917322,0.0,0.5460734672001604,0.1747075336678937,0.052886281382510635,0.22645262169425973,0.333171973513879,sklearn_digits_hidden_completion,73,1101,5,1,calibrated_clipped,0,-0.20779450748899947
0,class_neighbor,-0.20779450748899947,0.5008356180917322,0.0,0.5460734672001604,0.1747075336678937,0.052886281382510635,0.22645262169425973,0.333171973513879,sklearn_digits_hidden_completion,73,1101,5,1,oracle_true_score,0,0.5008356180917322
1,class_neighbor,-0.28343977396934905,0.8663618667488848,1.0,0.5756713268985906,0.04677334663789032,0.05612527996046933,0.19921310745404613,0.13760728056387317,sklearn_digits_hidden_completion,73,1101,5,4,min_energy,1,-0.28343977396934905
0,class_neighbor,-0.20779450748899947,0.5008356180917322,0.0,0.5460734672001604,0.1747075336678937,0.052886281382510635,0.22645262169425973,0.333171973513879,sklearn_digits_hidden_completion,73,1101,5,4,random_selector,0,0.0
2,near_valid,-0.2318568138680727,0.9649398708315566,1.0,0.5429100093816788,0.012271045208955163,0.058803069268744075,0.24029208068550656,0.1570221746870447,sklearn_digits_hidden_completion,73,1101,5,4,calibrated_clipped,2,-0.2318568138680727
3,near_valid,-0.22581600202544183,0.9860041279589112,1.0,0.5325860023652116,0.004898555214381076,0.06139244735996328,0.24738797570663076,0.1264081181891365,sklearn_digits_hidden_completion,73,1101,5,4,oracle_true_score,3,0.9860041279589112
4,shortcut,-0.4627961331027671,0.7587526623252195,0.0,0.7309720574130176,0.08443656818617316,0.022080272011674208,0.05723998778446434,0.24767431136602897,sklearn_digits_hidden_completion,73,1101,5,16,min_energy,4,-0.4627961331027671
9,near_valid,-0.2338436620669294,0.9689467021568968,1.0,0.5373981687169944,0.010868654245086123,0.053883697688292126,0.24052133363423805,0.13070745717163523,sklearn_digits_hidden_completion,73,1101,5,16,random_selector,9,9.0
1,class_neighbor,-0.28343977396934905,0.8663618667488848,1.0,0.5756713268985906,0.04677334663789032,0.05612527996046933,0.19921310745404613,0.13760728056387317,sklearn_digits_hidden_completion,73,1101,5,16,calibrated_clipped,1,-0.2514742599050205
13,near_valid,-0.23459101018386855,0.9904871787309931,1.0,0.5364611641796615,0.0033294874441524244,0.05748386766806259,0.2437669059428684,0.11093145574343705,sklearn_digits_hidden_completion,73,1101,5,16,oracle_true_score,13,0.9904871787309931
27,shortcut,-0.671266372364994,0.6142807176328577,0.0,1.0,0.13500174882849977,0.08898063817502987,0.0,0.3046875,sklearn_digits_hidden_completion,73,1101,5,64,min_energy,27,-0.671266372364994
28,random_digit,-0.13839709518353385,0.4510323660714285,0.0,0.5143415178571429,0.192138671875,0.12895481426090222,0.2806919642857143,0.3359375,sklearn_digits_hidden_completion,73,1101,5,64,random_selector,28,28.0
61,near_valid,-0.25556030145022024,0.9847854769613352,1.0,0.5523803265771772,0.005325083063532667,0.0626913435462629,0.22044380130677976,0.12471292027340578,sklearn_digits_hidden_completion,73,1101,5,64,calibrated_clipped,61,-0.24193956247511203
63,near_valid,-0.22478078206563018,0.9958551283092066,1.0,0.5355996361535273,0.0014507050917776944,0.062419023615011,0.24534723020606647,0.1474708185658828,sklearn_digits_hidden_completion,73,1101,5,64,oracle_true_score,63,0.9958551283092066
27,shortcut,-0.671266372364994,0.6142807176328577,0.0,1.0,0.13500174882849977,0.08898063817502987,0.0,0.3046875,sklearn_digits_hidden_completion,73,1101,5,128,min_energy,27,-0.671266372364994
48,shortcut,-0.6647378501307271,0.5330712883794795,0.0,1.0,0.1634250490671822,0.12162324934636484,0.0,0.3046875,sklearn_digits_hidden_completion,73,1101,5,128,random_selector,48,48.0
111,random_digit,-0.2618626758268489,0.8001534598214286,1.0,0.5487723214285715,0.0699462890625,0.03922642741337474,0.22953869047619047,0.078125,sklearn_digits_hidden_completion,73,1101,5,128,calibrated_clipped,111,-0.2521834930682255
63,near_valid,-0.22478078206563018,0.9958551283092066,1.0,0.5355996361535273,0.0014507050917776944,0.062419023615011,0.24534723020606647,0.1474708185658828,sklearn_digits_hidden_completion,73,1101,5,128,oracle_true_score,63,0.9958551283092066
0,near_valid,-0.18239987811256442,0.9521372829405222,1.0,0.5256629490892801,0.016751950970817196,0.056937183477642046,0.24523537320856953,0.32790220872077,sklearn_digits_hidden_completion,74,1116,3,1,min_energy,0,-0.18239987811256442
0,near_valid,-0.18239987811256442,0.9521372829405222,1.0,0.5256629490892801,0.016751950970817196,0.056937183477642046,0.24523537320856953,0.32790220872077,sklearn_digits_hidden_completion,74,1116,3,1,random_selector,0,0.0
0,near_valid,-0.18239987811256442,0.9521372829405222,1.0,0.5256629490892801,0.016751950970817196,0.056937183477642046,0.24523537320856953,0.32790220872077,sklearn_digits_hidden_completion,74,1116,3,1,calibrated_clipped,0,-0.18239987811256442
0,near_valid,-0.18239987811256442,0.9521372829405222,1.0,0.5256629490892801,0.016751950970817196,0.056937183477642046,0.24523537320856953,0.32790220872077,sklearn_digits_hidden_completion,74,1116,3,1,oracle_true_score,0,0.9521372829405222
1,near_valid,-0.20829056441207758,0.9908816831270878,1.0,0.5364620451586433,0.003191410905519258,0.03856226574013735,0.23864498986682026,0.2754438594106313,sklearn_digits_hidden_completion,74,1116,3,4,min_energy,1,-0.20829056441207758
2,near_valid,-0.19725890911012406,0.9477249281545725,1.0,0.533632733554678,0.018296275145899616,0.062299702891465865,0.23513755527843389,0.30590022537226313,sklearn_digits_hidden_completion,74,1116,3,4,random_selector,2,2.0
1,near_valid,-0.20829056441207758,0.9908816831270878,1.0,0.5364620451586433,0.003191410905519258,0.03856226574013735,0.23864498986682026,0.2754438594106313,sklearn_digits_hidden_completion,74,1116,3,4,calibrated_clipped,1,-0.19553878777790767
1,near_valid,-0.20829056441207758,0.9908816831270878,1.0,0.5364620451586433,0.003191410905519258,0.03856226574013735,0.23864498986682026,0.2754438594106313,sklearn_digits_hidden_completion,74,1116,3,4,oracle_true_score,1,0.9908816831270878
7,shortcut,-0.6682174390334933,0.6175885075113944,0.0,1.0,0.13384402237101195,0.14022247354487954,0.0,0.26869033128765407,sklearn_digits_hidden_completion,74,1116,3,16,min_energy,7,-0.6682174390334933
7,shortcut,-0.6682174390334933,0.6175885075113944,0.0,1.0,0.13384402237101195,0.14022247354487954,0.0,0.26869033128765407,sklearn_digits_hidden_completion,74,1116,3,16,random_selector,7,7.0
12,random_digit,-0.26261540980157266,0.7359793526785714,0.0,0.5556919642857143,0.0924072265625,0.02551112063499396,0.21986607142857142,0.140625,sklearn_digits_hidden_completion,74,1116,3,16,calibrated_clipped,12,-0.22599162266653697
1,near_valid,-0.20829056441207758,0.9908816831270878,1.0,0.5364620451586433,0.003191410905519258,0.03856226574013735,0.23864498986682026,0.2754438594106313,sklearn_digits_hidden_completion,74,1116,3,16,oracle_true_score,1,0.9908816831270878
51,shortcut,-0.6691755485773513,0.641911431188807,0.0,1.0,0.12533099908391754,0.1272152590615252,0.0,0.2769069980517184,sklearn_digits_hidden_completion,74,1116,3,64,min_energy,51,-0.6691755485773513
49,near_valid,-0.19704779619110852,0.9410600756589093,1.0,0.5368948848785255,0.020628973519381748,0.06787993058739672,0.23297178407812827,0.3195645005366787,sklearn_digits_hidden_completion,74,1116,3,64,random_selector,49,49.0
17,class_neighbor,-0.2660910894651168,0.7586889433882096,0.0,0.5465876745545528,0.08445886981412662,0.03358968832964951,0.23055802305383666,0.05162408052628879,sklearn_digits_hidden_completion,74,1116,3,64,calibrated_clipped,17,-0.26061835476236106
1,near_valid,-0.20829056441207758,0.9908816831270878,1.0,0.5364620451586433,0.003191410905519258,0.03856226574013735,0.23864498986682026,0.2754438594106313,sklearn_digits_hidden_completion,74,1116,3,64,oracle_true_score,1,0.9908816831270878
51,shortcut,-0.6691755485773513,0.641911431188807,0.0,1.0,0.12533099908391754,0.1272152590615252,0.0,0.2769069980517184,sklearn_digits_hidden_completion,74,1116,3,128,min_energy,51,-0.6691755485773513
40,near_valid,-0.22485138280794872,0.9904631483824212,1.0,0.5536515854098254,0.0033378980661525745,0.04772759578271373,0.21350310696799096,0.3170753913024127,sklearn_digits_hidden_completion,74,1116,3,128,random_selector,40,40.0
17,class_neighbor,-0.2660910894651168,0.7586889433882096,0.0,0.5465876745545528,0.08445886981412662,0.03358968832964951,0.23055802305383666,0.05162408052628879,sklearn_digits_hidden_completion,74,1116,3,128,calibrated_clipped,17,-0.24503024451791836
77,near_valid,-0.23266039701107483,0.9954405831312445,1.0,0.5548195016806274,0.0015957959040644254,0.04926100856138193,0.21000527183658635,0.2904956401349843,sklearn_digits_hidden_completion,74,1116,3,128,oracle_true_score,77,0.9954405831312445
0,near_valid,-0.21554903738144712,0.9893582878484811,1.0,0.5222205548736307,0.003724599253031607,0.07876677459826714,0.267031351451757,0.06747890277828061,sklearn_digits_hidden_completion,75,1131,6,1,min_energy,0,-0.21554903738144712
0,near_valid,-0.21554903738144712,0.9893582878484811,1.0,0.5222205548736307,0.003724599253031607,0.07876677459826714,0.267031351451757,0.06747890277828061,sklearn_digits_hidden_completion,75,1131,6,1,random_selector,0,0.0
0,near_valid,-0.21554903738144712,0.9893582878484811,1.0,0.5222205548736307,0.003724599253031607,0.07876677459826714,0.267031351451757,0.06747890277828061,sklearn_digits_hidden_completion,75,1131,6,1,calibrated_clipped,0,-0.21554903738144712
0,near_valid,-0.21554903738144712,0.9893582878484811,1.0,0.5222205548736307,0.003724599253031607,0.07876677459826714,0.267031351451757,0.06747890277828061,sklearn_digits_hidden_completion,75,1131,6,1,oracle_true_score,0,0.9893582878484811
0,near_valid,-0.21554903738144712,0.9893582878484811,1.0,0.5222205548736307,0.003724599253031607,0.07876677459826714,0.267031351451757,0.06747890277828061,sklearn_digits_hidden_completion,75,1131,6,4,min_energy,0,-0.21554903738144712
1,class_neighbor,-0.19823065622136385,0.706249501817322,0.0,0.5392117816463211,0.10281267436393726,0.013727969481258252,0.2516364521139587,0.3251626872722402,sklearn_digits_hidden_completion,75,1131,6,4,random_selector,1,1.0
0,near_valid,-0.21554903738144712,0.9893582878484811,1.0,0.5222205548736307,0.003724599253031607,0.07876677459826714,0.267031351451757,0.06747890277828061,sklearn_digits_hidden_completion,75,1131,6,4,calibrated_clipped,0,-0.2092779963199195
0,near_valid,-0.21554903738144712,0.9893582878484811,1.0,0.5222205548736307,0.003724599253031607,0.07876677459826714,0.267031351451757,0.06747890277828061,sklearn_digits_hidden_completion,75,1131,6,4,oracle_true_score,0,0.9893582878484811
6,shortcut,-0.39116879733897475,0.766012316276665,0.0,0.6576128865441897,0.08189568930316724,0.05729245769918964,0.0847742269116207,0.21978275613969098,sklearn_digits_hidden_completion,75,1131,6,16,min_energy,6,-0.39116879733897475
8,near_valid,-0.22303805172698474,0.9837106966993848,1.0,0.527179436476363,0.005701256155215325,0.0851680787913113,0.25974311672880773,0.0622709783559051,sklearn_digits_hidden_completion,75,1131,6,16,random_selector,8,8.0
11,near_valid,-0.23802580084264544,0.9832929945914742,1.0,0.5328927461064225,0.0058474518929840305,0.07735808861509653,0.2541099682075197,0.03205829250008144,sklearn_digits_hidden_completion,75,1131,6,16,calibrated_clipped,11,-0.23802580084264544
0,near_valid,-0.21554903738144712,0.9893582878484811,1.0,0.5222205548736307,0.003724599253031607,0.07876677459826714,0.267031351451757,0.06747890277828061,sklearn_digits_hidden_completion,75,1131,6,16,oracle_true_score,0,0.9893582878484811
53,shortcut,-0.6572201561672407,0.19668222310539107,0.0,1.0,0.2811612219131131,0.21901441279663353,0.0,0.2448848063671627,sklearn_digits_hidden_completion,75,1131,6,64,min_energy,53,-0.6572201561672407
15,near_valid,-0.22714357679320055,0.9875733725790434,1.0,0.5307897240226107,0.0043493195973348135,0.07146072045358697,0.2584182874840213,0.0726325700841419,sklearn_digits_hidden_completion,75,1131,6,64,random_selector,15,15.0
54,near_valid,-0.2379333550179631,0.9926350298239036,1.0,0.5302212708401776,0.00257773956163375,0.07225591393986983,0.2551221203171325,0.02482124574886624,sklearn_digits_hidden_completion,75,1131,6,64,calibrated_clipped,54,-0.23789769082986284
49,class_neighbor,-0.23986588859294591,0.9952231088820438,1.0,0.5339359549633629,0.001671911891284665,0.07029763432687641,0.2528433108926985,0.037313648866083904,sklearn_digits_hidden_completion,75,1131,6,64,oracle_true_score,49,0.9952231088820438
73,shortcut,-0.6573861353819707,0.20812571871707597,0.0,1.0,0.2771559984490234,0.21493096822969676,0.0,0.24813835486045008,sklearn_digits_hidden_completion,75,1131,6,128,min_energy,73,-0.6573861353819707
109,near_valid,-0.23566178290527004,0.9888314743195914,1.0,0.5327614010494878,0.003908983988143015,0.06648569805308147,0.25496588582399593,0.051904455340158695,sklearn_digits_hidden_completion,75,1131,6,128,random_selector,109,109.0
22,near_valid,-0.2377374520176211,0.9905808397288723,1.0,0.5293129627041047,0.0032967060948946945,0.06257754250002698,0.25561462798637136,0.030718580589738788,sklearn_digits_hidden_completion,75,1131,6,128,calibrated_clipped,22,-0.23575186495121309
49,class_neighbor,-0.23986588859294591,0.9952231088820438,1.0,0.5339359549633629,0.001671911891284665,0.07029763432687641,0.2528433108926985,0.037313648866083904,sklearn_digits_hidden_completion,75,1131,6,128,oracle_true_score,49,0.9952231088820438
0,near_valid,-0.21357954223492454,0.9857497098239653,1.0,0.5236684168552859,0.004987601561612156,0.042146449039724365,0.2543277425870654,0.15431111087854493,sklearn_digits_hidden_completion,76,1146,9,1,min_energy,0,-0.21357954223492454
0,near_valid,-0.21357954223492454,0.9857497098239653,1.0,0.5236684168552859,0.004987601561612156,0.042146449039724365,0.2543277425870654,0.15431111087854493,sklearn_digits_hidden_completion,76,1146,9,1,random_selector,0,0.0
0,near_valid,-0.21357954223492454,0.9857497098239653,1.0,0.5236684168552859,0.004987601561612156,0.042146449039724365,0.2543277425870654,0.15431111087854493,sklearn_digits_hidden_completion,76,1146,9,1,calibrated_clipped,0,-0.21357954223492454
0,near_valid,-0.21357954223492454,0.9857497098239653,1.0,0.5236684168552859,0.004987601561612156,0.042146449039724365,0.2543277425870654,0.15431111087854493,sklearn_digits_hidden_completion,76,1146,9,1,oracle_true_score,0,0.9857497098239653
3,shortcut,-0.6561782072636452,0.6665977014233311,0.0,1.0,0.11669080450183411,0.0914648141967418,0.0,0.37764414948503244,sklearn_digits_hidden_completion,76,1146,9,4,min_energy,3,-0.6561782072636452
1,near_valid,-0.2329438521786534,0.9865027686036961,1.0,0.5410437977699839,0.004724030988706352,0.03854062658427727,0.23417206723966794,0.1816811692508084,sklearn_digits_hidden_completion,76,1146,9,4,random_selector,1,1.0
1,near_valid,-0.2329438521786534,0.9865027686036961,1.0,0.5410437977699839,0.004724030988706352,0.03854062658427727,0.23417206723966794,0.1816811692508084,sklearn_digits_hidden_completion,76,1146,9,4,calibrated_clipped,1,-0.2329339570336674
1,near_valid,-0.2329438521786534,0.9865027686036961,1.0,0.5410437977699839,0.004724030988706352,0.03854062658427727,0.23417206723966794,0.1816811692508084,sklearn_digits_hidden_completion,76,1146,9,4,oracle_true_score,1,0.9865027686036961
3,shortcut,-0.6561782072636452,0.6665977014233311,0.0,1.0,0.11669080450183411,0.0914648141967418,0.0,0.37764414948503244,sklearn_digits_hidden_completion,76,1146,9,16,min_energy,3,-0.6561782072636452
12,near_valid,-0.26273666877336516,0.9836335526040546,1.0,0.559168658709882,0.005728256588580898,0.03094730534653587,0.20952006276132296,0.17607164835505762,sklearn_digits_hidden_completion,76,1146,9,16,random_selector,12,12.0
12,near_valid,-0.26273666877336516,0.9836335526040546,1.0,0.559168658709882,0.005728256588580898,0.03094730534653587,0.20952006276132296,0.17607164835505762,sklearn_digits_hidden_completion,76,1146,9,16,calibrated_clipped,12,-0.24604239799905903
1,near_valid,-0.2329438521786534,0.9865027686036961,1.0,0.5410437977699839,0.004724030988706352,0.03854062658427727,0.23417206723966794,0.1816811692508084,sklearn_digits_hidden_completion,76,1146,9,16,oracle_true_score,1,0.9865027686036961
3,shortcut,-0.6561782072636452,0.6665977014233311,0.0,1.0,0.11669080450183411,0.0914648141967418,0.0,0.37764414948503244,sklearn_digits_hidden_completion,76,1146,9,64,min_energy,3,-0.6561782072636452
37,class_neighbor,-0.22367790136203666,0.832358879098191,1.0,0.5342324254331228,0.05867439231563315,0.04552761518032471,0.2395887190220633,0.1805854960730282,sklearn_digits_hidden_completion,76,1146,9,64,random_selector,37,37.0
16,near_valid,-0.24359737285894617,0.9895997653508698,1.0,0.5443094236438173,0.0036400821271955538,0.03521700112176585,0.2273158807477631,0.1628378011914695,sklearn_digits_hidden_completion,76,1146,9,64,calibrated_clipped,16,-0.2381275068229434
28,near_valid,-0.23666095069279908,0.994483283673775,1.0,0.5419541209561474,0.001930850714178738,0.03618856770106252,0.23485369772235495,0.16698696368401864,sklearn_digits_hidden_completion,76,1146,9,64,oracle_true_score,28,0.994483283673775
3,shortcut,-0.6561782072636452,0.6665977014233311,0.0,1.0,0.11669080450183411,0.0914648141967418,0.0,0.37764414948503244,sklearn_digits_hidden_completion,76,1146,9,128,min_energy,3,-0.6561782072636452
113,class_neighbor,-0.22075612239727185,0.7429600587615827,0.0,0.5536032948814232,0.08996397943344606,0.026950960984557848,0.21809514267214275,0.3455191404860276,sklearn_digits_hidden_completion,76,1146,9,128,random_selector,113,113.0
122,near_valid,-0.2537908481824763,0.9814200940532201,1.0,0.5479821091167797,0.006502967081372987,0.028387951870963424,0.2244166383985715,0.140444960808507,sklearn_digits_hidden_completion,76,1146,9,128,calibrated_clipped,122,-0.24297282827547126
102,near_valid,-0.2391683425402548,0.9951050467645407,1.0,0.5428193952860758,0.0017132336324107403,0.043045126320031935,0.22904190797933044,0.16682064635831967,sklearn_digits_hidden_completion,76,1146,9,128,oracle_true_score,102,0.9951050467645407
0,near_valid,-0.20888138758128597,0.9521658261116391,1.0,0.5385643141500671,0.0167419608609263,0.03149950567938061,0.2490646886706266,0.25878184063271814,sklearn_digits_hidden_completion,77,1161,4,1,min_energy,0,-0.20888138758128597
0,near_valid,-0.20888138758128597,0.9521658261116391,1.0,0.5385643141500671,0.0167419608609263,0.03149950567938061,0.2490646886706266,0.25878184063271814,sklearn_digits_hidden_completion,77,1161,4,1,random_selector,0,0.0
0,near_valid,-0.20888138758128597,0.9521658261116391,1.0,0.5385643141500671,0.0167419608609263,0.03149950567938061,0.2490646886706266,0.25878184063271814,sklearn_digits_hidden_completion,77,1161,4,1,calibrated_clipped,0,-0.20888138758128597
0,near_valid,-0.20888138758128597,0.9521658261116391,1.0,0.5385643141500671,0.0167419608609263,0.03149950567938061,0.2490646886706266,0.25878184063271814,sklearn_digits_hidden_completion,77,1161,4,1,oracle_true_score,0,0.9521658261116391
1,near_valid,-0.23342507484663713,0.9837018751138341,1.0,0.5457941154533279,0.005704343710158057,0.011601555088477199,0.23650588081596063,0.21760983138442486,sklearn_digits_hidden_completion,77,1161,4,4,min_energy,1,-0.23342507484663713
1,near_valid,-0.23342507484663713,0.9837018751138341,1.0,0.5457941154533279,0.005704343710158057,0.011601555088477199,0.23650588081596063,0.21760983138442486,sklearn_digits_hidden_completion,77,1161,4,4,random_selector,1,1.0
1,near_valid,-0.23342507484663713,0.9837018751138341,1.0,0.5457941154533279,0.005704343710158057,0.011601555088477199,0.23650588081596063,0.21760983138442486,sklearn_digits_hidden_completion,77,1161,4,4,calibrated_clipped,1,-0.22853655467397097
2,near_valid,-0.2284202643623941,0.9876890407406819,1.0,0.5481165445722258,0.00430883574076136,0.016256798276264053,0.2324965871872895,0.25771330729256603,sklearn_digits_hidden_completion,77,1161,4,4,oracle_true_score,2,0.9876890407406819
4,random_digit,-0.23646173418550753,0.7467912946428572,0.0,0.5792410714285714,0.088623046875,0.06108790645341451,0.1956845238095238,0.390625,sklearn_digits_hidden_completion,77,1161,4,16,min_energy,4,-0.23646173418550753
7,near_valid,-0.19128754739364554,0.9487898516610369,1.0,0.5227762285573809,0.017923551918637086,0.03290067368067795,0.2634949739721017,0.24646126801799306,sklearn_digits_hidden_completion,77,1161,4,16,random_selector,7,7.0
15,near_valid,-0.2341587179338536,0.9870732062000299,1.0,0.5416747124552486,0.004524377829989525,0.01343471866236861,0.24197545903338108,0.18161935103374757,sklearn_digits_hidden_completion,77,1161,4,16,calibrated_clipped,15,-0.22531432904930496
8,near_valid,-0.21062126194380495,0.9886066557968133,1.0,0.5326784026168967,0.0039876704711153555,0.017971354098884448,0.2543966527386962,0.2268755509640387,sklearn_digits_hidden_completion,77,1161,4,16,oracle_true_score,8,0.9886066557968133
54,shortcut,-0.6502450412130023,0.41015760915764476,0.0,1.0,0.2064448367948243,0.16747591187147715,0.0,0.33129888206351116,sklearn_digits_hidden_completion,77,1161,4,64,min_energy,54,-0.6502450412130023
7,near_valid,-0.19128754739364554,0.9487898516610369,1.0,0.5227762285573809,0.017923551918637086,0.03290067368067795,0.2634949739721017,0.24646126801799306,sklearn_digits_hidden_completion,77,1161,4,64,random_selector,7,7.0
17,class_neighbor,-0.23846879860183673,0.8605006550506202,1.0,0.5407288937190907,0.04882477073228292,0.02763722356553531,0.23888712830339048,0.1508125320375473,sklearn_digits_hidden_completion,77,1161,4,64,calibrated_clipped,17,-0.23280971073172624
21,near_valid,-0.2278499005327546,0.9934110937775361,1.0,0.5411984690780512,0.002306117177862378,0.013315450398958886,0.24137814534329494,0.2131394062858994,sklearn_digits_hidden_completion,77,1161,4,64,oracle_true_score,21,0.9934110937775361
54,shortcut,-0.6502450412130023,0.41015760915764476,0.0,1.0,0.2064448367948243,0.16747591187147715,0.0,0.33129888206351116,sklearn_digits_hidden_completion,77,1161,4,128,min_energy,54,-0.6502450412130023
70,near_valid,-0.19843394887092014,0.9109570544395832,1.0,0.5373709210553419,0.031165030946145873,0.033218878863703546,0.24480903258172285,0.31652749113948997,sklearn_digits_hidden_completion,77,1161,4,128,random_selector,70,70.0
17,class_neighbor,-0.23846879860183673,0.8605006550506202,1.0,0.5407288937190907,0.04882477073228292,0.02763722356553531,0.23888712830339048,0.1508125320375473,sklearn_digits_hidden_completion,77,1161,4,128,calibrated_clipped,17,-0.23288286838487088
65,near_valid,-0.2349497100531996,0.9949064285045118,1.0,0.5431138838677179,0.0017827500234208634,0.01081436879822949,0.23801661783319783,0.1965684463984204,sklearn_digits_hidden_completion,77,1161,4,128,oracle_true_score,65,0.9949064285045118
0,near_valid,-0.20092375758484063,0.9582911212033295,1.0,0.5432590698667216,0.014598107578834668,0.07175796556702274,0.23830228550536964,0.3055134733692133,sklearn_digits_hidden_completion,78,1176,9,1,min_energy,0,-0.20092375758484063
0,near_valid,-0.20092375758484063,0.9582911212033295,1.0,0.5432590698667216,0.014598107578834668,0.07175796556702274,0.23830228550536964,0.3055134733692133,sklearn_digits_hidden_completion,78,1176,9,1,random_selector,0,0.0
0,near_valid,-0.20092375758484063,0.9582911212033295,1.0,0.5432590698667216,0.014598107578834668,0.07175796556702274,0.23830228550536964,0.3055134733692133,sklearn_digits_hidden_completion,78,1176,9,1,calibrated_clipped,0,-0.20092375758484063
0,near_valid,-0.20092375758484063,0.9582911212033295,1.0,0.5432590698667216,0.014598107578834668,0.07175796556702274,0.23830228550536964,0.3055134733692133,sklearn_digits_hidden_completion,78,1176,9,1,oracle_true_score,0,0.9582911212033295
3,near_valid,-0.2105797236334338,0.9863675487912318,1.0,0.5438484951580793,0.004771357923068886,0.0712950632502087,0.22842280228887463,0.28707546913101456,sklearn_digits_hidden_completion,78,1176,9,4,min_energy,3,-0.2105797236334338
1,near_valid,-0.20923028648704664,0.9905511275888461,1.0,0.545586591142461,0.003307105343903846,0.07524863206069615,0.22892271831317612,0.29501217692706505,sklearn_digits_hidden_completion,78,1176,9,4,random_selector,1,1.0
3,near_valid,-0.2105797236334338,0.9863675487912318,1.0,0.5438484951580793,0.004771357923068886,0.0712950632502087,0.22842280228887463,0.28707546913101456,sklearn_digits_hidden_completion,78,1176,9,4,calibrated_clipped,3,-0.2097700613456015
1,near_valid,-0.20923028648704664,0.9905511275888461,1.0,0.545586591142461,0.003307105343903846,0.07524863206069615,0.22892271831317612,0.29501217692706505,sklearn_digits_hidden_completion,78,1176,9,4,oracle_true_score,1,0.9905511275888461
13,shortcut,-0.6431516497516426,0.45916613665240114,0.0,1.0,0.18929185217165959,0.09747118820221093,0.0,0.43677056303957607,sklearn_digits_hidden_completion,78,1176,9,16,min_energy,13,-0.6431516497516426
13,shortcut,-0.6431516497516426,0.45916613665240114,0.0,1.0,0.18929185217165959,0.09747118820221093,0.0,0.43677056303957607,sklearn_digits_hidden_completion,78,1176,9,16,random_selector,13,13.0
11,near_valid,-0.22604363190218402,0.9900766060833537,1.0,0.5510476006703092,0.003473187870826223,0.06543975859608961,0.22184862481197115,0.2606868661737293,sklearn_digits_hidden_completion,78,1176,9,16,calibrated_clipped,11,-0.21929919556006605
1,near_valid,-0.20923028648704664,0.9905511275888461,1.0,0.545586591142461,0.003307105343903846,0.07524863206069615,0.22892271831317612,0.29501217692706505,sklearn_digits_hidden_completion,78,1176,9,16,oracle_true_score,1,0.9905511275888461
33,shortcut,-0.647498455903232,0.5064642555621242,0.0,1.0,0.17273751055325656,0.08530732887771147,0.0,0.42720039160612877,sklearn_digits_hidden_completion,78,1176,9,64,min_energy,33,-0.647498455903232
34,near_valid,-0.17913555002716894,0.982799514606249,1.0,0.5191125272120625,0.006020169887812836,0.07189537086550328,0.26344169552500624,0.25463419335011905,sklearn_digits_hidden_completion,78,1176,9,64,random_selector,34,34.0
50,random_digit,-0.279636922092875,0.25537109375,0.0,0.5787388392857142,0.2606201171875,0.13197256959514853,0.18731398809523808,0.125,sklearn_digits_hidden_completion,78,1176,9,64,calibrated_clipped,50,-0.24829578956760995
58,near_valid,-0.21706429704467523,0.99115088658881,1.0,0.5463499714372357,0.003097189693916495,0.07027022290327602,0.22480673274411336,0.27500216971667,sklearn_digits_hidden_completion,78,1176,9,64,oracle_true_score,58,0.99115088658881
112,shortcut,-0.6487757662939948,0.5199370457966954,0.0,1.0,0.16802203397115661,0.08200831313594982,0.0,0.4241128553940764,sklearn_digits_hidden_completion,78,1176,9,128,min_energy,112,-0.6487757662939948
93,shortcut,-0.39186353593258955,0.47590432487747225,0.0,0.6619881578234255,0.1834334862928847,0.05648922782174845,0.07602368435314924,0.2575835523819888,sklearn_digits_hidden_completion,78,1176,9,128,random_selector,93,93.0
84,random_digit,-0.22846640342968055,0.65576171875,0.0,0.5443638392857143,0.1204833984375,0.029752246244454092,0.23939732142857142,0.2109375,sklearn_digits_hidden_completion,78,1176,9,128,calibrated_clipped,84,-0.22695102921908822
123,near_valid,-0.20538437733852496,0.9923452408009471,1.0,0.5344403409474865,0.0026791657196684996,0.07421757602351352,0.24285641918040796,0.23515666309081407,sklearn_digits_hidden_completion,78,1176,9,128,oracle_true_score,123,0.9923452408009471
0,near_valid,-0.13791895318503444,0.9834030947511923,1.0,0.4959720145440995,0.005808916837082705,0.03482176278528118,0.3055477170801304,0.29522230385956094,sklearn_digits_hidden_completion,79,1191,6,1,min_energy,0,-0.13791895318503444
0,near_valid,-0.13791895318503444,0.9834030947511923,1.0,0.4959720145440995,0.005808916837082705,0.03482176278528118,0.3055477170801304,0.29522230385956094,sklearn_digits_hidden_completion,79,1191,6,1,random_selector,0,0.0
0,near_valid,-0.13791895318503444,0.9834030947511923,1.0,0.4959720145440995,0.005808916837082705,0.03482176278528118,0.3055477170801304,0.29522230385956094,sklearn_digits_hidden_completion,79,1191,6,1,calibrated_clipped,0,-0.13791895318503444
0,near_valid,-0.13791895318503444,0.9834030947511923,1.0,0.4959720145440995,0.005808916837082705,0.03482176278528118,0.3055477170801304,0.29522230385956094,sklearn_digits_hidden_completion,79,1191,6,1,oracle_true_score,0,0.9834030947511923
1,near_valid,-0.14212537259623154,0.9825275415665132,1.0,0.4999283374657476,0.006115360451720373,0.038792136934262235,0.30169948934845325,0.2956386698728872,sklearn_digits_hidden_completion,79,1191,6,4,min_energy,1,-0.14212537259623154
1,near_valid,-0.14212537259623154,0.9825275415665132,1.0,0.4999283374657476,0.006115360451720373,0.038792136934262235,0.30169948934845325,0.2956386698728872,sklearn_digits_hidden_completion,79,1191,6,4,random_selector,1,1.0
0,near_valid,-0.13791895318503444,0.9834030947511923,1.0,0.4959720145440995,0.005808916837082705,0.03482176278528118,0.3055477170801304,0.29522230385956094,sklearn_digits_hidden_completion,79,1191,6,4,calibrated_clipped,0,-0.13791895318503444
3,near_valid,-0.13545569717923656,0.9860705856919031,1.0,0.49879797670301734,0.004875295007833933,0.043566112352571816,0.3031147720615417,0.3160821912183209,sklearn_digits_hidden_completion,79,1191,6,4,oracle_true_score,3,0.9860705856919031
14,shortcut,-0.6623879343670196,0.15570937943951957,0.0,1.0,0.29550171719616813,0.21149782816490226,0.0,0.2265625,sklearn_digits_hidden_completion,79,1191,6,16,min_energy,14,-0.6623879343670196
0,near_valid,-0.13791895318503444,0.9834030947511923,1.0,0.4959720145440995,0.005808916837082705,0.03482176278528118,0.3055477170801304,0.29522230385956094,sklearn_digits_hidden_completion,79,1191,6,16,random_selector,0,0.0
5,random_digit,-0.20806391596814403,0.4859095982142857,0.0,0.5584263392857143,0.179931640625,0.10246780855213707,0.22377232142857142,0.3359375,sklearn_digits_hidden_completion,79,1191,6,16,calibrated_clipped,5,-0.1527891677449569
9,near_valid,-0.12519173749072035,0.9880949387848247,1.0,0.4882059179765159,0.004166771425311357,0.03580002429164732,0.31200891734083475,0.31098895797938997,sklearn_digits_hidden_completion,79,1191,6,16,oracle_true_score,9,0.9880949387848247
31,shortcut,-0.6632751037035258,0.17108841969928923,0.0,1.0,0.29011905310524877,0.20706198148237065,0.0,0.2265625,sklearn_digits_hidden_completion,79,1191,6,64,min_energy,31,-0.6632751037035258
1,near_valid,-0.14212537259623154,0.9825275415665132,1.0,0.4999283374657476,0.006115360451720373,0.038792136934262235,0.30169948934845325,0.2956386698728872,sklearn_digits_hidden_completion,79,1191,6,64,random_selector,1,1.0
61,random_digit,-0.2170691916151777,0.6589006696428571,0.0,0.5297433035714286,0.119384765625,0.06920668329315917,0.24572172619047616,0.15625,sklearn_digits_hidden_completion,79,1191,6,64,calibrated_clipped,61,-0.18704129131582636
35,near_valid,-0.10171094617741633,0.9927332679729478,1.0,0.4757451223601887,0.0025433562094682796,0.045247519884529575,0.330808245494736,0.32051928296857235,sklearn_digits_hidden_completion,79,1191,6,64,oracle_true_score,35,0.9927332679729478
31,shortcut,-0.6632751037035258,0.17108841969928923,0.0,1.0,0.29011905310524877,0.20706198148237065,0.0,0.2265625,sklearn_digits_hidden_completion,79,1191,6,128,min_energy,31,-0.6632751037035258
30,near_valid,-0.1231262115850251,0.9911255595244225,1.0,0.48534945510911087,0.0031060541664521164,0.04113160371094096,0.3174166742601732,0.29040194080762294,sklearn_digits_hidden_completion,79,1191,6,128,random_selector,30,30.0
76,class_neighbor,-0.22011919782267406,0.777935146235227,0.0,0.5213511862951009,0.07772269881767056,0.023268893178942006,0.2677154930507686,0.09498446042470272,sklearn_digits_hidden_completion,79,1191,6,128,calibrated_clipped,76,-0.19575157175906613
111,near_valid,-0.13190690428973725,0.9940217922424492,1.0,0.493878639110249,0.0020923727151427787,0.03496196365048518,0.3094131940898574,0.30666212781715435,sklearn_digits_hidden_completion,79,1191,6,128,oracle_true_score,111,0.9940217922424492
0,near_valid,-0.18104370947962783,0.965553522205396,1.0,0.5075653441369167,0.012056267228111381,0.054097797617771747,0.3063176227396794,0.10168023296340815,sklearn_digits_hidden_completion,80,1206,0,1,min_energy,0,-0.18104370947962783
0,near_valid,-0.18104370947962783,0.965553522205396,1.0,0.5075653441369167,0.012056267228111381,0.054097797617771747,0.3063176227396794,0.10168023296340815,sklearn_digits_hidden_completion,80,1206,0,1,random_selector,0,0.0
0,near_valid,-0.18104370947962783,0.965553522205396,1.0,0.5075653441369167,0.012056267228111381,0.054097797617771747,0.3063176227396794,0.10168023296340815,sklearn_digits_hidden_completion,80,1206,0,1,calibrated_clipped,0,-0.18104370947962783
0,near_valid,-0.18104370947962783,0.965553522205396,1.0,0.5075653441369167,0.012056267228111381,0.054097797617771747,0.3063176227396794,0.10168023296340815,sklearn_digits_hidden_completion,80,1206,0,1,oracle_true_score,0,0.965553522205396
2,class_neighbor,-0.20523299100736855,0.8970841151083135,1.0,0.5314773355147612,0.036020559712090276,0.035183944898831455,0.2708730505908435,0.18679021911986068,sklearn_digits_hidden_completion,80,1206,0,4,min_energy,2,-0.20523299100736855
0,near_valid,-0.18104370947962783,0.965553522205396,1.0,0.5075653441369167,0.012056267228111381,0.054097797617771747,0.3063176227396794,0.10168023296340815,sklearn_digits_hidden_completion,80,1206,0,4,random_selector,0,0.0
3,near_valid,-0.1933537640460249,0.9872810489880329,1.0,0.5055731933693333,0.004451632854188467,0.03725094809345126,0.3043582089499368,0.054894632199097765,sklearn_digits_hidden_completion,80,1206,0,4,calibrated_clipped,3,-0.1933537640460249
3,near_valid,-0.1933537640460249,0.9872810489880329,1.0,0.5055731933693333,0.004451632854188467,0.03725094809345126,0.3043582089499368,0.054894632199097765,sklearn_digits_hidden_completion,80,1206,0,4,oracle_true_score,3,0.9872810489880329
5,class_neighbor,-0.23847666759403052,0.9071408475743296,1.0,0.5444740557259278,0.032500703348984646,0.04699595739445926,0.2458724185529491,0.1262492625870072,sklearn_digits_hidden_completion,80,1206,0,16,min_energy,5,-0.23847666759403052
4,near_valid,-0.15335330570194475,0.9778402465585656,1.0,0.48951268837377226,0.007755913704502019,0.03903839600776296,0.32666763653348396,0.13153165641707854,sklearn_digits_hidden_completion,80,1206,0,16,random_selector,4,4.0
15,near_valid,-0.20348781234327137,0.9874044861683703,1.0,0.51125405837227,0.004408429841070404,0.02859328655541897,0.2991962018631917,0.0483808155004595,sklearn_digits_hidden_completion,80,1206,0,16,calibrated_clipped,15,-0.1992715016860408
15,near_valid,-0.20348781234327137,0.9874044861683703,1.0,0.51125405837227,0.004408429841070404,0.02859328655541897,0.2991962018631917,0.0483808155004595,sklearn_digits_hidden_completion,80,1206,0,16,oracle_true_score,15,0.9874044861683703
57,shortcut,-0.656617394246236,0.40242909423334217,0.0,1.0,0.20914981701833024,0.1622255287688199,0.0,0.3046875,sklearn_digits_hidden_completion,80,1206,0,64,min_energy,57,-0.656617394246236
2,class_neighbor,-0.20523299100736855,0.8970841151083135,1.0,0.5314773355147612,0.036020559712090276,0.035183944898831455,0.2708730505908435,0.18679021911986068,sklearn_digits_hidden_completion,80,1206,0,64,random_selector,2,2.0
42,near_valid,-0.22120444554638125,0.9884594437638721,1.0,0.5228993529453272,0.004039194682644782,0.03333359842421612,0.278671320539183,0.055170615906101346,sklearn_digits_hidden_completion,80,1206,0,64,calibrated_clipped,42,-0.20806089511600254
19,near_valid,-0.19558217907963937,0.9936483013937605,1.0,0.5057493906620432,0.0022230945121838297,0.03745062293236434,0.30478137689185814,0.043049910199490796,sklearn_digits_hidden_completion,80,1206,0,64,oracle_true_score,19,0.9936483013937605
72,shortcut,-0.6606962877752008,0.4673900385856211,0.0,1.0,0.1864134864950326,0.14183106112399577,0.0,0.3046875,sklearn_digits_hidden_completion,80,1206,0,128,min_energy,72,-0.6606962877752008
116,random_digit,-0.19952091932068852,0.3502371651785714,0.0,0.5659040178571428,0.2274169921875,0.2081013185751286,0.2025669642857143,0.359375,sklearn_digits_hidden_completion,80,1206,0,128,random_selector,116,116.0
64,class_neighbor,-0.21517207664970747,0.9221048014571341,1.0,0.5161891405066046,0.027263319490003053,0.007095727725631412,0.288699210485998,0.05883033708910382,sklearn_digits_hidden_completion,80,1206,0,128,calibrated_clipped,64,-0.21158279963650792
122,near_valid,-0.19487263971106084,0.9950877604147096,1.0,0.5067751483655782,0.0017192838548516446,0.031750839892610655,0.30554917758419897,0.05403252956645638,sklearn_digits_hidden_completion,80,1206,0,128,oracle_true_score,122,0.9950877604147096
0,shortcut,-0.6745186722685743,0.288872856492173,0.0,1.0,0.24889450022773943,0.18209413865712867,0.0,0.1953125,sklearn_digits_hidden_completion,81,1221,4,1,min_energy,0,-0.6745186722685743
0,shortcut,-0.6745186722685743,0.288872856492173,0.0,1.0,0.24889450022773943,0.18209413865712867,0.0,0.1953125,sklearn_digits_hidden_completion,81,1221,4,1,random_selector,0,0.0
0,shortcut,-0.6745186722685743,0.288872856492173,0.0,1.0,0.24889450022773943,0.18209413865712867,0.0,0.1953125,sklearn_digits_hidden_completion,81,1221,4,1,calibrated_clipped,0,-0.6745186722685743
0,shortcut,-0.6745186722685743,0.288872856492173,0.0,1.0,0.24889450022773943,0.18209413865712867,0.0,0.1953125,sklearn_digits_hidden_completion,81,1221,4,1,oracle_true_score,0,0.288872856492173
0,shortcut,-0.6745186722685743,0.288872856492173,0.0,1.0,0.24889450022773943,0.18209413865712867,0.0,0.1953125,sklearn_digits_hidden_completion,81,1221,4,4,min_energy,0,-0.6745186722685743
1,near_valid,-0.12563999442656226,0.9873276523954652,1.0,0.48780987004649845,0.004435321661587185,0.07849755850383938,0.3072696384423048,0.27759797632138017,sklearn_digits_hidden_completion,81,1221,4,4,random_selector,1,1.0
2,class_neighbor,-0.1926843316342724,0.7633788487072048,0.0,0.5221321733576605,0.0828174029524783,0.023244519833404184,0.2738894931027696,0.21813336605384426,sklearn_digits_hidden_completion,81,1221,4,4,calibrated_clipped,2,-0.1899297480969352
1,near_valid,-0.12563999442656226,0.9873276523954652,1.0,0.48780987004649845,0.004435321661587185,0.07849755850383938,0.3072696384423048,0.27759797632138017,sklearn_digits_hidden_completion,81,1221,4,4,oracle_true_score,1,0.9873276523954652
0,shortcut,-0.6745186722685743,0.288872856492173,0.0,1.0,0.24889450022773943,0.18209413865712867,0.0,0.1953125,sklearn_digits_hidden_completion,81,1221,4,16,min_energy,0,-0.6745186722685743
1,near_valid,-0.12563999442656226,0.9873276523954652,1.0,0.48780987004649845,0.004435321661587185,0.07849755850383938,0.3072696384423048,0.27759797632138017,sklearn_digits_hidden_completion,81,1221,4,16,random_selector,1,1.0
2,class_neighbor,-0.1926843316342724,0.7633788487072048,0.0,0.5221321733576605,0.0828174029524783,0.023244519833404184,0.2738894931027696,0.21813336605384426,sklearn_digits_hidden_completion,81,1221,4,16,calibrated_clipped,2,-0.1746336946765189
1,near_valid,-0.12563999442656226,0.9873276523954652,1.0,0.48780987004649845,0.004435321661587185,0.07849755850383938,0.3072696384423048,0.27759797632138017,sklearn_digits_hidden_completion,81,1221,4,16,oracle_true_score,1,0.9873276523954652
0,shortcut,-0.6745186722685743,0.288872856492173,0.0,1.0,0.24889450022773943,0.18209413865712867,0.0,0.1953125,sklearn_digits_hidden_completion,81,1221,4,64,min_energy,0,-0.6745186722685743
53,shortcut,-0.3243378638943854,0.24132714558396018,0.0,0.6431450681298329,0.2655354990456139,0.24509392995623408,0.11370986374033434,0.23230863077279257,sklearn_digits_hidden_completion,81,1221,4,64,random_selector,53,53.0
2,class_neighbor,-0.1926843316342724,0.7633788487072048,0.0,0.5221321733576605,0.0828174029524783,0.023244519833404184,0.2738894931027696,0.21813336605384426,sklearn_digits_hidden_completion,81,1221,4,64,calibrated_clipped,2,-0.15368899477310258
17,near_valid,-0.11740819165080407,0.9891298949810391,1.0,0.4809201355290377,0.003804536756636306,0.07284704072728183,0.315834306229799,0.27501816712064187,sklearn_digits_hidden_completion,81,1221,4,64,oracle_true_score,17,0.9891298949810391
0,shortcut,-0.6745186722685743,0.288872856492173,0.0,1.0,0.24889450022773943,0.18209413865712867,0.0,0.1953125,sklearn_digits_hidden_completion,81,1221,4,128,min_energy,0,-0.6745186722685743
83,class_neighbor,-0.2135141178149319,0.718459359533631,0.0,0.5408379557405377,0.09853922416322912,0.02108343480323946,0.23989323076699606,0.27978192553987835,sklearn_digits_hidden_completion,81,1221,4,128,random_selector,83,83.0
2,class_neighbor,-0.1926843316342724,0.7633788487072048,0.0,0.5221321733576605,0.0828174029524783,0.023244519833404184,0.2738894931027696,0.21813336605384426,sklearn_digits_hidden_completion,81,1221,4,128,calibrated_clipped,2,-0.15841342070591347
109,near_valid,-0.12220512129976666,0.9939311758437681,1.0,0.48522054957834426,0.002124088454681148,0.07185171607650573,0.31263077667711614,0.27696510248138273,sklearn_digits_hidden_completion,81,1221,4,128,oracle_true_score,109,0.9939311758437681
0,near_valid,-0.22133757099713217,0.9729198504836664,1.0,0.5287474678476417,0.009478052330716781,0.029987748988464468,0.25795031168441984,0.13676404332237652,sklearn_digits_hidden_completion,82,1236,0,1,min_energy,0,-0.22133757099713217
0,near_valid,-0.22133757099713217,0.9729198504836664,1.0,0.5287474678476417,0.009478052330716781,0.029987748988464468,0.25795031168441984,0.13676404332237652,sklearn_digits_hidden_completion,82,1236,0,1,random_selector,0,0.0
0,near_valid,-0.22133757099713217,0.9729198504836664,1.0,0.5287474678476417,0.009478052330716781,0.029987748988464468,0.25795031168441984,0.13676404332237652,sklearn_digits_hidden_completion,82,1236,0,1,calibrated_clipped,0,-0.22133757099713217
0,near_valid,-0.22133757099713217,0.9729198504836664,1.0,0.5287474678476417,0.009478052330716781,0.029987748988464468,0.25795031168441984,0.13676404332237652,sklearn_digits_hidden_completion,82,1236,0,1,oracle_true_score,0,0.9729198504836664
0,near_valid,-0.22133757099713217,0.9729198504836664,1.0,0.5287474678476417,0.009478052330716781,0.029987748988464468,0.25795031168441984,0.13676404332237652,sklearn_digits_hidden_completion,82,1236,0,4,min_energy,0,-0.22133757099713217
3,near_valid,-0.20311317788791217,0.981079243113533,1.0,0.5139534069871116,0.006622264910263446,0.03711521717281391,0.28334589647861685,0.09544295427309728,sklearn_digits_hidden_completion,82,1236,0,4,random_selector,3,3.0
0,near_valid,-0.22133757099713217,0.9729198504836664,1.0,0.5287474678476417,0.009478052330716781,0.029987748988464468,0.25795031168441984,0.13676404332237652,sklearn_digits_hidden_completion,82,1236,0,4,calibrated_clipped,0,-0.22079084343428368
3,near_valid,-0.20311317788791217,0.981079243113533,1.0,0.5139534069871116,0.006622264910263446,0.03711521717281391,0.28334589647861685,0.09544295427309728,sklearn_digits_hidden_completion,82,1236,0,4,oracle_true_score,3,0.981079243113533
8,shortcut,-0.6630858755824556,0.5858653079068564,0.0,1.0,0.14494714223260025,0.19238312208772212,0.0,0.2421875,sklearn_digits_hidden_completion,82,1236,0,16,min_energy,8,-0.6630858755824556
1,random_digit,-0.2204263583923847,0.6965680803571428,0.0,0.5666294642857144,0.106201171875,0.11210741934760053,0.21465773809523808,0.3203125,sklearn_digits_hidden_completion,82,1236,0,16,random_selector,1,1.0
0,near_valid,-0.22133757099713217,0.9729198504836664,1.0,0.5287474678476417,0.009478052330716781,0.029987748988464468,0.25795031168441984,0.13676404332237652,sklearn_digits_hidden_completion,82,1236,0,16,calibrated_clipped,0,-0.21255396161598752
9,near_valid,-0.18432154544669468,0.988623866177039,1.0,0.5082485054419535,0.003981646838036327,0.04119868132239205,0.29106530656645074,0.14269589379372055,sklearn_digits_hidden_completion,82,1236,0,16,oracle_true_score,9,0.988623866177039
34,shortcut,-0.6723222886266549,0.6773024706446237,0.0,1.0,0.11294413527438171,0.1462010568667254,0.0,0.2421875,sklearn_digits_hidden_completion,82,1236,0,64,min_energy,34,-0.6723222886266549
29,near_valid,-0.1886400299588065,0.9922370950666054,1.0,0.510933731202788,0.0027170167266881125,0.04430340087697454,0.29337818155641715,0.12170794205930055,sklearn_digits_hidden_completion,82,1236,0,64,random_selector,29,29.0
28,class_neighbor,-0.23138113609258884,0.8554423724560113,1.0,0.5238121504914967,0.05059516964039604,0.013692133944016681,0.2676032593826001,0.05778878663400129,sklearn_digits_hidden_completion,82,1236,0,64,calibrated_clipped,28,-0.22674303474657884
29,near_valid,-0.1886400299588065,0.9922370950666054,1.0,0.510933731202788,0.0027170167266881125,0.04430340087697454,0.29337818155641715,0.12170794205930055,sklearn_digits_hidden_completion,82,1236,0,64,oracle_true_score,29,0.9922370950666054
34,shortcut,-0.6723222886266549,0.6773024706446237,0.0,1.0,0.11294413527438171,0.1462010568667254,0.0,0.2421875,sklearn_digits_hidden_completion,82,1236,0,128,min_energy,34,-0.6723222886266549
1,random_digit,-0.2204263583923847,0.6965680803571428,0.0,0.5666294642857144,0.106201171875,0.11210741934760053,0.21465773809523808,0.3203125,sklearn_digits_hidden_completion,82,1236,0,128,random_selector,1,1.0
28,class_neighbor,-0.23138113609258884,0.8554423724560113,1.0,0.5238121504914967,0.05059516964039604,0.013692133944016681,0.2676032593826001,0.05778878663400129,sklearn_digits_hidden_completion,82,1236,0,128,calibrated_clipped,28,-0.22662429721836946
99,near_valid,-0.20478018839082834,0.9932563497275148,1.0,0.5179478301875444,0.002360277595369836,0.045860802953057805,0.2805255724382193,0.10109729409098889,sklearn_digits_hidden_completion,82,1236,0,128,oracle_true_score,99,0.9932563497275148
0,near_valid,-0.17744150569821934,0.8872673765108605,1.0,0.5267504790550258,0.039456418221198795,0.05088597436172477,0.2601210744593078,0.32188783884042893,sklearn_digits_hidden_completion,83,1251,7,1,min_energy,0,-0.17744150569821934
0,near_valid,-0.17744150569821934,0.8872673765108605,1.0,0.5267504790550258,0.039456418221198795,0.05088597436172477,0.2601210744593078,0.32188783884042893,sklearn_digits_hidden_completion,83,1251,7,1,random_selector,0,0.0
0,near_valid,-0.17744150569821934,0.8872673765108605,1.0,0.5267504790550258,0.039456418221198795,0.05088597436172477,0.2601210744593078,0.32188783884042893,sklearn_digits_hidden_completion,83,1251,7,1,calibrated_clipped,0,-0.17744150569821934
0,near_valid,-0.17744150569821934,0.8872673765108605,1.0,0.5267504790550258,0.039456418221198795,0.05088597436172477,0.2601210744593078,0.32188783884042893,sklearn_digits_hidden_completion,83,1251,7,1,oracle_true_score,0,0.8872673765108605
2,shortcut,-0.4582108028004358,0.8049330720667153,1.0,0.7344285993630568,0.06827342477664966,0.047173680282274866,0.056504553327009197,0.26049203167773394,sklearn_digits_hidden_completion,83,1251,7,4,min_energy,2,-0.4582108028004358
0,near_valid,-0.17744150569821934,0.8872673765108605,1.0,0.5267504790550258,0.039456418221198795,0.05088597436172477,0.2601210744593078,0.32188783884042893,sklearn_digits_hidden_completion,83,1251,7,4,random_selector,0,0.0
3,near_valid,-0.2139903553208782,0.9308100676389368,1.0,0.5571968965588814,0.024216476326372107,0.033540880957899824,0.21899502045977987,0.3837593982691196,sklearn_digits_hidden_completion,83,1251,7,4,calibrated_clipped,3,-0.20028946744414325
3,near_valid,-0.2139903553208782,0.9308100676389368,1.0,0.5571968965588814,0.024216476326372107,0.033540880957899824,0.21899502045977987,0.3837593982691196,sklearn_digits_hidden_completion,83,1251,7,4,oracle_true_score,3,0.9308100676389368
9,shortcut,-0.6540469236165599,0.6233763243383519,0.0,1.0,0.13181828648157684,0.12039038191720022,0.0,0.359375,sklearn_digits_hidden_completion,83,1251,7,16,min_energy,9,-0.6540469236165599
12,near_valid,-0.24677532349653264,0.9831105116284538,1.0,0.5619244147168834,0.005911320930041185,0.013571408003523409,0.213274539125759,0.2732635471062887,sklearn_digits_hidden_completion,83,1251,7,16,random_selector,12,12.0
5,class_neighbor,-0.26452095439918566,0.8820485171592596,1.0,0.5627126611192187,0.041283018994259124,0.028131962673106095,0.2116883772390492,0.17729270712065037,sklearn_digits_hidden_completion,83,1251,7,16,calibrated_clipped,5,-0.26452095439918566
11,near_valid,-0.22940231973371142,0.989059376137635,1.0,0.5599993518306646,0.003829218351827774,0.025648049524949347,0.21265453323770717,0.34253795476779125,sklearn_digits_hidden_completion,83,1251,7,16,oracle_true_score,11,0.989059376137635
35,shortcut,-0.6544844230003893,0.6282612050710283,0.0,1.0,0.13010857822514005,0.11820288499805309,0.0,0.359375,sklearn_digits_hidden_completion,83,1251,7,64,min_energy,35,-0.6544844230003893
57,near_valid,-0.24697765808380176,0.9809240325310066,1.0,0.5701982130313646,0.006676588614147702,0.01614947085381823,0.1984345821181948,0.3415104367697548,sklearn_digits_hidden_completion,83,1251,7,64,random_selector,57,57.0
37,class_neighbor,-0.28053908992787735,0.886899430568118,1.0,0.5683838073074634,0.03958519930115867,0.014793499343058316,0.203259625519296,0.1549863582424787,sklearn_digits_hidden_completion,83,1251,7,64,calibrated_clipped,37,-0.2788838366900297
53,near_valid,-0.26338986756423666,0.994508368742195,1.0,0.5772444778127246,0.0019220709402317862,0.01878582276745568,0.1905394053722026,0.30494826643552086,sklearn_digits_hidden_completion,83,1251,7,64,oracle_true_score,53,0.994508368742195
35,shortcut,-0.6544844230003893,0.6282612050710283,0.0,1.0,0.13010857822514005,0.11820288499805309,0.0,0.359375,sklearn_digits_hidden_completion,83,1251,7,128,min_energy,35,-0.6544844230003893
87,near_valid,-0.2581755831368285,0.9962012696451178,1.0,0.5777202308975838,0.0013295556242087646,0.019322021855579418,0.18906333247510354,0.3363267640196827,sklearn_digits_hidden_completion,83,1251,7,128,random_selector,87,87.0
22,class_neighbor,-0.28949980042881485,0.7390129085253223,0.0,0.5698418497022278,0.09134548201613721,0.04817073788255289,0.20511212129999035,0.07717886278175382,sklearn_digits_hidden_completion,83,1251,7,128,calibrated_clipped,22,-0.26893932786770935
87,near_valid,-0.2581755831368285,0.9962012696451178,1.0,0.5777202308975838,0.0013295556242087646,0.019322021855579418,0.18906333247510354,0.3363267640196827,sklearn_digits_hidden_completion,83,1251,7,128,oracle_true_score,87,0.9962012696451178
0,class_neighbor,-0.16479903643991833,0.8798295205655849,1.0,0.5154833785944128,0.04205966780204528,0.04152245954862084,0.2760704921462342,0.30835117457869166,sklearn_digits_hidden_completion,84,1267,4,1,min_energy,0,-0.16479903643991833
0,class_neighbor,-0.16479903643991833,0.8798295205655849,1.0,0.5154833785944128,0.04205966780204528,0.04152245954862084,0.2760704921462342,0.30835117457869166,sklearn_digits_hidden_completion,84,1267,4,1,random_selector,0,0.0
0,class_neighbor,-0.16479903643991833,0.8798295205655849,1.0,0.5154833785944128,0.04205966780204528,0.04152245954862084,0.2760704921462342,0.30835117457869166,sklearn_digits_hidden_completion,84,1267,4,1,calibrated_clipped,0,-0.16479903643991833
0,class_neighbor,-0.16479903643991833,0.8798295205655849,1.0,0.5154833785944128,0.04205966780204528,0.04152245954862084,0.2760704921462342,0.30835117457869166,sklearn_digits_hidden_completion,84,1267,4,1,oracle_true_score,0,0.8798295205655849
1,shortcut,-0.3698168221837037,0.7293293723130201,0.0,0.6530713396486898,0.09473471969044298,0.060575780831861874,0.09385732070262041,0.28125,sklearn_digits_hidden_completion,84,1267,4,4,min_energy,1,-0.3698168221837037
0,class_neighbor,-0.16479903643991833,0.8798295205655849,1.0,0.5154833785944128,0.04205966780204528,0.04152245954862084,0.2760704921462342,0.30835117457869166,sklearn_digits_hidden_completion,84,1267,4,4,random_selector,0,0.0
2,near_valid,-0.2050021738233342,0.9872567288365114,1.0,0.5289799185112262,0.0044601449072210145,0.03355041041036742,0.26340355698470974,0.20075363318210776,sklearn_digits_hidden_completion,84,1267,4,4,calibrated_clipped,2,-0.19892873086076823
2,near_valid,-0.2050021738233342,0.9872567288365114,1.0,0.5289799185112262,0.0044601449072210145,0.03355041041036742,0.26340355698470974,0.20075363318210776,sklearn_digits_hidden_completion,84,1267,4,4,oracle_true_score,2,0.9872567288365114
7,shortcut,-0.6477589296287211,0.4465511205215922,0.0,1.0,0.19370710781744271,0.18606731849725047,0.0,0.3251380333591444,sklearn_digits_hidden_completion,84,1267,4,16,min_energy,7,-0.6477589296287211
4,class_neighbor,-0.2084036894408742,0.8601410615897898,1.0,0.5325727292712277,0.04895062844357359,0.030056758328625886,0.25871459266502767,0.21360739940528078,sklearn_digits_hidden_completion,84,1267,4,16,random_selector,4,4.0
4,class_neighbor,-0.2084036894408742,0.8601410615897898,1.0,0.5325727292712277,0.04895062844357359,0.030056758328625886,0.25871459266502767,0.21360739940528078,sklearn_digits_hidden_completion,84,1267,4,16,calibrated_clipped,4,-0.2003731008097449
15,near_valid,-0.19421844758258475,0.9922029798297481,1.0,0.5242711307754688,0.0027289570595881566,0.037043521000636674,0.2698120397922064,0.21589787206588,sklearn_digits_hidden_completion,84,1267,4,16,oracle_true_score,15,0.9922029798297481
41,shortcut,-0.6539339431139018,0.4989867745363119,0.0,1.0,0.1753546289122908,0.16566450528910506,0.0,0.31466577914138566,sklearn_digits_hidden_completion,84,1267,4,64,min_energy,41,-0.6539339431139018
47,class_neighbor,-0.20466741412351822,0.8781561911818164,1.0,0.53273087242301,0.04264533308636425,0.02155006650535922,0.2534549204094157,0.25585260333744386,sklearn_digits_hidden_completion,84,1267,4,64,random_selector,47,47.0
46,near_valid,-0.2143873951116381,0.9678996547658894,1.0,0.5248843648768717,0.011235120831938715,0.027523192686518358,0.2616490190046341,0.14932139778081616,sklearn_digits_hidden_completion,84,1267,4,64,calibrated_clipped,46,-0.20681837232103426
15,near_valid,-0.19421844758258475,0.9922029798297481,1.0,0.5242711307754688,0.0027289570595881566,0.037043521000636674,0.2698120397922064,0.21589787206588,sklearn_digits_hidden_completion,84,1267,4,64,oracle_true_score,15,0.9922029798297481
41,shortcut,-0.6539339431139018,0.4989867745363119,0.0,1.0,0.1753546289122908,0.16566450528910506,0.0,0.31466577914138566,sklearn_digits_hidden_completion,84,1267,4,128,min_energy,41,-0.6539339431139018
49,near_valid,-0.1752525535939726,0.9535481373930589,1.0,0.5042608492207163,0.01625815191242941,0.03686760468654672,0.28919025703045187,0.1825746050875339,sklearn_digits_hidden_completion,84,1267,4,128,random_selector,49,49.0
46,near_valid,-0.2143873951116381,0.9678996547658894,1.0,0.5248843648768717,0.011235120831938715,0.027523192686518358,0.2616490190046341,0.14932139778081616,sklearn_digits_hidden_completion,84,1267,4,128,calibrated_clipped,46,-0.20887067534483617
15,near_valid,-0.19421844758258475,0.9922029798297481,1.0,0.5242711307754688,0.0027289570595881566,0.037043521000636674,0.2698120397922064,0.21589787206588,sklearn_digits_hidden_completion,84,1267,4,128,oracle_true_score,15,0.9922029798297481
0,near_valid,-0.18109837654384037,0.9681706180464057,1.0,0.53307167386754,0.011140283683758016,0.04279528389066953,0.2461121857122208,0.3739230996847962,sklearn_digits_hidden_completion,85,1282,9,1,min_energy,0,-0.18109837654384037
0,near_valid,-0.18109837654384037,0.9681706180464057,1.0,0.53307167386754,0.011140283683758016,0.04279528389066953,0.2461121857122208,0.3739230996847962,sklearn_digits_hidden_completion,85,1282,9,1,random_selector,0,0.0
0,near_valid,-0.18109837654384037,0.9681706180464057,1.0,0.53307167386754,0.011140283683758016,0.04279528389066953,0.2461121857122208,0.3739230996847962,sklearn_digits_hidden_completion,85,1282,9,1,calibrated_clipped,0,-0.18109837654384037
0,near_valid,-0.18109837654384037,0.9681706180464057,1.0,0.53307167386754,0.011140283683758016,0.04279528389066953,0.2461121857122208,0.3739230996847962,sklearn_digits_hidden_completion,85,1282,9,1,oracle_true_score,0,0.9681706180464057
1,random_digit,-0.21447935450854963,0.7910853794642857,0.0,0.5436941964285714,0.0731201171875,0.05755579442153742,0.22823660714285715,0.28125,sklearn_digits_hidden_completion,85,1282,9,4,min_energy,1,-0.21447935450854963
1,random_digit,-0.21447935450854963,0.7910853794642857,0.0,0.5436941964285714,0.0731201171875,0.05755579442153742,0.22823660714285715,0.28125,sklearn_digits_hidden_completion,85,1282,9,4,random_selector,1,1.0
1,random_digit,-0.21447935450854963,0.7910853794642857,0.0,0.5436941964285714,0.0731201171875,0.05755579442153742,0.22823660714285715,0.28125,sklearn_digits_hidden_completion,85,1282,9,4,calibrated_clipped,1,-0.18663734489785325
0,near_valid,-0.18109837654384037,0.9681706180464057,1.0,0.53307167386754,0.011140283683758016,0.04279528389066953,0.2461121857122208,0.3739230996847962,sklearn_digits_hidden_completion,85,1282,9,4,oracle_true_score,0,0.9681706180464057
10,shortcut,-0.5154374977647405,0.5966300560206845,0.0,0.8454437103305616,0.14117948039276043,0.07188197908539747,0.04714901057821038,0.3916846667404274,sklearn_digits_hidden_completion,85,1282,9,16,min_energy,10,-0.5154374977647405
1,random_digit,-0.21447935450854963,0.7910853794642857,0.0,0.5436941964285714,0.0731201171875,0.05755579442153742,0.22823660714285715,0.28125,sklearn_digits_hidden_completion,85,1282,9,16,random_selector,1,1.0
14,class_neighbor,-0.27423730171123306,0.5586913461950376,0.0,0.5803796850008524,0.15445802883173682,0.07046283449448126,0.18345792360483337,0.23026518578925798,sklearn_digits_hidden_completion,85,1282,9,16,calibrated_clipped,14,-0.2415511841390035
8,near_valid,-0.1938192934156657,0.9864622649248381,1.0,0.5444293567459564,0.0047382072763066385,0.030751117534820297,0.23710013338373007,0.38973713637892976,sklearn_digits_hidden_completion,85,1282,9,16,oracle_true_score,8,0.9864622649248381
38,shortcut,-0.6444236177532299,0.5717517072100183,0.0,1.0,0.14988690247649358,0.08517504959235478,0.0,0.44270686164149603,sklearn_digits_hidden_completion,85,1282,9,64,min_energy,38,-0.6444236177532299
18,random_digit,-0.16075229597680363,0.3704659598214285,0.0,0.521484375,0.2203369140625,0.14887523886598186,0.25390625,0.3046875,sklearn_digits_hidden_completion,85,1282,9,64,random_selector,18,18.0
58,class_neighbor,-0.2558139468353229,0.7492731848822164,0.0,0.5539884348717765,0.08775438529122426,0.03635393578316339,0.22355408642582497,0.1472592231383652,sklearn_digits_hidden_completion,85,1282,9,64,calibrated_clipped,58,-0.2450452677249949
56,near_valid,-0.2086330238430512,0.9938969458598287,1.0,0.5501674816319605,0.0021360689490599553,0.026241923928973874,0.22656208369329534,0.37067528281905954,sklearn_digits_hidden_completion,85,1282,9,64,oracle_true_score,56,0.9938969458598287
38,shortcut,-0.6444236177532299,0.5717517072100183,0.0,1.0,0.14988690247649358,0.08517504959235478,0.0,0.44270686164149603,sklearn_digits_hidden_completion,85,1282,9,128,min_energy,38,-0.6444236177532299
102,random_digit,-0.13868818387362902,0.5319475446428571,0.0,0.4889508928571429,0.163818359375,0.09185483956042631,0.3158482142857143,0.1796875,sklearn_digits_hidden_completion,85,1282,9,128,random_selector,102,102.0
16,class_neighbor,-0.329437521640567,0.5683845627574655,0.0,0.6080905340671889,0.15106540303488708,0.07127925965575962,0.1549381287105002,0.13579278093948832,sklearn_digits_hidden_completion,85,1282,9,128,calibrated_clipped,16,-0.2646637074549073
125,near_valid,-0.20964649911171662,0.9948774104583962,1.0,0.5513834031946134,0.0017929063395613234,0.02743072002001308,0.22741692738467095,0.36662799609335894,sklearn_digits_hidden_completion,85,1282,9,128,oracle_true_score,125,0.9948774104583962
0,near_valid,-0.21680739900108906,0.9705814154484794,1.0,0.5281993592685645,0.01029650459303219,0.020664435396632822,0.2746984966162753,0.12062530116028161,sklearn_digits_hidden_completion,86,1297,0,1,min_energy,0,-0.21680739900108906
0,near_valid,-0.21680739900108906,0.9705814154484794,1.0,0.5281993592685645,0.01029650459303219,0.020664435396632822,0.2746984966162753,0.12062530116028161,sklearn_digits_hidden_completion,86,1297,0,1,random_selector,0,0.0
0,near_valid,-0.21680739900108906,0.9705814154484794,1.0,0.5281993592685645,0.01029650459303219,0.020664435396632822,0.2746984966162753,0.12062530116028161,sklearn_digits_hidden_completion,86,1297,0,1,calibrated_clipped,0,-0.21680739900108906
0,near_valid,-0.21680739900108906,0.9705814154484794,1.0,0.5281993592685645,0.01029650459303219,0.020664435396632822,0.2746984966162753,0.12062530116028161,sklearn_digits_hidden_completion,86,1297,0,1,oracle_true_score,0,0.9705814154484794
2,near_valid,-0.22243267347377982,0.9480771956452195,1.0,0.5264111500715919,0.018172981524173168,0.027099953304273786,0.27129634947609554,0.08871353103603388,sklearn_digits_hidden_completion,86,1297,0,4,min_energy,2,-0.22243267347377982
3,near_valid,-0.20040541554113098,0.9802458402587744,1.0,0.5121517878825481,0.006913955909428964,0.019410413283434708,0.29463244530938076,0.08889248896966859,sklearn_digits_hidden_completion,86,1297,0,4,random_selector,3,3.0
2,near_valid,-0.22243267347377982,0.9480771956452195,1.0,0.5264111500715919,0.018172981524173168,0.027099953304273786,0.27129634947609554,0.08871353103603388,sklearn_digits_hidden_completion,86,1297,0,4,calibrated_clipped,2,-0.21905750879016536
3,near_valid,-0.20040541554113098,0.9802458402587744,1.0,0.5121517878825481,0.006913955909428964,0.019410413283434708,0.29463244530938076,0.08889248896966859,sklearn_digits_hidden_completion,86,1297,0,4,oracle_true_score,3,0.9802458402587744
10,class_neighbor,-0.24003212968204923,0.940745791736936,1.0,0.5381400379645507,0.02073897289207243,0.015066313013863759,0.26250538948408303,0.08090835986172656,sklearn_digits_hidden_completion,86,1297,0,16,min_energy,10,-0.24003212968204923
6,near_valid,-0.21407703142737022,0.9874707238290631,1.0,0.5229486851471272,0.004385246659827924,0.02414344548595714,0.28195112337794587,0.0911633773895677,sklearn_digits_hidden_completion,86,1297,0,16,random_selector,6,6.0
9,near_valid,-0.21721063152751574,0.9842927016471128,1.0,0.5211440094624429,0.005497554423510509,0.022696206379355394,0.28158620467314593,0.0711786086160754,sklearn_digits_hidden_completion,86,1297,0,16,calibrated_clipped,9,-0.21721063152751574
13,near_valid,-0.2195350419158513,0.9936165619621962,1.0,0.5258271034417876,0.002234203313231325,0.0201512000383152,0.28040094564469803,0.08292262776621241,sklearn_digits_hidden_completion,86,1297,0,16,oracle_true_score,13,0.9936165619621962
36,shortcut,-0.6611350316303604,0.5721340781381232,0.0,1.0,0.14975307265165685,0.1396373418481984,0.0,0.3046875,sklearn_digits_hidden_completion,86,1297,0,64,min_energy,36,-0.6611350316303604
18,near_valid,-0.20245618084482397,0.9724472725049856,1.0,0.5192924298921371,0.009643454623255037,0.03048230485123557,0.2898763656330473,0.10742339752927851,sklearn_digits_hidden_completion,86,1297,0,64,random_selector,18,18.0
29,near_valid,-0.22075938873229234,0.9713018072942898,1.0,0.5213353724887566,0.010044367446998576,0.030580931010972465,0.2845036599619823,0.03824470726495185,sklearn_digits_hidden_completion,86,1297,0,64,calibrated_clipped,29,-0.22002965315893844
13,near_valid,-0.2195350419158513,0.9936165619621962,1.0,0.5258271034417876,0.002234203313231325,0.0201512000383152,0.28040094564469803,0.08292262776621241,sklearn_digits_hidden_completion,86,1297,0,64,oracle_true_score,13,0.9936165619621962
36,shortcut,-0.6611350316303604,0.5721340781381232,0.0,1.0,0.14975307265165685,0.1396373418481984,0.0,0.3046875,sklearn_digits_hidden_completion,86,1297,0,128,min_energy,36,-0.6611350316303604
78,near_valid,-0.1992545975391902,0.9820745917864935,1.0,0.5202374983523947,0.0062738928747272694,0.02204596640200971,0.2872834453642274,0.14254218997189433,sklearn_digits_hidden_completion,86,1297,0,128,random_selector,78,78.0
26,near_valid,-0.23582413837713811,0.9776307819881933,1.0,0.5303238767966,0.00782922630413233,0.01640475031692294,0.2685912744558974,0.054563091030918554,sklearn_digits_hidden_completion,86,1297,0,128,calibrated_clipped,26,-0.22174281060675188
97,near_valid,-0.2191740542700366,0.9944100816133408,1.0,0.5209683831938886,0.0019564714353307146,0.01783359409474932,0.28542135336354957,0.055018849782388704,sklearn_digits_hidden_completion,86,1297,0,128,oracle_true_score,97,0.9944100816133408
0,near_valid,-0.18662720763561658,0.9818495601712268,1.0,0.525873731661923,0.006352653940070629,0.03274646704241156,0.2581269268270763,0.296294939737257,sklearn_digits_hidden_completion,87,1312,5,1,min_energy,0,-0.18662720763561658
0,near_valid,-0.18662720763561658,0.9818495601712268,1.0,0.525873731661923,0.006352653940070629,0.03274646704241156,0.2581269268270763,0.296294939737257,sklearn_digits_hidden_completion,87,1312,5,1,random_selector,0,0.0
0,near_valid,-0.18662720763561658,0.9818495601712268,1.0,0.525873731661923,0.006352653940070629,0.03274646704241156,0.2581269268270763,0.296294939737257,sklearn_digits_hidden_completion,87,1312,5,1,calibrated_clipped,0,-0.18662720763561658
0,near_valid,-0.18662720763561658,0.9818495601712268,1.0,0.525873731661923,0.006352653940070629,0.03274646704241156,0.2581269268270763,0.296294939737257,sklearn_digits_hidden_completion,87,1312,5,1,oracle_true_score,0,0.9818495601712268
2,shortcut,-0.4593517049523024,0.7944073425971909,0.0,0.7263023951454785,0.07195743009098317,0.021350932850847715,0.05823353294777055,0.24538230857681534,sklearn_digits_hidden_completion,87,1312,5,4,min_energy,2,-0.4593517049523024
2,shortcut,-0.4593517049523024,0.7944073425971909,0.0,0.7263023951454785,0.07195743009098317,0.021350932850847715,0.05823353294777055,0.24538230857681534,sklearn_digits_hidden_completion,87,1312,5,4,random_selector,2,2.0
1,shortcut,-0.35975528532161094,0.4948546421670633,0.0,0.6546108864824235,0.17680087524152782,0.098293077969304,0.1053645568334255,0.2679687884398094,sklearn_digits_hidden_completion,87,1312,5,4,calibrated_clipped,1,-0.30460520400073304
0,near_valid,-0.18662720763561658,0.9818495601712268,1.0,0.525873731661923,0.006352653940070629,0.03274646704241156,0.2581269268270763,0.296294939737257,sklearn_digits_hidden_completion,87,1312,5,4,oracle_true_score,0,0.9818495601712268
2,shortcut,-0.4593517049523024,0.7944073425971909,0.0,0.7263023951454785,0.07195743009098317,0.021350932850847715,0.05823353294777055,0.24538230857681534,sklearn_digits_hidden_completion,87,1312,5,16,min_energy,2,-0.4593517049523024
14,near_valid,-0.21220506692291527,0.9546945732209327,1.0,0.5402761258115305,0.015856899372673563,0.02931827970818587,0.2390871432754202,0.2782022134630715,sklearn_digits_hidden_completion,87,1312,5,16,random_selector,14,14.0
14,near_valid,-0.21220506692291527,0.9546945732209327,1.0,0.5402761258115305,0.015856899372673563,0.02931827970818587,0.2390871432754202,0.2782022134630715,sklearn_digits_hidden_completion,87,1312,5,16,calibrated_clipped,14,-0.20026231449654855
7,near_valid,-0.1768871291339995,0.9907443132046255,1.0,0.5232921539407376,0.0032394903783810624,0.03778797749297766,0.25887575038818805,0.32821364054727353,sklearn_digits_hidden_completion,87,1312,5,16,oracle_true_score,7,0.9907443132046255
55,shortcut,-0.6693070112698809,0.49048183843369086,0.0,1.0,0.1783313565482082,0.10658994365059529,0.0,0.296875,sklearn_digits_hidden_completion,87,1312,5,64,min_energy,55,-0.6693070112698809
23,near_valid,-0.1649308232156164,0.9866055483587931,1.0,0.5192426225380125,0.004688058074422415,0.04284039212286586,0.2671305669277381,0.3450562672653189,sklearn_digits_hidden_completion,87,1312,5,64,random_selector,23,23.0
36,class_neighbor,-0.21612942146808156,0.6745389935694384,0.0,0.5348449400364402,0.11391135225069654,0.06583959618147009,0.2555765449951526,0.15634632287810318,sklearn_digits_hidden_completion,87,1312,5,64,calibrated_clipped,36,-0.2069352257498342
51,near_valid,-0.18555800999911448,0.9938269894926129,1.0,0.529912728768236,0.002160553677585465,0.036832709121979765,0.24915253771802892,0.33738049503875356,sklearn_digits_hidden_completion,87,1312,5,64,oracle_true_score,51,0.9938269894926129
87,shortcut,-0.670231626041369,0.5043582136522498,0.0,1.0,0.1734746252217126,0.10196686979315486,0.0,0.296875,sklearn_digits_hidden_completion,87,1312,5,128,min_energy,87,-0.670231626041369
113,near_valid,-0.17784130910840887,0.9757240891381251,1.0,0.5177474082199208,0.008496568801656217,0.036786084928897976,0.26721114201914387,0.2807295098011149,sklearn_digits_hidden_completion,87,1312,5,128,random_selector,113,113.0
78,class_neighbor,-0.23680916020724818,0.4455070589996687,0.0,0.5469875335469879,0.19407252935011593,0.09125912949298133,0.23366269295292952,0.1333259146514261,sklearn_digits_hidden_completion,87,1312,5,128,calibrated_clipped,78,-0.21197936603344103
105,class_neighbor,-0.1852992262118796,0.9972900363212989,1.0,0.525568817876256,0.0009484872875453854,0.037267559795217765,0.2564118110085296,0.30198689590788763,sklearn_digits_hidden_completion,87,1312,5,128,oracle_true_score,105,0.9972900363212989
0,near_valid,-0.28085673317431625,0.9634216389097777,1.0,0.5650661963660142,0.012802426381577794,0.033023150096478715,0.2118209358472971,0.099183846824426,sklearn_digits_hidden_completion,88,1327,8,1,min_energy,0,-0.28085673317431625
0,near_valid,-0.28085673317431625,0.9634216389097777,1.0,0.5650661963660142,0.012802426381577794,0.033023150096478715,0.2118209358472971,0.099183846824426,sklearn_digits_hidden_completion,88,1327,8,1,random_selector,0,0.0
0,near_valid,-0.28085673317431625,0.9634216389097777,1.0,0.5650661963660142,0.012802426381577794,0.033023150096478715,0.2118209358472971,0.099183846824426,sklearn_digits_hidden_completion,88,1327,8,1,calibrated_clipped,0,-0.28085673317431625
0,near_valid,-0.28085673317431625,0.9634216389097777,1.0,0.5650661963660142,0.012802426381577794,0.033023150096478715,0.2118209358472971,0.099183846824426,sklearn_digits_hidden_completion,88,1327,8,1,oracle_true_score,0,0.9634216389097777
1,shortcut,-0.40945657953545866,0.36941359185234623,0.0,0.7226295775993572,0.2207052428516788,0.13673787215711308,0.08461474462036432,0.29314959845718125,sklearn_digits_hidden_completion,88,1327,8,4,min_energy,1,-0.40945657953545866
1,shortcut,-0.40945657953545866,0.36941359185234623,0.0,0.7226295775993572,0.2207052428516788,0.13673787215711308,0.08461474462036432,0.29314959845718125,sklearn_digits_hidden_completion,88,1327,8,4,random_selector,1,1.0
3,near_valid,-0.28511820490473017,0.9854647052878526,1.0,0.5735101004979556,0.00508735314925161,0.03218551520526209,0.20360951710024336,0.13296016511275147,sklearn_digits_hidden_completion,88,1327,8,4,calibrated_clipped,3,-0.2813184480453566
3,near_valid,-0.28511820490473017,0.9854647052878526,1.0,0.5735101004979556,0.00508735314925161,0.03218551520526209,0.20360951710024336,0.13296016511275147,sklearn_digits_hidden_completion,88,1327,8,4,oracle_true_score,3,0.9854647052878526
11,shortcut,-0.4225652122170139,0.8412323258493724,1.0,0.6664146754712812,0.055568685952719674,0.01815600909771966,0.07097560096355719,0.17289006018473307,sklearn_digits_hidden_completion,88,1327,8,16,min_energy,11,-0.4225652122170139
12,random_digit,-0.31326968220035645,0.8416573660714286,1.0,0.6037388392857144,0.055419921875,0.06797543572440835,0.16648065476190477,0.171875,sklearn_digits_hidden_completion,88,1327,8,16,random_selector,12,12.0
10,near_valid,-0.3057089559193452,0.9875395391739719,1.0,0.5799482379092495,0.004361161289109862,0.016576795080317695,0.18916260163729492,0.10948716298008093,sklearn_digits_hidden_completion,88,1327,8,16,calibrated_clipped,10,-0.2841987802647581
10,near_valid,-0.3057089559193452,0.9875395391739719,1.0,0.5799482379092495,0.004361161289109862,0.016576795080317695,0.18916260163729492,0.10948716298008093,sklearn_digits_hidden_completion,88,1327,8,16,oracle_true_score,10,0.9875395391739719
48,shortcut,-0.6505467356611528,0.4694177087807446,0.0,1.0,0.18570380192673935,0.13007882169423596,0.0,0.3671875,sklearn_digits_hidden_completion,88,1327,8,64,min_energy,48,-0.6505467356611528
43,class_neighbor,-0.16414828323588285,0.768721241592506,0.0,0.48723813916559044,0.0809475654426229,0.03898136568312312,0.316623256746697,0.09670628395500994,sklearn_digits_hidden_completion,88,1327,8,64,random_selector,43,43.0
60,near_valid,-0.2934703504064501,0.9825801445811636,1.0,0.5712914332448078,0.006096949396592751,0.02228892639063152,0.20441474964441747,0.09056163472299925,sklearn_digits_hidden_completion,88,1327,8,64,calibrated_clipped,60,-0.2863131165446029
52,class_neighbor,-0.3025009219964123,0.9977791319027219,1.0,0.5825492735609108,0.0007773038340473022,0.023670099651582455,0.1911289399613669,0.12278048132601226,sklearn_digits_hidden_completion,88,1327,8,64,oracle_true_score,52,0.9977791319027219
48,shortcut,-0.6505467356611528,0.4694177087807446,0.0,1.0,0.18570380192673935,0.13007882169423596,0.0,0.3671875,sklearn_digits_hidden_completion,88,1327,8,128,min_energy,48,-0.6505467356611528
119,near_valid,-0.2854116898347235,0.9514582611525283,1.0,0.5698808653732346,0.01698960859661508,0.03354905044641053,0.20235465764365917,0.11997043700953883,sklearn_digits_hidden_completion,88,1327,8,128,random_selector,119,119.0
60,near_valid,-0.2934703504064501,0.9825801445811636,1.0,0.5712914332448078,0.006096949396592751,0.02228892639063152,0.20441474964441747,0.09056163472299925,sklearn_digits_hidden_completion,88,1327,8,128,calibrated_clipped,60,-0.28376592422889196
52,class_neighbor,-0.3025009219964123,0.9977791319027219,1.0,0.5825492735609108,0.0007773038340473022,0.023670099651582455,0.1911289399613669,0.12278048132601226,sklearn_digits_hidden_completion,88,1327,8,128,oracle_true_score,52,0.9977791319027219
0,near_valid,-0.19045519716409315,0.9835541780441388,1.0,0.5067170962749623,0.005756037684551428,0.017033814290643857,0.30450753947582265,0.09348357736148671,sklearn_digits_hidden_completion,89,1342,0,1,min_energy,0,-0.19045519716409315
0,near_valid,-0.19045519716409315,0.9835541780441388,1.0,0.5067170962749623,0.005756037684551428,0.017033814290643857,0.30450753947582265,0.09348357736148671,sklearn_digits_hidden_completion,89,1342,0,1,random_selector,0,0.0
0,near_valid,-0.19045519716409315,0.9835541780441388,1.0,0.5067170962749623,0.005756037684551428,0.017033814290643857,0.30450753947582265,0.09348357736148671,sklearn_digits_hidden_completion,89,1342,0,1,calibrated_clipped,0,-0.19045519716409315
0,near_valid,-0.19045519716409315,0.9835541780441388,1.0,0.5067170962749623,0.005756037684551428,0.017033814290643857,0.30450753947582265,0.09348357736148671,sklearn_digits_hidden_completion,89,1342,0,1,oracle_true_score,0,0.9835541780441388
3,shortcut,-0.3947999211002769,0.7116919316046391,0.0,0.6767215083722184,0.1009078239383763,0.0620537419632856,0.068782657793145,0.3125,sklearn_digits_hidden_completion,89,1342,0,4,min_energy,3,-0.3947999211002769
1,near_valid,-0.2032079043428963,0.9818623989634068,1.0,0.5207738987895673,0.006348160362807622,0.020868672281675348,0.28511397604935795,0.13193049232898585,sklearn_digits_hidden_completion,89,1342,0,4,random_selector,1,1.0
1,near_valid,-0.2032079043428963,0.9818623989634068,1.0,0.5207738987895673,0.006348160362807622,0.020868672281675348,0.28511397604935795,0.13193049232898585,sklearn_digits_hidden_completion,89,1342,0,4,calibrated_clipped,1,-0.20099134631616244
0,near_valid,-0.19045519716409315,0.9835541780441388,1.0,0.5067170962749623,0.005756037684551428,0.017033814290643857,0.30450753947582265,0.09348357736148671,sklearn_digits_hidden_completion,89,1342,0,4,oracle_true_score,0,0.9835541780441388
12,shortcut,-0.6520116218346046,0.37124219779379286,0.0,1.0,0.22006523077217247,0.1520636805340536,0.0,0.33787821029292314,sklearn_digits_hidden_completion,89,1342,0,16,min_energy,12,-0.6520116218346046
5,near_valid,-0.18903042125915712,0.9865265257197955,1.0,0.5071933510644399,0.004715715998071596,0.022879914481422785,0.307047001422153,0.08956379180352039,sklearn_digits_hidden_completion,89,1342,0,16,random_selector,5,5.0
13,shortcut,-0.38259651842175535,0.7025978824439347,0.0,0.6637589959531239,0.10409074114462283,0.06428812045761931,0.07248200809375216,0.3125,sklearn_digits_hidden_completion,89,1342,0,16,calibrated_clipped,13,-0.24950145036938517
9,near_valid,-0.19355937858007913,0.992158447923859,1.0,0.5048244883611653,0.0027445432266493537,0.019426193935187155,0.3079673189995294,0.05895861727008129,sklearn_digits_hidden_completion,89,1342,0,16,oracle_true_score,9,0.992158447923859
31,shortcut,-0.6541481910396827,0.3954493631754904,0.0,1.0,0.21159272288857836,0.14531155135401816,0.0,0.33394749344756813,sklearn_digits_hidden_completion,89,1342,0,64,min_energy,31,-0.6541481910396827
30,near_valid,-0.2028170712869244,0.9733870991155097,1.0,0.5141485081693778,0.009314515309571624,0.027799680511070415,0.29927353918762206,0.06316963592351402,sklearn_digits_hidden_completion,89,1342,0,64,random_selector,30,30.0
39,class_neighbor,-0.24197841497935688,0.8881618898377166,1.0,0.5358780402453701,0.039143338556799204,0.014345244024904915,0.25844864033394815,0.07457157108009119,sklearn_digits_hidden_completion,89,1342,0,64,calibrated_clipped,39,-0.2225689437411157
9,near_valid,-0.19355937858007913,0.992158447923859,1.0,0.5048244883611653,0.0027445432266493537,0.019426193935187155,0.3079673189995294,0.05895861727008129,sklearn_digits_hidden_completion,89,1342,0,64,oracle_true_score,9,0.992158447923859
31,shortcut,-0.6541481910396827,0.3954493631754904,0.0,1.0,0.21159272288857836,0.14531155135401816,0.0,0.33394749344756813,sklearn_digits_hidden_completion,89,1342,0,128,min_energy,31,-0.6541481910396827
92,near_valid,-0.1799444659672131,0.9850855985923834,1.0,0.5030946833219142,0.005220040492665798,0.024978614982423403,0.31004406315204897,0.10928294397055474,sklearn_digits_hidden_completion,89,1342,0,128,random_selector,92,92.0
6,class_neighbor,-0.2136339339595255,0.9356259958742057,1.0,0.5159029597263776,0.022530901444027997,0.010124564301217352,0.29282975063128314,0.05106005063904223,sklearn_digits_hidden_completion,89,1342,0,128,calibrated_clipped,6,-0.2094414728460752
79,class_neighbor,-0.19305011475962855,0.9967011759363824,1.0,0.508074099893894,0.0011545884222661689,0.019483170722219608,0.30497417679370875,0.08186514389904086,sklearn_digits_hidden_completion,89,1342,0,128,oracle_true_score,79,0.9967011759363824
0,near_valid,-0.29336368864051876,0.9848499484860036,1.0,0.5778451160276732,0.005302518029898749,0.03206581459017756,0.20296032272938633,0.10989403980519082,sklearn_digits_hidden_completion,90,1357,1,1,min_energy,0,-0.29336368864051876
0,near_valid,-0.29336368864051876,0.9848499484860036,1.0,0.5778451160276732,0.005302518029898749,0.03206581459017756,0.20296032272938633,0.10989403980519082,sklearn_digits_hidden_completion,90,1357,1,1,random_selector,0,0.0
0,near_valid,-0.29336368864051876,0.9848499484860036,1.0,0.5778451160276732,0.005302518029898749,0.03206581459017756,0.20296032272938633,0.10989403980519082,sklearn_digits_hidden_completion,90,1357,1,1,calibrated_clipped,0,-0.29336368864051876
0,near_valid,-0.29336368864051876,0.9848499484860036,1.0,0.5778451160276732,0.005302518029898749,0.03206581459017756,0.20296032272938633,0.10989403980519082,sklearn_digits_hidden_completion,90,1357,1,1,oracle_true_score,0,0.9848499484860036
3,class_neighbor,-0.33504385788923974,0.939581192260622,1.0,0.5999249929220307,0.02114658270878232,0.03446284578061196,0.17436757812616843,0.060525748383841296,sklearn_digits_hidden_completion,90,1357,1,4,min_energy,3,-0.33504385788923974
3,class_neighbor,-0.33504385788923974,0.939581192260622,1.0,0.5999249929220307,0.02114658270878232,0.03446284578061196,0.17436757812616843,0.060525748383841296,sklearn_digits_hidden_completion,90,1357,1,4,random_selector,3,3.0
2,near_valid,-0.30506760987919423,0.9892691989842776,1.0,0.5833959200758746,0.0037557803555028652,0.02902786820269792,0.19300143306422798,0.10261484175923374,sklearn_digits_hidden_completion,90,1357,1,4,calibrated_clipped,2,-0.30256974805750353
2,near_valid,-0.30506760987919423,0.9892691989842776,1.0,0.5833959200758746,0.0037557803555028652,0.02902786820269792,0.19300143306422798,0.10261484175923374,sklearn_digits_hidden_completion,90,1357,1,4,oracle_true_score,2,0.9892691989842776
3,class_neighbor,-0.33504385788923974,0.939581192260622,1.0,0.5999249929220307,0.02114658270878232,0.03446284578061196,0.17436757812616843,0.060525748383841296,sklearn_digits_hidden_completion,90,1357,1,16,min_energy,3,-0.33504385788923974
5,near_valid,-0.2903219917387262,0.9807685341434503,1.0,0.572293284272685,0.006731013049792374,0.03587762278688275,0.20977657824747586,0.0817266443614961,sklearn_digits_hidden_completion,90,1357,1,16,random_selector,5,5.0
13,near_valid,-0.3052332656090412,0.9889282834792582,1.0,0.5820689243504338,0.0038751007822596124,0.03101681342032551,0.19645515252778356,0.08532365539719051,sklearn_digits_hidden_completion,90,1357,1,16,calibrated_clipped,13,-0.3002278710297541
2,near_valid,-0.30506760987919423,0.9892691989842776,1.0,0.5833959200758746,0.0037557803555028652,0.02902786820269792,0.19300143306422798,0.10261484175923374,sklearn_digits_hidden_completion,90,1357,1,16,oracle_true_score,2,0.9892691989842776
26,shortcut,-0.6700308349828337,0.4917713722954128,0.0,1.0,0.1778800196966055,0.13344074795967714,0.0,0.26640507712615447,sklearn_digits_hidden_completion,90,1357,1,64,min_energy,26,-0.6700308349828337
38,near_valid,-0.2556194804511241,0.9591565471778845,1.0,0.5616787513955187,0.014295208487740433,0.04452927387945392,0.22648268442124464,0.1608412594396978,sklearn_digits_hidden_completion,90,1357,1,64,random_selector,38,38.0
58,near_valid,-0.31888326474970885,0.9859283404242485,1.0,0.5855088306582549,0.004925080851513016,0.032805482627124745,0.1885850046227768,0.04982754588015029,sklearn_digits_hidden_completion,90,1357,1,64,calibrated_clipped,58,-0.316484946947606
31,near_valid,-0.31454726532626115,0.9924661531257896,1.0,0.5868694133077428,0.002636846405973635,0.03402102520433723,0.18997465918000842,0.07157263532336924,sklearn_digits_hidden_completion,90,1357,1,64,oracle_true_score,31,0.9924661531257896
26,shortcut,-0.6700308349828337,0.4917713722954128,0.0,1.0,0.1778800196966055,0.13344074795967714,0.0,0.26640507712615447,sklearn_digits_hidden_completion,90,1357,1,128,min_energy,26,-0.6700308349828337
8,near_valid,-0.2890230474615627,0.9784362806312583,1.0,0.5771630676709613,0.00754730177905958,0.035402599494791034,0.20160023591983886,0.12944301818394321,sklearn_digits_hidden_completion,90,1357,1,128,random_selector,8,8.0
58,near_valid,-0.31888326474970885,0.9859283404242485,1.0,0.5855088306582549,0.004925080851513016,0.032805482627124745,0.1885850046227768,0.04982754588015029,sklearn_digits_hidden_completion,90,1357,1,128,calibrated_clipped,58,-0.31511504987061145
83,near_valid,-0.3278948509976943,0.9950871562557735,1.0,0.5963852654748173,0.0017194953104792954,0.03498492366051219,0.17932241254316983,0.06884893238786419,sklearn_digits_hidden_completion,90,1357,1,128,oracle_true_score,83,0.9950871562557735
0,near_valid,-0.27835050873711986,0.9611357594661355,1.0,0.562939479932316,0.013602484186852573,0.038286159910989305,0.2196622386848074,0.07691318976637584,sklearn_digits_hidden_completion,91,1372,1,1,min_energy,0,-0.27835050873711986
0,near_valid,-0.27835050873711986,0.9611357594661355,1.0,0.562939479932316,0.013602484186852573,0.038286159910989305,0.2196622386848074,0.07691318976637584,sklearn_digits_hidden_completion,91,1372,1,1,random_selector,0,0.0
0,near_valid,-0.27835050873711986,0.9611357594661355,1.0,0.562939479932316,0.013602484186852573,0.038286159910989305,0.2196622386848074,0.07691318976637584,sklearn_digits_hidden_completion,91,1372,1,1,calibrated_clipped,0,-0.27835050873711986
0,near_valid,-0.27835050873711986,0.9611357594661355,1.0,0.562939479932316,0.013602484186852573,0.038286159910989305,0.2196622386848074,0.07691318976637584,sklearn_digits_hidden_completion,91,1372,1,1,oracle_true_score,0,0.9611357594661355
1,class_neighbor,-0.33527818642054447,0.9372353916189783,1.0,0.5984833518687173,0.021967612933357604,0.03383891790505536,0.1765444490556304,0.04858548459692858,sklearn_digits_hidden_completion,91,1372,1,4,min_energy,1,-0.33527818642054447
3,near_valid,-0.29813441977742466,0.9829978126591429,1.0,0.5728899600851528,0.005950765569299992,0.025705576595820172,0.20897517055549836,0.05727795580875914,sklearn_digits_hidden_completion,91,1372,1,4,random_selector,3,3.0
3,near_valid,-0.29813441977742466,0.9829978126591429,1.0,0.5728899600851528,0.005950765569299992,0.025705576595820172,0.20897517055549836,0.05727795580875914,sklearn_digits_hidden_completion,91,1372,1,4,calibrated_clipped,3,-0.29813441977742466
3,near_valid,-0.29813441977742466,0.9829978126591429,1.0,0.5728899600851528,0.005950765569299992,0.025705576595820172,0.20897517055549836,0.05727795580875914,sklearn_digits_hidden_completion,91,1372,1,4,oracle_true_score,3,0.9829978126591429
13,shortcut,-0.6642543290195139,0.2871672223226973,0.0,1.0,0.24949147218705592,0.17652851124698712,0.0,0.2521998436554435,sklearn_digits_hidden_completion,91,1372,1,16,min_energy,13,-0.6642543290195139
5,random_digit,-0.11650844255046688,0.3362862723214285,0.0,0.5147879464285714,0.2322998046875,0.14148587504528437,0.28813244047619047,0.4140625,sklearn_digits_hidden_completion,91,1372,1,16,random_selector,5,5.0
14,near_valid,-0.32208068357710185,0.9865307129156395,1.0,0.5852348559230706,0.004714250479526173,0.023753462862232306,0.19310355457711473,0.02943905387670772,sklearn_digits_hidden_completion,91,1372,1,16,calibrated_clipped,14,-0.3149470750070542
15,near_valid,-0.3320413760755781,0.9893902919340737,1.0,0.594573162971086,0.0037133978230742145,0.021390342850097492,0.17846624887886064,0.05726995349671769,sklearn_digits_hidden_completion,91,1372,1,16,oracle_true_score,15,0.9893902919340737
23,shortcut,-0.6687752595547999,0.42214905675462544,0.0,1.0,0.2022478301358811,0.12917011109453266,0.0,0.276953591131468,sklearn_digits_hidden_completion,91,1372,1,64,min_energy,23,-0.6687752595547999
47,class_neighbor,-0.2734435834051743,0.5640055254856149,0.0,0.5949967837748023,0.1525980660800348,0.08469020171821343,0.18070872643602648,0.2823808227123508,sklearn_digits_hidden_completion,91,1372,1,64,random_selector,47,47.0
40,near_valid,-0.3319958749918178,0.9890237482574511,1.0,0.5900827594991818,0.0038416881098921286,0.02733907903856296,0.18314354309102068,0.021847150623972696,sklearn_digits_hidden_completion,91,1372,1,64,calibrated_clipped,40,-0.32711757867297525
59,near_valid,-0.3313414291089355,0.9930000181004611,1.0,0.5989215008261726,0.002449993664838617,0.024827825402470666,0.1774212270298396,0.07651228281894017,sklearn_digits_hidden_completion,91,1372,1,64,oracle_true_score,59,0.9930000181004611
23,shortcut,-0.6687752595547999,0.42214905675462544,0.0,1.0,0.2022478301358811,0.12917011109453266,0.0,0.276953591131468,sklearn_digits_hidden_completion,91,1372,1,128,min_energy,23,-0.6687752595547999
49,near_valid,-0.309545997518703,0.9654751893105484,1.0,0.5854858457030956,0.012083683741308054,0.03168906314204864,0.192563474753747,0.0866033150782405,sklearn_digits_hidden_completion,91,1372,1,128,random_selector,49,49.0
40,near_valid,-0.3319958749918178,0.9890237482574511,1.0,0.5900827594991818,0.0038416881098921286,0.02733907903856296,0.18314354309102068,0.021847150623972696,sklearn_digits_hidden_completion,91,1372,1,128,calibrated_clipped,40,-0.32710784206877086
106,class_neighbor,-0.3319167277853585,0.9965229671968575,1.0,0.5959519908595707,0.0012169614810998539,0.025130341716266855,0.178819498037033,0.05835236547849013,sklearn_digits_hidden_completion,91,1372,1,128,oracle_true_score,106,0.9965229671968575
0,near_valid,-0.22519183377695678,0.9911802590146821,1.0,0.5426566403848807,0.003086909344861275,0.011107641879451338,0.24624561877342882,0.22072013905213805,sklearn_digits_hidden_completion,92,1387,4,1,min_energy,0,-0.22519183377695678
0,near_valid,-0.22519183377695678,0.9911802590146821,1.0,0.5426566403848807,0.003086909344861275,0.011107641879451338,0.24624561877342882,0.22072013905213805,sklearn_digits_hidden_completion,92,1387,4,1,random_selector,0,0.0
0,near_valid,-0.22519183377695678,0.9911802590146821,1.0,0.5426566403848807,0.003086909344861275,0.011107641879451338,0.24624561877342882,0.22072013905213805,sklearn_digits_hidden_completion,92,1387,4,1,calibrated_clipped,0,-0.22519183377695678
0,near_valid,-0.22519183377695678,0.9911802590146821,1.0,0.5426566403848807,0.003086909344861275,0.011107641879451338,0.24624561877342882,0.22072013905213805,sklearn_digits_hidden_completion,92,1387,4,1,oracle_true_score,0,0.9911802590146821
1,near_valid,-0.2282706944976547,0.9785839787292729,1.0,0.5495043826972431,0.007495607444754488,0.011985378130031586,0.23347667193237434,0.2652417366823271,sklearn_digits_hidden_completion,92,1387,4,4,min_energy,1,-0.2282706944976547
0,near_valid,-0.22519183377695678,0.9911802590146821,1.0,0.5426566403848807,0.003086909344861275,0.011107641879451338,0.24624561877342882,0.22072013905213805,sklearn_digits_hidden_completion,92,1387,4,4,random_selector,0,0.0
0,near_valid,-0.22519183377695678,0.9911802590146821,1.0,0.5426566403848807,0.003086909344861275,0.011107641879451338,0.24624561877342882,0.22072013905213805,sklearn_digits_hidden_completion,92,1387,4,4,calibrated_clipped,0,-0.22519183377695678
0,near_valid,-0.22519183377695678,0.9911802590146821,1.0,0.5426566403848807,0.003086909344861275,0.011107641879451338,0.24624561877342882,0.22072013905213805,sklearn_digits_hidden_completion,92,1387,4,4,oracle_true_score,0,0.9911802590146821
9,shortcut,-0.5032603997832228,0.47969733665084524,0.0,0.8408792984227015,0.18210593217220417,0.14072017877688642,0.04854143210817389,0.3627862530946522,sklearn_digits_hidden_completion,92,1387,4,16,min_energy,9,-0.5032603997832228
4,random_digit,-0.17258189325137835,0.47509765625,0.0,0.5248325892857143,0.1837158203125,0.14934406796929847,0.26804315476190477,0.21875,sklearn_digits_hidden_completion,92,1387,4,16,random_selector,4,4.0
14,class_neighbor,-0.24149265573151907,0.8384941922706917,1.0,0.5557766487926883,0.05652703270525792,0.04444310870078064,0.21967060590303705,0.2281618793808532,sklearn_digits_hidden_completion,92,1387,4,16,calibrated_clipped,14,-0.2267387099178021
0,near_valid,-0.22519183377695678,0.9911802590146821,1.0,0.5426566403848807,0.003086909344861275,0.011107641879451338,0.24624561877342882,0.22072013905213805,sklearn_digits_hidden_completion,92,1387,4,16,oracle_true_score,0,0.9911802590146821
18,shortcut,-0.6418141247387016,0.39281901350435233,0.0,1.0,0.21251334527347668,0.1694755614409016,0.0,0.3714538148655906,sklearn_digits_hidden_completion,92,1387,4,64,min_energy,18,-0.6418141247387016
51,near_valid,-0.20246574352142835,0.9693556098623521,1.0,0.5296158160422699,0.010725536548176753,0.020185521528185736,0.25758010337781906,0.24519978673418236,sklearn_digits_hidden_completion,92,1387,4,64,random_selector,51,51.0
15,class_neighbor,-0.2603128400988941,0.8836110424175443,1.0,0.5633438433415114,0.04073613515385948,0.024590167304861826,0.20182065476813849,0.2313782441189548,sklearn_digits_hidden_completion,92,1387,4,64,calibrated_clipped,15,-0.24246620871857746
19,near_valid,-0.2224284030201712,0.9931600149436582,1.0,0.541614661110843,0.0023939947697196066,0.010073698889635632,0.24742820514308214,0.2284117010316937,sklearn_digits_hidden_completion,92,1387,4,64,oracle_true_score,19,0.9931600149436582
72,shortcut,-0.6422978861239922,0.3972713648422994,0.0,1.0,0.2109550223051952,0.16791016600173103,0.0,0.37060040337830785,sklearn_digits_hidden_completion,92,1387,4,128,min_energy,72,-0.6422978861239922
74,near_valid,-0.22974074814316794,0.9751870449351386,1.0,0.5474561599530411,0.008684534272701477,0.012004292454504685,0.23310847084586755,0.251204271827424,sklearn_digits_hidden_completion,92,1387,4,128,random_selector,74,74.0
113,random_digit,-0.24523910671082985,0.8936244419642857,1.0,0.5452566964285714,0.0372314453125,0.028105991743469755,0.23344494047619047,0.1484375,sklearn_digits_hidden_completion,92,1387,4,128,calibrated_clipped,113,-0.24166237560828105
19,near_valid,-0.2224284030201712,0.9931600149436582,1.0,0.541614661110843,0.0023939947697196066,0.010073698889635632,0.24742820514308214,0.2284117010316937,sklearn_digits_hidden_completion,92,1387,4,128,oracle_true_score,19,0.9931600149436582
0,near_valid,-0.14128568042031342,0.8547887611080833,1.0,0.4655075802308628,0.050823933612170816,0.10783585110443665,0.3258867802846239,0.03520052687701592,sklearn_digits_hidden_completion,93,1402,2,1,min_energy,0,-0.14128568042031342
0,near_valid,-0.14128568042031342,0.8547887611080833,1.0,0.4655075802308628,0.050823933612170816,0.10783585110443665,0.3258867802846239,0.03520052687701592,sklearn_digits_hidden_completion,93,1402,2,1,random_selector,0,0.0
0,near_valid,-0.14128568042031342,0.8547887611080833,1.0,0.4655075802308628,0.050823933612170816,0.10783585110443665,0.3258867802846239,0.03520052687701592,sklearn_digits_hidden_completion,93,1402,2,1,calibrated_clipped,0,-0.14128568042031342
0,near_valid,-0.14128568042031342,0.8547887611080833,1.0,0.4655075802308628,0.050823933612170816,0.10783585110443665,0.3258867802846239,0.03520052687701592,sklearn_digits_hidden_completion,93,1402,2,1,oracle_true_score,0,0.8547887611080833
2,shortcut,-0.6788907196013559,0.41071399729655433,0.0,1.0,0.20625010094620597,0.15186579608820766,0.0,0.20368060590501244,sklearn_digits_hidden_completion,93,1402,2,4,min_energy,2,-0.6788907196013559
3,random_digit,-0.15794494675941365,0.3157087053571428,0.0,0.5270647321428572,0.239501953125,0.18848862185769377,0.26357886904761907,0.2734375,sklearn_digits_hidden_completion,93,1402,2,4,random_selector,3,3.0
1,near_valid,-0.19072112773006145,0.9541760850507741,1.0,0.5120265589465748,0.016038370232229072,0.060910839423031285,0.276960549920372,0.14394160569529385,sklearn_digits_hidden_completion,93,1402,2,4,calibrated_clipped,1,-0.19072112773006145
1,near_valid,-0.19072112773006145,0.9541760850507741,1.0,0.5120265589465748,0.016038370232229072,0.060910839423031285,0.276960549920372,0.14394160569529385,sklearn_digits_hidden_completion,93,1402,2,4,oracle_true_score,1,0.9541760850507741
12,shortcut,-0.6790863179552027,0.3551789493294043,0.0,1.0,0.22568736773470846,0.1695931910575218,0.0,0.18497521916646495,sklearn_digits_hidden_completion,93,1402,2,16,min_energy,12,-0.6790863179552027
8,near_valid,-0.24204552899791346,0.9894268095225826,1.0,0.5298779874988753,0.0037006166670961113,0.05636180915603409,0.24775091671084207,0.039137978020365165,sklearn_digits_hidden_completion,93,1402,2,16,random_selector,8,8.0
7,shortcut,-0.399741905412253,0.4663434688019299,0.0,0.6735663943239909,0.1867797859193245,0.15247290616334633,0.09958198116698762,0.10084109728113846,sklearn_digits_hidden_completion,93,1402,2,16,calibrated_clipped,7,-0.2754607250037882
8,near_valid,-0.24204552899791346,0.9894268095225826,1.0,0.5298779874988753,0.0037006166670961113,0.05636180915603409,0.24775091671084207,0.039137978020365165,sklearn_digits_hidden_completion,93,1402,2,16,oracle_true_score,8,0.9894268095225826
12,shortcut,-0.6790863179552027,0.3551789493294043,0.0,1.0,0.22568736773470846,0.1695931910575218,0.0,0.18497521916646495,sklearn_digits_hidden_completion,93,1402,2,64,min_energy,12,-0.6790863179552027
48,near_valid,-0.21554353787874075,0.9755057305951198,1.0,0.5155370614813672,0.008572994291708071,0.0554324147731412,0.2634854896720573,0.07552877979012448,sklearn_digits_hidden_completion,93,1402,2,64,random_selector,48,48.0
4,class_neighbor,-0.29258903534179015,0.7430527308374242,0.0,0.5760217179481062,0.08993154420690153,0.07543613659867873,0.18019941589377397,0.1261517352898901,sklearn_digits_hidden_completion,93,1402,2,64,calibrated_clipped,4,-0.2516943178792019
47,near_valid,-0.23652588959269316,0.9913295770247875,1.0,0.5331322469667241,0.0030346480413243502,0.056051054176248,0.24630238438290292,0.08323386693251861,sklearn_digits_hidden_completion,93,1402,2,64,oracle_true_score,47,0.9913295770247875
12,shortcut,-0.6790863179552027,0.3551789493294043,0.0,1.0,0.22568736773470846,0.1695931910575218,0.0,0.18497521916646495,sklearn_digits_hidden_completion,93,1402,2,128,min_energy,12,-0.6790863179552027
71,near_valid,-0.23760062400265713,0.9894259097922103,1.0,0.5279791687161268,0.003700931572726396,0.05679696327795908,0.2490180919019526,0.05032204666386107,sklearn_digits_hidden_completion,93,1402,2,128,random_selector,71,71.0
72,class_neighbor,-0.30530366468961134,0.7289470318462363,0.0,0.576757414633279,0.0948685388538173,0.044635294337024636,0.19011060162830024,0.06888253261188924,sklearn_digits_hidden_completion,93,1402,2,128,calibrated_clipped,72,-0.26562484940567743
77,near_valid,-0.23774942205577845,0.9920110742707241,1.0,0.5298693760497314,0.002796124005246563,0.060363528805497606,0.24833105886701745,0.05498910921780448,sklearn_digits_hidden_completion,93,1402,2,128,oracle_true_score,77,0.9920110742707241
0,class_neighbor,-0.23651111032018893,0.9174957412281973,1.0,0.5322436541144022,0.028876490570130947,0.018026201680717578,0.25265754549477915,0.10052369953670347,sklearn_digits_hidden_completion,94,1417,2,1,min_energy,0,-0.23651111032018893
0,class_neighbor,-0.23651111032018893,0.9174957412281973,1.0,0.5322436541144022,0.028876490570130947,0.018026201680717578,0.25265754549477915,0.10052369953670347,sklearn_digits_hidden_completion,94,1417,2,1,random_selector,0,0.0
0,class_neighbor,-0.23651111032018893,0.9174957412281973,1.0,0.5322436541144022,0.028876490570130947,0.018026201680717578,0.25265754549477915,0.10052369953670347,sklearn_digits_hidden_completion,94,1417,2,1,calibrated_clipped,0,-0.23651111032018893
0,class_neighbor,-0.23651111032018893,0.9174957412281973,1.0,0.5322436541144022,0.028876490570130947,0.018026201680717578,0.25265754549477915,0.10052369953670347,sklearn_digits_hidden_completion,94,1417,2,1,oracle_true_score,0,0.9174957412281973
2,shortcut,-0.40742065432539964,0.5170977728957196,0.0,0.6848105044419118,0.16901577948649815,0.12980341399531622,0.09615184792539463,0.13671512424001944,sklearn_digits_hidden_completion,94,1417,2,4,min_energy,2,-0.40742065432539964
2,shortcut,-0.40742065432539964,0.5170977728957196,0.0,0.6848105044419118,0.16901577948649815,0.12980341399531622,0.09615184792539463,0.13671512424001944,sklearn_digits_hidden_completion,94,1417,2,4,random_selector,2,2.0
3,near_valid,-0.2993552771316695,0.9908844183465647,1.0,0.5702107800537326,0.0031904535787023575,0.009222037503504154,0.20168265629424564,0.07766469723047009,sklearn_digits_hidden_completion,94,1417,2,4,calibrated_clipped,3,-0.28478598722139276
3,near_valid,-0.2993552771316695,0.9908844183465647,1.0,0.5702107800537326,0.0031904535787023575,0.009222037503504154,0.20168265629424564,0.07766469723047009,sklearn_digits_hidden_completion,94,1417,2,4,oracle_true_score,3,0.9908844183465647
4,shortcut,-0.5448755485881909,0.6552974250741681,0.0,0.8226374384057097,0.12064590122404115,0.06724747510874951,0.037736715232827726,0.18948920908143096,sklearn_digits_hidden_completion,94,1417,2,16,min_energy,4,-0.5448755485881909
8,class_neighbor,-0.2190825738185167,0.7485269518150857,0.0,0.5409314881253566,0.08801556686472001,0.06741458620149661,0.23821087698737778,0.2105857134607183,sklearn_digits_hidden_completion,94,1417,2,16,random_selector,8,8.0
3,near_valid,-0.2993552771316695,0.9908844183465647,1.0,0.5702107800537326,0.0031904535787023575,0.009222037503504154,0.20168265629424564,0.07766469723047009,sklearn_digits_hidden_completion,94,1417,2,16,calibrated_clipped,3,-0.27928826187143924
3,near_valid,-0.2993552771316695,0.9908844183465647,1.0,0.5702107800537326,0.0031904535787023575,0.009222037503504154,0.20168265629424564,0.07766469723047009,sklearn_digits_hidden_completion,94,1417,2,16,oracle_true_score,3,0.9908844183465647
61,shortcut,-0.6789310941652529,0.2899992393630484,0.0,1.0,0.24850026622293306,0.18346952917373527,0.0,0.171875,sklearn_digits_hidden_completion,94,1417,2,64,min_energy,61,-0.6789310941652529
13,near_valid,-0.2525920686858012,0.9464746096301192,1.0,0.548947493141095,0.018733886629458282,0.016120691053272143,0.22892674602214452,0.14992351323593084,sklearn_digits_hidden_completion,94,1417,2,64,random_selector,13,13.0
12,near_valid,-0.2803215188503233,0.98616630461071,1.0,0.553831890649575,0.004841793386251508,0.013617259135640006,0.22360947213988358,0.04671868816396997,sklearn_digits_hidden_completion,94,1417,2,64,calibrated_clipped,12,-0.27099738238094423
3,near_valid,-0.2993552771316695,0.9908844183465647,1.0,0.5702107800537326,0.0031904535787023575,0.009222037503504154,0.20168265629424564,0.07766469723047009,sklearn_digits_hidden_completion,94,1417,2,64,oracle_true_score,3,0.9908844183465647
61,shortcut,-0.6789310941652529,0.2899992393630484,0.0,1.0,0.24850026622293306,0.18346952917373527,0.0,0.171875,sklearn_digits_hidden_completion,94,1417,2,128,min_energy,61,-0.6789310941652529
79,near_valid,-0.27865154741655884,0.9470107226762964,1.0,0.5592858420189937,0.018546247063296283,0.019211254198766,0.21556858281054792,0.09203931356065936,sklearn_digits_hidden_completion,94,1417,2,128,random_selector,79,79.0
68,class_neighbor,-0.2728404912361233,0.9306613541743891,1.0,0.5472519738295589,0.02426852603896381,0.01731224597930284,0.2304735030140373,0.036878066412323954,sklearn_digits_hidden_completion,94,1417,2,128,calibrated_clipped,68,-0.2714130686601958
117,near_valid,-0.2657916776898611,0.994186732955296,1.0,0.5521160562053666,0.002034643465646373,0.018478817693479064,0.22570263104832283,0.1023157692444524,sklearn_digits_hidden_completion,94,1417,2,128,oracle_true_score,117,0.994186732955296
0,near_valid,-0.15743075008251994,0.9241158510477683,1.0,0.5079139901059743,0.026559452133281116,0.07481445828309871,0.2874802122763761,0.25213867044167054,sklearn_digits_hidden_completion,95,1432,7,1,min_energy,0,-0.15743075008251994
0,near_valid,-0.15743075008251994,0.9241158510477683,1.0,0.5079139901059743,0.026559452133281116,0.07481445828309871,0.2874802122763761,0.25213867044167054,sklearn_digits_hidden_completion,95,1432,7,1,random_selector,0,0.0
0,near_valid,-0.15743075008251994,0.9241158510477683,1.0,0.5079139901059743,0.026559452133281116,0.07481445828309871,0.2874802122763761,0.25213867044167054,sklearn_digits_hidden_completion,95,1432,7,1,calibrated_clipped,0,-0.15743075008251994
0,near_valid,-0.15743075008251994,0.9241158510477683,1.0,0.5079139901059743,0.026559452133281116,0.07481445828309871,0.2874802122763761,0.25213867044167054,sklearn_digits_hidden_completion,95,1432,7,1,oracle_true_score,0,0.9241158510477683
3,shortcut,-0.6753047358275587,0.5322779458385051,0.0,1.0,0.16370271895652322,0.1317109233994642,0.0,0.24176539746274217,sklearn_digits_hidden_completion,95,1432,7,4,min_energy,3,-0.6753047358275587
1,shortcut,-0.6681782900578863,0.47139068812455953,0.0,1.0,0.18501325915640415,0.1542917430395692,0.0,0.2548168066709995,sklearn_digits_hidden_completion,95,1432,7,4,random_selector,1,1.0
3,shortcut,-0.6753047358275587,0.5322779458385051,0.0,1.0,0.16370271895652322,0.1317109233994642,0.0,0.24176539746274217,sklearn_digits_hidden_completion,95,1432,7,4,calibrated_clipped,3,-0.44959016391344375
0,near_valid,-0.15743075008251994,0.9241158510477683,1.0,0.5079139901059743,0.026559452133281116,0.07481445828309871,0.2874802122763761,0.25213867044167054,sklearn_digits_hidden_completion,95,1432,7,4,oracle_true_score,0,0.9241158510477683
3,shortcut,-0.6753047358275587,0.5322779458385051,0.0,1.0,0.16370271895652322,0.1317109233994642,0.0,0.24176539746274217,sklearn_digits_hidden_completion,95,1432,7,16,min_energy,3,-0.6753047358275587
4,random_digit,-0.291103646552046,0.69482421875,0.0,0.6049107142857143,0.1068115234375,0.06959337438262694,0.16517857142857142,0.2890625,sklearn_digits_hidden_completion,95,1432,7,16,random_selector,4,4.0
5,shortcut,-0.4997462684548835,0.731295188538986,0.0,0.7544179804808758,0.09404668401135491,0.05152209101415958,0.05225149351470728,0.13512238634926227,sklearn_digits_hidden_completion,95,1432,7,16,calibrated_clipped,5,-0.32909545931112216
11,near_valid,-0.24732313927292143,0.9906088160114911,1.0,0.5657330226263123,0.0032869143959781077,0.04439438434306518,0.20917496014686465,0.2652576137371211,sklearn_digits_hidden_completion,95,1432,7,16,oracle_true_score,11,0.9906088160114911
3,shortcut,-0.6753047358275587,0.5322779458385051,0.0,1.0,0.16370271895652322,0.1317109233994642,0.0,0.24176539746274217,sklearn_digits_hidden_completion,95,1432,7,64,min_energy,3,-0.6753047358275587
35,class_neighbor,-0.2543982465077663,0.7472897224246648,0.0,0.5579475307656689,0.08844859715136727,0.02550362744557845,0.21753847142256433,0.1965775839747966,sklearn_digits_hidden_completion,95,1432,7,64,random_selector,35,35.0
35,class_neighbor,-0.2543982465077663,0.7472897224246648,0.0,0.5579475307656689,0.08844859715136727,0.02550362744557845,0.21753847142256433,0.1965775839747966,sklearn_digits_hidden_completion,95,1432,7,64,calibrated_clipped,35,-0.2543982465077663
21,near_valid,-0.24834812875165357,0.9936479693150373,1.0,0.5665483047444366,0.0022232107397369472,0.04202260746095023,0.20673320544380427,0.2722765766019575,sklearn_digits_hidden_completion,95,1432,7,64,oracle_true_score,21,0.9936479693150373
73,shortcut,-0.6776028098150813,0.5503804798365024,0.0,1.0,0.15736683205722413,0.12491785341308219,0.0,0.23706809751151156,sklearn_digits_hidden_completion,95,1432,7,128,min_energy,73,-0.6776028098150813
28,near_valid,-0.2438573256718717,0.9737207197819373,1.0,0.5619375144803617,0.009197748076321954,0.05410781497065631,0.2171141865721511,0.23680722289792575,sklearn_digits_hidden_completion,95,1432,7,128,random_selector,28,28.0
35,class_neighbor,-0.2543982465077663,0.7472897224246648,0.0,0.5579475307656689,0.08844859715136727,0.02550362744557845,0.21753847142256433,0.1965775839747966,sklearn_digits_hidden_completion,95,1432,7,128,calibrated_clipped,35,-0.2543982465077663
21,near_valid,-0.24834812875165357,0.9936479693150373,1.0,0.5665483047444366,0.0022232107397369472,0.04202260746095023,0.20673320544380427,0.2722765766019575,sklearn_digits_hidden_completion,95,1432,7,128,oracle_true_score,21,0.9936479693150373
0,near_valid,-0.14988885639963553,0.9580767301907153,1.0,0.508075987160548,0.014673144433249668,0.058605193543108766,0.27463926437381453,0.34197749928277854,sklearn_digits_hidden_completion,96,1448,5,1,min_energy,0,-0.14988885639963553
0,near_valid,-0.14988885639963553,0.9580767301907153,1.0,0.508075987160548,0.014673144433249668,0.058605193543108766,0.27463926437381453,0.34197749928277854,sklearn_digits_hidden_completion,96,1448,5,1,random_selector,0,0.0
0,near_valid,-0.14988885639963553,0.9580767301907153,1.0,0.508075987160548,0.014673144433249668,0.058605193543108766,0.27463926437381453,0.34197749928277854,sklearn_digits_hidden_completion,96,1448,5,1,calibrated_clipped,0,-0.14988885639963553
0,near_valid,-0.14988885639963553,0.9580767301907153,1.0,0.508075987160548,0.014673144433249668,0.058605193543108766,0.27463926437381453,0.34197749928277854,sklearn_digits_hidden_completion,96,1448,5,1,oracle_true_score,0,0.9580767301907153
2,near_valid,-0.2030090420776253,0.963135285486578,1.0,0.5420133167194683,0.012902650079697714,0.0507668093643914,0.23857287255124052,0.3106625184295768,sklearn_digits_hidden_completion,96,1448,5,4,min_energy,2,-0.2030090420776253
1,near_valid,-0.18053417540147063,0.9753202754838235,1.0,0.5316199990649603,0.008637903580661776,0.06048883835931228,0.2405319124007243,0.3689525220249439,sklearn_digits_hidden_completion,96,1448,5,4,random_selector,1,1.0
1,near_valid,-0.18053417540147063,0.9753202754838235,1.0,0.5316199990649603,0.008637903580661776,0.06048883835931228,0.2405319124007243,0.3689525220249439,sklearn_digits_hidden_completion,96,1448,5,4,calibrated_clipped,1,-0.17692628121570225
3,near_valid,-0.17085062066015205,0.9756367423276665,1.0,0.5236024564299195,0.00852714018531673,0.05190718056750373,0.24996636404188072,0.36994142662876217,sklearn_digits_hidden_completion,96,1448,5,4,oracle_true_score,3,0.9756367423276665
12,shortcut,-0.6630180668712673,0.5911628289493346,0.0,1.0,0.14309300986773288,0.08927764582685989,0.0,0.34563201981680347,sklearn_digits_hidden_completion,96,1448,5,16,min_energy,12,-0.6630180668712673
11,class_neighbor,-0.2370432640178919,0.7334758500077073,0.0,0.5484641869665661,0.09328345249730244,0.02565566319564431,0.22408445918562053,0.22963645507906236,sklearn_digits_hidden_completion,96,1448,5,16,random_selector,11,11.0
11,class_neighbor,-0.2370432640178919,0.7334758500077073,0.0,0.5484641869665661,0.09328345249730244,0.02565566319564431,0.22408445918562053,0.22963645507906236,sklearn_digits_hidden_completion,96,1448,5,16,calibrated_clipped,11,-0.2193608097077016
14,near_valid,-0.18826549165811934,0.9905250332450806,1.0,0.5223009458598228,0.003316238364221789,0.044154931510546176,0.25120680638402687,0.28232743961711837,sklearn_digits_hidden_completion,96,1448,5,16,oracle_true_score,14,0.9905250332450806
12,shortcut,-0.6630180668712673,0.5911628289493346,0.0,1.0,0.14309300986773288,0.08927764582685989,0.0,0.34563201981680347,sklearn_digits_hidden_completion,96,1448,5,64,min_energy,12,-0.6630180668712673
34,near_valid,-0.19579129086555938,0.9705138851889277,1.0,0.5383695463992247,0.010320140183875328,0.056114824790950285,0.23415553824609692,0.33988678970157893,sklearn_digits_hidden_completion,96,1448,5,64,random_selector,34,34.0
59,class_neighbor,-0.25020941733425506,0.5180809288416975,0.0,0.5452104522279111,0.16867167490540586,0.049954089742919275,0.2341067905154139,0.09974434552308373,sklearn_digits_hidden_completion,96,1448,5,64,calibrated_clipped,59,-0.23256697979075597
30,near_valid,-0.17286070824744165,0.9920101063779486,1.0,0.5208478936383635,0.002796462767717985,0.05735945505954328,0.2548078703187023,0.33079496147068,sklearn_digits_hidden_completion,96,1448,5,64,oracle_true_score,30,0.9920101063779486
12,shortcut,-0.6630180668712673,0.5911628289493346,0.0,1.0,0.14309300986773288,0.08927764582685989,0.0,0.34563201981680347,sklearn_digits_hidden_completion,96,1448,5,128,min_energy,12,-0.6630180668712673
26,near_valid,-0.16545857388736257,0.9690094833453003,1.0,0.5116369312561349,0.010846680829144889,0.049592354583975706,0.27171184602336074,0.294545691625475,sklearn_digits_hidden_completion,96,1448,5,128,random_selector,26,26.0
59,class_neighbor,-0.25020941733425506,0.5180809288416975,0.0,0.5452104522279111,0.16867167490540586,0.049954089742919275,0.2341067905154139,0.09974434552308373,sklearn_digits_hidden_completion,96,1448,5,128,calibrated_clipped,59,-0.22178392372860062
73,near_valid,-0.17954502093087826,0.9959270596243378,1.0,0.5148664172364962,0.0014255291314817504,0.04585630236411713,0.259436306461157,0.2737178148501705,sklearn_digits_hidden_completion,96,1448,5,128,oracle_true_score,73,0.9959270596243378
0,near_valid,-0.21976872607154688,0.9701519452873963,1.0,0.5157289518105701,0.010446819149411262,0.0102982480385112,0.28403015553375427,0.043758763175568004,sklearn_digits_hidden_completion,97,1463,0,1,min_energy,0,-0.21976872607154688
0,near_valid,-0.21976872607154688,0.9701519452873963,1.0,0.5157289518105701,0.010446819149411262,0.0102982480385112,0.28403015553375427,0.043758763175568004,sklearn_digits_hidden_completion,97,1463,0,1,random_selector,0,0.0
0,near_valid,-0.21976872607154688,0.9701519452873963,1.0,0.5157289518105701,0.010446819149411262,0.0102982480385112,0.28403015553375427,0.043758763175568004,sklearn_digits_hidden_completion,97,1463,0,1,calibrated_clipped,0,-0.21976872607154688
0,near_valid,-0.21976872607154688,0.9701519452873963,1.0,0.5157289518105701,0.010446819149411262,0.0102982480385112,0.28403015553375427,0.043758763175568004,sklearn_digits_hidden_completion,97,1463,0,1,oracle_true_score,0,0.9701519452873963
3,shortcut,-0.47999712032164776,0.46252667069076503,0.0,0.7869195848970029,0.18811566525823223,0.19470832984127054,0.06500240635426721,0.1774978944400162,sklearn_digits_hidden_completion,97,1463,0,4,min_energy,3,-0.47999712032164776
0,near_valid,-0.21976872607154688,0.9701519452873963,1.0,0.5157289518105701,0.010446819149411262,0.0102982480385112,0.28403015553375427,0.043758763175568004,sklearn_digits_hidden_completion,97,1463,0,4,random_selector,0,0.0
0,near_valid,-0.21976872607154688,0.9701519452873963,1.0,0.5157289518105701,0.010446819149411262,0.0102982480385112,0.28403015553375427,0.043758763175568004,sklearn_digits_hidden_completion,97,1463,0,4,calibrated_clipped,0,-0.2193699034984674
1,near_valid,-0.21811323827893953,0.9812728854400387,1.0,0.514842679425949,0.00655449009598646,0.014382707784360571,0.2806543792041073,0.05391160585695508,sklearn_digits_hidden_completion,97,1463,0,4,oracle_true_score,1,0.9812728854400387
8,shortcut,-0.6688800086068816,0.522995303329875,0.0,1.0,0.16695164383454375,0.1712249569655921,0.0,0.234375,sklearn_digits_hidden_completion,97,1463,0,16,min_energy,8,-0.6688800086068816
11,random_digit,-0.17033947881523773,0.4740513392857143,0.0,0.5397879464285714,0.18408203125,0.15097652705476344,0.24646577380952384,0.34375,sklearn_digits_hidden_completion,97,1463,0,16,random_selector,11,11.0
10,near_valid,-0.22169456503958473,0.9908140257962375,1.0,0.5155777506848215,0.003215090971316888,0.007446590899615907,0.27979528916339846,0.04806010377119531,sklearn_digits_hidden_completion,97,1463,0,16,calibrated_clipped,10,-0.22169456503958473
10,near_valid,-0.22169456503958473,0.9908140257962375,1.0,0.5155777506848215,0.003215090971316888,0.007446590899615907,0.27979528916339846,0.04806010377119531,sklearn_digits_hidden_completion,97,1463,0,16,oracle_true_score,10,0.9908140257962375
8,shortcut,-0.6688800086068816,0.522995303329875,0.0,1.0,0.16695164383454375,0.1712249569655921,0.0,0.234375,sklearn_digits_hidden_completion,97,1463,0,64,min_energy,8,-0.6688800086068816
38,near_valid,-0.2123875434260302,0.9867833082628011,1.0,0.5143225002249868,0.004625842108019617,0.008524493495821076,0.2828560783595624,0.08039294972893218,sklearn_digits_hidden_completion,97,1463,0,64,random_selector,38,38.0
48,near_valid,-0.22783482406352548,0.9870117032454305,1.0,0.5200094074311955,0.0045459038640993255,0.014367388373788984,0.2703376564659381,0.05306521389423707,sklearn_digits_hidden_completion,97,1463,0,64,calibrated_clipped,48,-0.22400351806437016
27,near_valid,-0.24032306678463985,0.9938307235533491,1.0,0.5257012034350824,0.0021592467563278156,0.010701039752792692,0.2638692308078295,0.03342275448403617,sklearn_digits_hidden_completion,97,1463,0,64,oracle_true_score,27,0.9938307235533491
121,shortcut,-0.6741796874012915,0.5923869046237228,0.0,1.0,0.14266458338169702,0.14472656299354214,0.0,0.234375,sklearn_digits_hidden_completion,97,1463,0,128,min_energy,121,-0.6741796874012915
99,near_valid,-0.22012440319529228,0.9846644024380964,1.0,0.5191775252794928,0.005367459146666264,0.010654437303535096,0.2745981600082772,0.08049432649533914,sklearn_digits_hidden_completion,97,1463,0,128,random_selector,99,99.0
83,near_valid,-0.23297339735908534,0.989957507906036,1.0,0.5188709657025099,0.003514872232887401,0.007169780841170766,0.276809430726605,0.012503419249650738,sklearn_digits_hidden_completion,97,1463,0,128,calibrated_clipped,83,-0.23297339735908534
27,near_valid,-0.24032306678463985,0.9938307235533491,1.0,0.5257012034350824,0.0021592467563278156,0.010701039752792692,0.2638692308078295,0.03342275448403617,sklearn_digits_hidden_completion,97,1463,0,128,oracle_true_score,27,0.9938307235533491
0,shortcut,-0.409888672015598,0.7321603929228815,0.0,0.6619149282473036,0.0937438624769915,0.04868582598797122,0.07617014350539285,0.174583900221597,sklearn_digits_hidden_completion,98,1478,3,1,min_energy,0,-0.409888672015598
0,shortcut,-0.409888672015598,0.7321603929228815,0.0,0.6619149282473036,0.0937438624769915,0.04868582598797122,0.07617014350539285,0.174583900221597,sklearn_digits_hidden_completion,98,1478,3,1,random_selector,0,0.0
0,shortcut,-0.409888672015598,0.7321603929228815,0.0,0.6619149282473036,0.0937438624769915,0.04868582598797122,0.07617014350539285,0.174583900221597,sklearn_digits_hidden_completion,98,1478,3,1,calibrated_clipped,0,-0.409888672015598
0,shortcut,-0.409888672015598,0.7321603929228815,0.0,0.6619149282473036,0.0937438624769915,0.04868582598797122,0.07617014350539285,0.174583900221597,sklearn_digits_hidden_completion,98,1478,3,1,oracle_true_score,0,0.7321603929228815
1,shortcut,-0.6629054777659196,0.39614705529647765,0.0,1.0,0.21134853064623282,0.1632090108019322,0.0,0.2722636003684701,sklearn_digits_hidden_completion,98,1478,3,4,min_energy,1,-0.6629054777659196
0,shortcut,-0.409888672015598,0.7321603929228815,0.0,0.6619149282473036,0.0937438624769915,0.04868582598797122,0.07617014350539285,0.174583900221597,sklearn_digits_hidden_completion,98,1478,3,4,random_selector,0,0.0
0,shortcut,-0.409888672015598,0.7321603929228815,0.0,0.6619149282473036,0.0937438624769915,0.04868582598797122,0.07617014350539285,0.174583900221597,sklearn_digits_hidden_completion,98,1478,3,4,calibrated_clipped,0,-0.35826695099295913
2,near_valid,-0.17337825937881465,0.9853504095471366,1.0,0.5110659551021663,0.005127356658502186,0.030243270394480132,0.28117314167052737,0.24613662475062006,sklearn_digits_hidden_completion,98,1478,3,4,oracle_true_score,2,0.9853504095471366
1,shortcut,-0.6629054777659196,0.39614705529647765,0.0,1.0,0.21134853064623282,0.1632090108019322,0.0,0.2722636003684701,sklearn_digits_hidden_completion,98,1478,3,16,min_energy,1,-0.6629054777659196
11,near_valid,-0.18031950408447162,0.9881197349338274,1.0,0.5148385184257005,0.004158092773160413,0.029154639313283857,0.27535157757409634,0.24267544603197,sklearn_digits_hidden_completion,98,1478,3,16,random_selector,11,11.0
7,class_neighbor,-0.2185249169693747,0.8529081941512456,1.0,0.525266784712312,0.05148213204706402,0.023352467358852335,0.2568834022117698,0.14734403438307725,sklearn_digits_hidden_completion,98,1478,3,16,calibrated_clipped,7,-0.20906861369383842
12,near_valid,-0.17266886502378176,0.9883192684260125,1.0,0.5133041092341014,0.004088256050895634,0.029282962479923763,0.2778435016505238,0.2681934924901071,sklearn_digits_hidden_completion,98,1478,3,16,oracle_true_score,12,0.9883192684260125
39,shortcut,-0.6639669201121058,0.42832225585389005,0.0,1.0,0.20008721045113848,0.15268136799357337,0.0,0.27748403144589784,sklearn_digits_hidden_completion,98,1478,3,64,min_energy,39,-0.6639669201121058
10,near_valid,-0.1507460809113994,0.9417922457381104,1.0,0.4994784511296462,0.02037271399166135,0.0385466662809969,0.29849960201533354,0.25989321535601195,sklearn_digits_hidden_completion,98,1478,3,64,random_selector,10,10.0
20,random_digit,-0.27124304598668186,0.68505859375,0.0,0.5533482142857142,0.1102294921875,0.05235991887611417,0.22247023809523808,0.0546875,sklearn_digits_hidden_completion,98,1478,3,64,calibrated_clipped,20,-0.2374053356166234
40,near_valid,-0.1970040593094561,0.9901927137933897,1.0,0.5246571125793924,0.003432550172313606,0.02252725349727261,0.2609202924327423,0.24238581793812708,sklearn_digits_hidden_completion,98,1478,3,64,oracle_true_score,40,0.9901927137933897
70,shortcut,-0.6661548384403145,0.5125458655340434,0.0,1.0,0.17060894706308483,0.12548747754275413,0.0,0.293738330255673,sklearn_digits_hidden_completion,98,1478,3,128,min_energy,70,-0.6661548384403145
92,shortcut,-0.38015177620465423,0.6711081694516912,0.0,0.6507897751044327,0.11511214069190807,0.07270040685935232,0.09842044979113472,0.1963461318333786,sklearn_digits_hidden_completion,98,1478,3,128,random_selector,92,92.0
69,class_neighbor,-0.25966606304425965,0.7645174881689807,0.0,0.5458749923681854,0.08241887914085677,0.029683216835428593,0.23382830205975136,0.07598985865965195,sklearn_digits_hidden_completion,98,1478,3,128,calibrated_clipped,69,-0.24096262423109502
116,near_valid,-0.18039280383373238,0.9945077662083232,1.0,0.5112925692099695,0.0019222818270869092,0.025906412728102984,0.27621359964061554,0.22988930362892795,sklearn_digits_hidden_completion,98,1478,3,128,oracle_true_score,116,0.9945077662083232
0,near_valid,-0.20432528678466375,0.9622869084219237,1.0,0.5115312508331646,0.013199582052326705,0.027997228181407565,0.286698927485434,0.08019647793469753,sklearn_digits_hidden_completion,99,1493,0,1,min_energy,0,-0.20432528678466375
0,near_valid,-0.20432528678466375,0.9622869084219237,1.0,0.5115312508331646,0.013199582052326705,0.027997228181407565,0.286698927485434,0.08019647793469753,sklearn_digits_hidden_completion,99,1493,0,1,random_selector,0,0.0
0,near_valid,-0.20432528678466375,0.9622869084219237,1.0,0.5115312508331646,0.013199582052326705,0.027997228181407565,0.286698927485434,0.08019647793469753,sklearn_digits_hidden_completion,99,1493,0,1,calibrated_clipped,0,-0.20432528678466375
0,near_valid,-0.20432528678466375,0.9622869084219237,1.0,0.5115312508331646,0.013199582052326705,0.027997228181407565,0.286698927485434,0.08019647793469753,sklearn_digits_hidden_completion,99,1493,0,1,oracle_true_score,0,0.9622869084219237
2,class_neighbor,-0.21469684411153384,0.8527165259332856,1.0,0.5254385761085111,0.05154921592335002,0.012845427573251973,0.2740774738664718,0.13035195914319792,sklearn_digits_hidden_completion,99,1493,0,4,min_energy,2,-0.21469684411153384
0,near_valid,-0.20432528678466375,0.9622869084219237,1.0,0.5115312508331646,0.013199582052326705,0.027997228181407565,0.286698927485434,0.08019647793469753,sklearn_digits_hidden_completion,99,1493,0,4,random_selector,0,0.0
0,near_valid,-0.20432528678466375,0.9622869084219237,1.0,0.5115312508331646,0.013199582052326705,0.027997228181407565,0.286698927485434,0.08019647793469753,sklearn_digits_hidden_completion,99,1493,0,4,calibrated_clipped,0,-0.20373847968206715
3,near_valid,-0.1782299542662929,0.9731033409038341,1.0,0.5018427574214435,0.009413830683658083,0.04669873906695153,0.2986437034362479,0.12279164548231503,sklearn_digits_hidden_completion,99,1493,0,4,oracle_true_score,3,0.9731033409038341
9,shortcut,-0.3640733782248311,0.33667676484046083,0.0,0.6750363987993394,0.23216313230583868,0.2126442150979654,0.09913354094688105,0.2257581516714791,sklearn_digits_hidden_completion,99,1493,0,16,min_energy,9,-0.3640733782248311
4,near_valid,-0.17777297730266683,0.9506243421196934,1.0,0.5050879943821525,0.017281480258107332,0.039849515688263615,0.29582268658179356,0.15185318863154165,sklearn_digits_hidden_completion,99,1493,0,16,random_selector,4,4.0
15,near_valid,-0.21001684856727668,0.9813246382590187,1.0,0.5103373796537112,0.006536376609343463,0.02304644723562125,0.28886849185995833,0.04624613101452675,sklearn_digits_hidden_completion,99,1493,0,16,calibrated_clipped,15,-0.2080285213702012
5,near_valid,-0.2116791788883461,0.9920393460475457,1.0,0.5166050783672881,0.002786228883358991,0.03233699583105439,0.2836534785185031,0.066489087678662,sklearn_digits_hidden_completion,99,1493,0,16,oracle_true_score,5,0.9920393460475457
21,shortcut,-0.6567148785681401,0.39631529589647074,0.0,1.0,0.2112896464362352,0.15392560715929948,0.0,0.3125,sklearn_digits_hidden_completion,99,1493,0,64,min_energy,21,-0.6567148785681401
50,near_valid,-0.17962401147852658,0.9774325958045708,1.0,0.4976186221231297,0.007898591468400233,0.031031917973042295,0.30767599891975367,0.0908088605667386,sklearn_digits_hidden_completion,99,1493,0,64,random_selector,50,50.0
40,near_valid,-0.21589126943456405,0.9943804932851333,1.0,0.5183512322438142,0.0019668273502033507,0.028826503505169805,0.2818360046473837,0.06048525745600808,sklearn_digits_hidden_completion,99,1493,0,64,calibrated_clipped,40,-0.21155515443322492
40,near_valid,-0.21589126943456405,0.9943804932851333,1.0,0.5183512322438142,0.0019668273502033507,0.028826503505169805,0.2818360046473837,0.06048525745600808,sklearn_digits_hidden_completion,99,1493,0,64,oracle_true_score,40,0.9943804932851333
85,shortcut,-0.658425511813853,0.42757804514918485,0.0,1.0,0.2003476841977853,0.14537244093073504,0.0,0.3125,sklearn_digits_hidden_completion,99,1493,0,128,min_energy,85,-0.658425511813853
5,near_valid,-0.2116791788883461,0.9920393460475457,1.0,0.5166050783672881,0.002786228883358991,0.03233699583105439,0.2836534785185031,0.066489087678662,sklearn_digits_hidden_completion,99,1493,0,128,random_selector,5,5.0
102,near_valid,-0.21688756221937164,0.9907479597696172,1.0,0.516030336734418,0.00323821408063401,0.033149966752556076,0.2828890245773434,0.03958116731695913,sklearn_digits_hidden_completion,99,1493,0,128,calibrated_clipped,102,-0.21504027628826902
40,near_valid,-0.21589126943456405,0.9943804932851333,1.0,0.5183512322438142,0.0019668273502033507,0.028826503505169805,0.2818360046473837,0.06048525745600808,sklearn_digits_hidden_completion,99,1493,0,128,oracle_true_score,40,0.9943804932851333
0,near_valid,-0.28239663086375666,0.9880287902662982,1.0,0.5831478689167452,0.004189923406795635,0.10960391105058437,0.19103134426883686,0.13988124632912569,sklearn_digits_hidden_completion,100,1508,1,1,min_energy,0,-0.28239663086375666
0,near_valid,-0.28239663086375666,0.9880287902662982,1.0,0.5831478689167452,0.004189923406795635,0.10960391105058437,0.19103134426883686,0.13988124632912569,sklearn_digits_hidden_completion,100,1508,1,1,random_selector,0,0.0
0,near_valid,-0.28239663086375666,0.9880287902662982,1.0,0.5831478689167452,0.004189923406795635,0.10960391105058437,0.19103134426883686,0.13988124632912569,sklearn_digits_hidden_completion,100,1508,1,1,calibrated_clipped,0,-0.28239663086375666
0,near_valid,-0.28239663086375666,0.9880287902662982,1.0,0.5831478689167452,0.004189923406795635,0.10960391105058437,0.19103134426883686,0.13988124632912569,sklearn_digits_hidden_completion,100,1508,1,1,oracle_true_score,0,0.9880287902662982
2,near_valid,-0.2847786076533657,0.9684052292828969,1.0,0.587620785374124,0.011058169750986092,0.1302711326393961,0.18860444223721723,0.1307515580943927,sklearn_digits_hidden_completion,100,1508,1,4,min_energy,2,-0.2847786076533657
0,near_valid,-0.28239663086375666,0.9880287902662982,1.0,0.5831478689167452,0.004189923406795635,0.10960391105058437,0.19103134426883686,0.13988124632912569,sklearn_digits_hidden_completion,100,1508,1,4,random_selector,0,0.0
0,near_valid,-0.28239663086375666,0.9880287902662982,1.0,0.5831478689167452,0.004189923406795635,0.10960391105058437,0.19103134426883686,0.13988124632912569,sklearn_digits_hidden_completion,100,1508,1,4,calibrated_clipped,0,-0.28239663086375666
0,near_valid,-0.28239663086375666,0.9880287902662982,1.0,0.5831478689167452,0.004189923406795635,0.10960391105058437,0.19103134426883686,0.13988124632912569,sklearn_digits_hidden_completion,100,1508,1,4,oracle_true_score,0,0.9880287902662982
6,shortcut,-0.38590188846301926,0.5419164890078094,0.0,0.7143655423712112,0.1603292288472667,0.17510876528113403,0.08713577488852042,0.33462919535238067,sklearn_digits_hidden_completion,100,1508,1,16,min_energy,6,-0.38590188846301926
11,random_digit,-0.22460344813082406,0.2557198660714285,0.0,0.5546875,0.260498046875,0.07555046767921296,0.22395833333333331,0.265625,sklearn_digits_hidden_completion,100,1508,1,16,random_selector,11,11.0
12,near_valid,-0.30613052595137846,0.9699637632513034,1.0,0.5913235343058006,0.010512682862043828,0.09814174007318864,0.17492973287964253,0.10761211839765474,sklearn_digits_hidden_completion,100,1508,1,16,calibrated_clipped,12,-0.30165057889315794
7,near_valid,-0.29717928492225265,0.9936744384138649,1.0,0.5937866871064374,0.002213946555147287,0.11409049108103185,0.17837193849076616,0.13619033010723824,sklearn_digits_hidden_completion,100,1508,1,16,oracle_true_score,7,0.9936744384138649
19,shortcut,-0.6712107073273106,0.6575863996786846,0.0,1.0,0.1198447601124604,0.1307848783264304,0.0,0.2631615850370166,sklearn_digits_hidden_completion,100,1508,1,64,min_energy,19,-0.6712107073273106
45,near_valid,-0.2967298935161737,0.9858507799249137,1.0,0.5919149637086081,0.0049522270262802376,0.10700657480808021,0.18260786962870537,0.12685343003939178,sklearn_digits_hidden_completion,100,1508,1,64,random_selector,45,45.0
57,near_valid,-0.3155583291267951,0.97140503943933,1.0,0.5990237989338115,0.010008236196234511,0.10540936849384623,0.16970820803816644,0.09644065976901389,sklearn_digits_hidden_completion,100,1508,1,64,calibrated_clipped,57,-0.3088942341928486
35,near_valid,-0.31739698080359985,0.9961987307049451,1.0,0.6065504031413766,0.001330444253269206,0.1190945397190226,0.16523623897103407,0.11408491087279679,sklearn_digits_hidden_completion,100,1508,1,64,oracle_true_score,35,0.9961987307049451
19,shortcut,-0.6712107073273106,0.6575863996786846,0.0,1.0,0.1198447601124604,0.1307848783264304,0.0,0.2631615850370166,sklearn_digits_hidden_completion,100,1508,1,128,min_energy,19,-0.6712107073273106
56,random_digit,-0.22293077184877275,0.4782366071428571,0.0,0.5497767857142857,0.1826171875,0.0692189086132789,0.22544642857142858,0.2578125,sklearn_digits_hidden_completion,100,1508,1,128,random_selector,56,56.0
57,near_valid,-0.3155583291267951,0.97140503943933,1.0,0.5990237989338115,0.010008236196234511,0.10540936849384623,0.16970820803816644,0.09644065976901389,sklearn_digits_hidden_completion,100,1508,1,128,calibrated_clipped,57,-0.3078767172508831
35,near_valid,-0.31739698080359985,0.9961987307049451,1.0,0.6065504031413766,0.001330444253269206,0.1190945397190226,0.16523623897103407,0.11408491087279679,sklearn_digits_hidden_completion,100,1508,1,128,oracle_true_score,35,0.9961987307049451
0,near_valid,-0.2566133019565192,0.9972246199587996,1.0,0.570889294779396,0.0009713830144201382,0.04834140622430293,0.20318471228054225,0.2506689806443447,sklearn_digits_hidden_completion,101,1523,7,1,min_energy,0,-0.2566133019565192
0,near_valid,-0.2566133019565192,0.9972246199587996,1.0,0.570889294779396,0.0009713830144201382,0.04834140622430293,0.20318471228054225,0.2506689806443447,sklearn_digits_hidden_completion,101,1523,7,1,random_selector,0,0.0
0,near_valid,-0.2566133019565192,0.9972246199587996,1.0,0.570889294779396,0.0009713830144201382,0.04834140622430293,0.20318471228054225,0.2506689806443447,sklearn_digits_hidden_completion,101,1523,7,1,calibrated_clipped,0,-0.2566133019565192
0,near_valid,-0.2566133019565192,0.9972246199587996,1.0,0.570889294779396,0.0009713830144201382,0.04834140622430293,0.20318471228054225,0.2506689806443447,sklearn_digits_hidden_completion,101,1523,7,1,oracle_true_score,0,0.9972246199587996
1,shortcut,-0.6672733623239903,0.5110414697947151,0.0,1.0,0.1711354855718497,0.12457068838004863,0.0,0.2890625,sklearn_digits_hidden_completion,101,1523,7,4,min_energy,1,-0.6672733623239903
1,shortcut,-0.6672733623239903,0.5110414697947151,0.0,1.0,0.1711354855718497,0.12457068838004863,0.0,0.2890625,sklearn_digits_hidden_completion,101,1523,7,4,random_selector,1,1.0
0,near_valid,-0.2566133019565192,0.9972246199587996,1.0,0.570889294779396,0.0009713830144201382,0.04834140622430293,0.20318471228054225,0.2506689806443447,sklearn_digits_hidden_completion,101,1523,7,4,calibrated_clipped,0,-0.25491449024042456
0,near_valid,-0.2566133019565192,0.9972246199587996,1.0,0.570889294779396,0.0009713830144201382,0.04834140622430293,0.20318471228054225,0.2506689806443447,sklearn_digits_hidden_completion,101,1523,7,4,oracle_true_score,0,0.9972246199587996
1,shortcut,-0.6672733623239903,0.5110414697947151,0.0,1.0,0.1711354855718497,0.12457068838004863,0.0,0.2890625,sklearn_digits_hidden_completion,101,1523,7,16,min_energy,1,-0.6672733623239903
1,shortcut,-0.6672733623239903,0.5110414697947151,0.0,1.0,0.1711354855718497,0.12457068838004863,0.0,0.2890625,sklearn_digits_hidden_completion,101,1523,7,16,random_selector,1,1.0
8,class_neighbor,-0.2971575576904727,0.8338444484848155,1.0,0.5905800911702268,0.05815444303031457,0.05332186848443983,0.17298437578030715,0.19985865155570234,sklearn_digits_hidden_completion,101,1523,7,16,calibrated_clipped,8,-0.27419675525106046
0,near_valid,-0.2566133019565192,0.9972246199587996,1.0,0.570889294779396,0.0009713830144201382,0.04834140622430293,0.20318471228054225,0.2506689806443447,sklearn_digits_hidden_completion,101,1523,7,16,oracle_true_score,0,0.9972246199587996
1,shortcut,-0.6672733623239903,0.5110414697947151,0.0,1.0,0.1711354855718497,0.12457068838004863,0.0,0.2890625,sklearn_digits_hidden_completion,101,1523,7,64,min_energy,1,-0.6672733623239903
33,near_valid,-0.2343999839250529,0.9751139794128061,1.0,0.5595614171689524,0.008710107205517875,0.05141163593803898,0.21896746827299107,0.2727832210695424,sklearn_digits_hidden_completion,101,1523,7,64,random_selector,33,33.0
51,near_valid,-0.26508079916687477,0.9855125204220794,1.0,0.573474396649623,0.005070617852272222,0.04731071131895551,0.20355438053937022,0.21803973379948866,sklearn_digits_hidden_completion,101,1523,7,64,calibrated_clipped,51,-0.25514944017975444
0,near_valid,-0.2566133019565192,0.9972246199587996,1.0,0.570889294779396,0.0009713830144201382,0.04834140622430293,0.20318471228054225,0.2506689806443447,sklearn_digits_hidden_completion,101,1523,7,64,oracle_true_score,0,0.9972246199587996
78,shortcut,-0.6683978870207967,0.528032061701855,0.0,1.0,0.16518877840435076,0.11894806489601628,0.0,0.2890625,sklearn_digits_hidden_completion,101,1523,7,128,min_energy,78,-0.6683978870207967
82,near_valid,-0.21145597336194952,0.9561956976476441,1.0,0.5412931524076356,0.015331505823324544,0.05445355780326166,0.2387164291012146,0.2616457168872842,sklearn_digits_hidden_completion,101,1523,7,128,random_selector,82,82.0
54,class_neighbor,-0.2972535616242385,0.8225763203538345,1.0,0.5829347062200375,0.062098287876157926,0.07107385329567405,0.18320323244249248,0.12485459769141989,sklearn_digits_hidden_completion,101,1523,7,128,calibrated_clipped,54,-0.26688861422190824
0,near_valid,-0.2566133019565192,0.9972246199587996,1.0,0.570889294779396,0.0009713830144201382,0.04834140622430293,0.20318471228054225,0.2506689806443447,sklearn_digits_hidden_completion,101,1523,7,128,oracle_true_score,0,0.9972246199587996
0,near_valid,-0.210695790616939,0.9930060820649336,1.0,0.5378429519231696,0.0024478712772732568,0.06440948995227094,0.2590701731518237,0.1865796505074047,sklearn_digits_hidden_completion,102,1538,8,1,min_energy,0,-0.210695790616939
0,near_valid,-0.210695790616939,0.9930060820649336,1.0,0.5378429519231696,0.0024478712772732568,0.06440948995227094,0.2590701731518237,0.1865796505074047,sklearn_digits_hidden_completion,102,1538,8,1,random_selector,0,0.0
0,near_valid,-0.210695790616939,0.9930060820649336,1.0,0.5378429519231696,0.0024478712772732568,0.06440948995227094,0.2590701731518237,0.1865796505074047,sklearn_digits_hidden_completion,102,1538,8,1,calibrated_clipped,0,-0.210695790616939
0,near_valid,-0.210695790616939,0.9930060820649336,1.0,0.5378429519231696,0.0024478712772732568,0.06440948995227094,0.2590701731518237,0.1865796505074047,sklearn_digits_hidden_completion,102,1538,8,1,oracle_true_score,0,0.9930060820649336
2,near_valid,-0.23581111589034057,0.9898093224256763,1.0,0.5547418698695347,0.003566737151013279,0.05717885734487364,0.2369617757231352,0.19240269197555687,sklearn_digits_hidden_completion,102,1538,8,4,min_energy,2,-0.23581111589034057
3,near_valid,-0.19445542060971116,0.967667943131536,1.0,0.534665368004439,0.011316219903962374,0.06929713690866969,0.2648823756381558,0.23499435705449226,sklearn_digits_hidden_completion,102,1538,8,4,random_selector,3,3.0
1,near_valid,-0.2229063286092106,0.9855367937784253,1.0,0.5432443366673779,0.00506212217755116,0.06548942780311987,0.24806899246792924,0.17495546236668869,sklearn_digits_hidden_completion,102,1538,8,4,calibrated_clipped,1,-0.22047570547431689
0,near_valid,-0.210695790616939,0.9930060820649336,1.0,0.5378429519231696,0.0024478712772732568,0.06440948995227094,0.2590701731518237,0.1865796505074047,sklearn_digits_hidden_completion,102,1538,8,4,oracle_true_score,0,0.9930060820649336
14,shortcut,-0.2889568126581217,0.21001237331350542,0.0,0.6454852167320468,0.2764956693402731,0.22188472017252547,0.10902956653590636,0.45406947130829917,sklearn_digits_hidden_completion,102,1538,8,16,min_energy,14,-0.2889568126581217
13,class_neighbor,-0.27781904828344267,0.8846458906877117,1.0,0.5732339433245124,0.04037393825930088,0.021458172868029743,0.20099327717214172,0.18634236095828852,sklearn_digits_hidden_completion,102,1538,8,16,random_selector,13,13.0
8,class_neighbor,-0.2367653282212216,0.7421200620645603,0.0,0.5434865083212175,0.09025797827740392,0.016989807707214324,0.23766553940676086,0.18367772402265084,sklearn_digits_hidden_completion,102,1538,8,16,calibrated_clipped,8,-0.2367653282212216
0,near_valid,-0.210695790616939,0.9930060820649336,1.0,0.5378429519231696,0.0024478712772732568,0.06440948995227094,0.2590701731518237,0.1865796505074047,sklearn_digits_hidden_completion,102,1538,8,16,oracle_true_score,0,0.9930060820649336
21,shortcut,-0.652334964544687,0.4868266609474413,0.0,1.0,0.17961066866839553,0.13734196430373782,0.0,0.350983212972827,sklearn_digits_hidden_completion,102,1538,8,64,min_energy,21,-0.652334964544687
63,random_digit,-0.2366464877986733,0.6718052455357142,0.0,0.5552455357142857,0.1148681640625,0.03872626636377618,0.23325892857142858,0.21875,sklearn_digits_hidden_completion,102,1538,8,64,random_selector,63,63.0
62,random_digit,-0.2548170045910584,0.7335379464285714,0.0,0.5560267857142858,0.09326171875,0.02697524490185089,0.22544642857142858,0.1640625,sklearn_digits_hidden_completion,102,1538,8,64,calibrated_clipped,62,-0.25055265118483416
0,near_valid,-0.210695790616939,0.9930060820649336,1.0,0.5378429519231696,0.0024478712772732568,0.06440948995227094,0.2590701731518237,0.1865796505074047,sklearn_digits_hidden_completion,102,1538,8,64,oracle_true_score,0,0.9930060820649336
21,shortcut,-0.652334964544687,0.4868266609474413,0.0,1.0,0.17961066866839553,0.13734196430373782,0.0,0.350983212972827,sklearn_digits_hidden_completion,102,1538,8,128,min_energy,21,-0.652334964544687
5,near_valid,-0.23124511128344044,0.9895064890648619,1.0,0.5534456707273911,0.0036727288272983202,0.06007947101001103,0.23495312161964815,0.21299515334647098,sklearn_digits_hidden_completion,102,1538,8,128,random_selector,5,5.0
101,class_neighbor,-0.250355625642839,0.6809371476277658,0.0,0.5396178531674641,0.11167199833028196,0.0333263918379822,0.24729329699741429,0.058405862582924045,sklearn_digits_hidden_completion,102,1538,8,128,calibrated_clipped,101,-0.250355625642839
78,class_neighbor,-0.24816448182218268,0.9971264193875271,1.0,0.5603323613715142,0.0010057532143655005,0.05636010738082506,0.22846785437334094,0.17577723912475204,sklearn_digits_hidden_completion,102,1538,8,128,oracle_true_score,78,0.9971264193875271
0,near_valid,-0.271817213725148,0.9553838537636135,1.0,0.5767742383649371,0.01561565118273529,0.06853402787279325,0.19780689271069912,0.19131434241555867,sklearn_digits_hidden_completion,103,1553,8,1,min_energy,0,-0.271817213725148
0,near_valid,-0.271817213725148,0.9553838537636135,1.0,0.5767742383649371,0.01561565118273529,0.06853402787279325,0.19780689271069912,0.19131434241555867,sklearn_digits_hidden_completion,103,1553,8,1,random_selector,0,0.0
0,near_valid,-0.271817213725148,0.9553838537636135,1.0,0.5767742383649371,0.01561565118273529,0.06853402787279325,0.19780689271069912,0.19131434241555867,sklearn_digits_hidden_completion,103,1553,8,1,calibrated_clipped,0,-0.271817213725148
0,near_valid,-0.271817213725148,0.9553838537636135,1.0,0.5767742383649371,0.01561565118273529,0.06853402787279325,0.19780689271069912,0.19131434241555867,sklearn_digits_hidden_completion,103,1553,8,1,oracle_true_score,0,0.9553838537636135
0,near_valid,-0.271817213725148,0.9553838537636135,1.0,0.5767742383649371,0.01561565118273529,0.06853402787279325,0.19780689271069912,0.19131434241555867,sklearn_digits_hidden_completion,103,1553,8,4,min_energy,0,-0.271817213725148
2,near_valid,-0.251131315674451,0.9731245247209914,1.0,0.5602130262003797,0.009406416347653006,0.06558618506689577,0.2128511130804941,0.19421552384091406,sklearn_digits_hidden_completion,103,1553,8,4,random_selector,2,2.0
0,near_valid,-0.271817213725148,0.9553838537636135,1.0,0.5767742383649371,0.01561565118273529,0.06853402787279325,0.19780689271069912,0.19131434241555867,sklearn_digits_hidden_completion,103,1553,8,4,calibrated_clipped,0,-0.2588947870874228
1,near_valid,-0.26489055044785814,0.9818809491557425,1.0,0.5738544979264917,0.006341667795490096,0.0654608799913836,0.19696748558262056,0.22038014964146307,sklearn_digits_hidden_completion,103,1553,8,4,oracle_true_score,1,0.9818809491557425
9,shortcut,-0.4796745096532744,0.8783686048995216,1.0,0.7510121785095863,0.04257098828516744,0.026442755271812994,0.05297613223200289,0.24579600223475567,sklearn_digits_hidden_completion,103,1553,8,16,min_energy,9,-0.4796745096532744
12,near_valid,-0.2470294274817046,0.9471014598472796,1.0,0.5479805002507214,0.018514489053452148,0.06417015226582767,0.22717633654203467,0.13087466077525936,sklearn_digits_hidden_completion,103,1553,8,16,random_selector,12,12.0
7,near_valid,-0.2740358885451308,0.981663809451803,1.0,0.5640573960700694,0.006417666691868966,0.07186639836498103,0.20709598825561304,0.10365542646918957,sklearn_digits_hidden_completion,103,1553,8,16,calibrated_clipped,7,-0.2696463885150962
14,near_valid,-0.28203677930228477,0.9836515716506434,1.0,0.5733768194546421,0.0057219499222748,0.06090516663962686,0.19099889330632314,0.1538270532114689,sklearn_digits_hidden_completion,103,1553,8,16,oracle_true_score,14,0.9836515716506434
9,shortcut,-0.4796745096532744,0.8783686048995216,1.0,0.7510121785095863,0.04257098828516744,0.026442755271812994,0.05297613223200289,0.24579600223475567,sklearn_digits_hidden_completion,103,1553,8,64,min_energy,9,-0.4796745096532744
50,near_valid,-0.22405482486018596,0.9523651138126747,1.0,0.5405702752310267,0.016672210165563837,0.07094178628539004,0.23902869152993156,0.17859371982271877,sklearn_digits_hidden_completion,103,1553,8,64,random_selector,50,50.0
7,near_valid,-0.2740358885451308,0.981663809451803,1.0,0.5640573960700694,0.006417666691868966,0.07186639836498103,0.20709598825561304,0.10365542646918957,sklearn_digits_hidden_completion,103,1553,8,64,calibrated_clipped,7,-0.2698675317627587
34,near_valid,-0.3061594444421049,0.9931125360289708,1.0,0.5869332240275861,0.0024106123898602217,0.05477798666333722,0.178374558302362,0.12489434589809056,sklearn_digits_hidden_completion,103,1553,8,64,oracle_true_score,34,0.9931125360289708
126,shortcut,-0.65260360139202,0.735117218144892,0.0,1.0,0.09270897364928779,0.16666949303990022,0.0,0.32031250000000006,sklearn_digits_hidden_completion,103,1553,8,128,min_energy,126,-0.65260360139202
84,near_valid,-0.28468674494235824,0.9784290955202979,1.0,0.5768859414056127,0.007549816567895749,0.05851332804475172,0.1871481964337073,0.1667176873218095,sklearn_digits_hidden_completion,103,1553,8,128,random_selector,84,84.0
66,near_valid,-0.28153640446119566,0.9726894846120467,1.0,0.5683740672005275,0.009558680385783643,0.06253900566014484,0.20740099558493696,0.09082898617727841,sklearn_digits_hidden_completion,103,1553,8,128,calibrated_clipped,66,-0.2775783623908235
34,near_valid,-0.3061594444421049,0.9931125360289708,1.0,0.5869332240275861,0.0024106123898602217,0.05477798666333722,0.178374558302362,0.12489434589809056,sklearn_digits_hidden_completion,103,1553,8,128,oracle_true_score,34,0.9931125360289708
0,random_digit,-0.3014277656849075,0.7569056919642857,0.0,0.6049107142857143,0.0850830078125,0.08047277871831979,0.16517857142857142,0.2265625,sklearn_digits_hidden_completion,104,1568,5,1,min_energy,0,-0.3014277656849075
0,random_digit,-0.3014277656849075,0.7569056919642857,0.0,0.6049107142857143,0.0850830078125,0.08047277871831979,0.16517857142857142,0.2265625,sklearn_digits_hidden_completion,104,1568,5,1,random_selector,0,0.0
0,random_digit,-0.3014277656849075,0.7569056919642857,0.0,0.6049107142857143,0.0850830078125,0.08047277871831979,0.16517857142857142,0.2265625,sklearn_digits_hidden_completion,104,1568,5,1,calibrated_clipped,0,-0.3014277656849075
0,random_digit,-0.3014277656849075,0.7569056919642857,0.0,0.6049107142857143,0.0850830078125,0.08047277871831979,0.16517857142857142,0.2265625,sklearn_digits_hidden_completion,104,1568,5,1,oracle_true_score,0,0.7569056919642857
0,random_digit,-0.3014277656849075,0.7569056919642857,0.0,0.6049107142857143,0.0850830078125,0.08047277871831979,0.16517857142857142,0.2265625,sklearn_digits_hidden_completion,104,1568,5,4,min_energy,0,-0.3014277656849075
1,class_neighbor,-0.13633802794665856,0.6223534536571731,0.0,0.5074749171101169,0.1321762912199894,0.05022645670554139,0.2726559132504024,0.4213105812854978,sklearn_digits_hidden_completion,104,1568,5,4,random_selector,1,1.0
3,near_valid,-0.2276263151931598,0.9924335957440601,1.0,0.5504169488914027,0.0026482414895789537,0.031186125457806673,0.2290745320624824,0.264790893747328,sklearn_digits_hidden_completion,104,1568,5,4,calibrated_clipped,3,-0.22299397044333624
3,near_valid,-0.2276263151931598,0.9924335957440601,1.0,0.5504169488914027,0.0026482414895789537,0.031186125457806673,0.2290745320624824,0.264790893747328,sklearn_digits_hidden_completion,104,1568,5,4,oracle_true_score,3,0.9924335957440601
13,shortcut,-0.6441447089000363,0.5876677083159453,0.0,1.0,0.14431630208941915,0.09385290537881312,0.0,0.4354235501210053,sklearn_digits_hidden_completion,104,1568,5,16,min_energy,13,-0.6441447089000363
13,shortcut,-0.6441447089000363,0.5876677083159453,0.0,1.0,0.14431630208941915,0.09385290537881312,0.0,0.4354235501210053,sklearn_digits_hidden_completion,104,1568,5,16,random_selector,13,13.0
10,near_valid,-0.24402756189259028,0.9893683084346396,1.0,0.5542094994931082,0.0037210920478761185,0.0266424288505374,0.2229535284063914,0.21838318166809045,sklearn_digits_hidden_completion,104,1568,5,16,calibrated_clipped,10,-0.24021023392891094
9,near_valid,-0.24597125723865626,0.9926614174582225,1.0,0.5590160241172399,0.002568503889622154,0.02633710920232774,0.21509532154302344,0.24860456080072613,sklearn_digits_hidden_completion,104,1568,5,16,oracle_true_score,9,0.9926614174582225
13,shortcut,-0.6441447089000363,0.5876677083159453,0.0,1.0,0.14431630208941915,0.09385290537881312,0.0,0.4354235501210053,sklearn_digits_hidden_completion,104,1568,5,64,min_energy,13,-0.6441447089000363
33,near_valid,-0.24032923815307478,0.975928123316185,1.0,0.5574476133415338,0.00842515683933528,0.038148416097521204,0.2179810530412366,0.2511860473044559,sklearn_digits_hidden_completion,104,1568,5,64,random_selector,33,33.0
22,near_valid,-0.2732379581871522,0.9732651186681985,1.0,0.5703320433321853,0.009357208466130511,0.021334786497075535,0.1961628873643395,0.21177264481092464,sklearn_digits_hidden_completion,104,1568,5,64,calibrated_clipped,22,-0.24732480414375468
9,near_valid,-0.24597125723865626,0.9926614174582225,1.0,0.5590160241172399,0.002568503889622154,0.02633710920232774,0.21509532154302344,0.24860456080072613,sklearn_digits_hidden_completion,104,1568,5,64,oracle_true_score,9,0.9926614174582225
13,shortcut,-0.6441447089000363,0.5876677083159453,0.0,1.0,0.14431630208941915,0.09385290537881312,0.0,0.4354235501210053,sklearn_digits_hidden_completion,104,1568,5,128,min_energy,13,-0.6441447089000363
27,near_valid,-0.20036141438638008,0.9664963654442398,1.0,0.5341626089278075,0.01172627209451607,0.03556068154504834,0.2514864269874668,0.27415435578679564,sklearn_digits_hidden_completion,104,1568,5,128,random_selector,27,27.0
22,near_valid,-0.2732379581871522,0.9732651186681985,1.0,0.5703320433321853,0.009357208466130511,0.021334786497075535,0.1961628873643395,0.21177264481092464,sklearn_digits_hidden_completion,104,1568,5,128,calibrated_clipped,22,-0.2532907635183038
93,near_valid,-0.25429669706195257,0.9966194123229934,1.0,0.5656795609898255,0.0011832056869522953,0.02940258759935018,0.21067081240769225,0.24106754668157868,sklearn_digits_hidden_completion,104,1568,5,128,oracle_true_score,93,0.9966194123229934
0,near_valid,-0.18652844313155367,0.9675320972020127,1.0,0.5143929859138268,0.011363765979295557,0.04785866989859491,0.27614035650833435,0.18908683122256761,sklearn_digits_hidden_completion,105,1583,8,1,min_energy,0,-0.18652844313155367
0,near_valid,-0.18652844313155367,0.9675320972020127,1.0,0.5143929859138268,0.011363765979295557,0.04785866989859491,0.27614035650833435,0.18908683122256761,sklearn_digits_hidden_completion,105,1583,8,1,random_selector,0,0.0
0,near_valid,-0.18652844313155367,0.9675320972020127,1.0,0.5143929859138268,0.011363765979295557,0.04785866989859491,0.27614035650833435,0.18908683122256761,sklearn_digits_hidden_completion,105,1583,8,1,calibrated_clipped,0,-0.18652844313155367
0,near_valid,-0.18652844313155367,0.9675320972020127,1.0,0.5143929859138268,0.011363765979295557,0.04785866989859491,0.27614035650833435,0.18908683122256761,sklearn_digits_hidden_completion,105,1583,8,1,oracle_true_score,0,0.9675320972020127
1,shortcut,-0.42488168244268176,0.8573024274759253,1.0,0.6638817918696098,0.049944150383426145,0.016962035588485393,0.07223641626078034,0.1495361269919966,sklearn_digits_hidden_completion,105,1583,8,4,min_energy,1,-0.42488168244268176
3,random_digit,-0.17012794914668233,0.6400669642857142,0.0,0.5046316964285714,0.1259765625,0.09246386289754054,0.28552827380952384,0.1640625,sklearn_digits_hidden_completion,105,1583,8,4,random_selector,3,3.0
2,near_valid,-0.19115240977411652,0.9788057831491005,1.0,0.5172713204713042,0.007417975897814837,0.045090708668847124,0.2719286928013251,0.19111078902431694,sklearn_digits_hidden_completion,105,1583,8,4,calibrated_clipped,2,-0.18985715922325166
2,near_valid,-0.19115240977411652,0.9788057831491005,1.0,0.5172713204713042,0.007417975897814837,0.045090708668847124,0.2719286928013251,0.19111078902431694,sklearn_digits_hidden_completion,105,1583,8,4,oracle_true_score,2,0.9788057831491005
15,shortcut,-0.6378464708162451,0.5661126246499447,0.0,1.0,0.15186058137251934,0.16233014591877454,0.0,0.3984375,sklearn_digits_hidden_completion,105,1583,8,16,min_energy,15,-0.6378464708162451
0,near_valid,-0.18652844313155367,0.9675320972020127,1.0,0.5143929859138268,0.011363765979295557,0.04785866989859491,0.27614035650833435,0.18908683122256761,sklearn_digits_hidden_completion,105,1583,8,16,random_selector,0,0.0
8,class_neighbor,-0.3071325770998198,0.6143576023801346,0.0,0.5871643934023903,0.13497483916695288,0.03720166788299873,0.18455238469614732,0.12148286396246129,sklearn_digits_hidden_completion,105,1583,8,16,calibrated_clipped,8,-0.26307088630610714
5,near_valid,-0.22065288792458723,0.9855276781773766,1.0,0.535404089577511,0.005065312637918186,0.04739673032739534,0.25251873474119557,0.16267764542704674,sklearn_digits_hidden_completion,105,1583,8,16,oracle_true_score,5,0.9855276781773766
39,shortcut,-0.6442426838294717,0.6378101400461541,0.0,1.0,0.12676645098384606,0.13034908085264174,0.0,0.3984375,sklearn_digits_hidden_completion,105,1583,8,64,min_energy,39,-0.6442426838294717
52,random_digit,-0.32269904257597215,0.6428571428571428,0.0,0.6071986607142856,0.125,0.05491531539394859,0.16164434523809523,0.1640625,sklearn_digits_hidden_completion,105,1583,8,64,random_selector,52,52.0
8,class_neighbor,-0.3071325770998198,0.6143576023801346,0.0,0.5871643934023903,0.13497483916695288,0.03720166788299873,0.18455238469614732,0.12148286396246129,sklearn_digits_hidden_completion,105,1583,8,64,calibrated_clipped,8,-0.25988221996116356
41,near_valid,-0.21433773969610742,0.9922281792953683,1.0,0.5302985434733293,0.0027201372466210704,0.03940888516236141,0.2579654781169727,0.16811688956041154,sklearn_digits_hidden_completion,105,1583,8,64,oracle_true_score,41,0.9922281792953683
39,shortcut,-0.6442426838294717,0.6378101400461541,0.0,1.0,0.12676645098384606,0.13034908085264174,0.0,0.3984375,sklearn_digits_hidden_completion,105,1583,8,128,min_energy,39,-0.6442426838294717
43,near_valid,-0.20765341744855112,0.9827933621023691,1.0,0.5240282998143732,0.006022323264170801,0.03875641695909435,0.26661675009871616,0.15488655733057957,sklearn_digits_hidden_completion,105,1583,8,128,random_selector,43,43.0
45,class_neighbor,-0.26378937542765035,0.8805525109405618,1.0,0.5435095844639957,0.04180662117080338,0.01439657911633737,0.24400541465645276,0.03380259518014961,sklearn_digits_hidden_completion,105,1583,8,128,calibrated_clipped,45,-0.25508694932871007
41,near_valid,-0.21433773969610742,0.9922281792953683,1.0,0.5302985434733293,0.0027201372466210704,0.03940888516236141,0.2579654781169727,0.16811688956041154,sklearn_digits_hidden_completion,105,1583,8,128,oracle_true_score,41,0.9922281792953683
0,shortcut,-0.462684111808935,0.5378534197858742,0.0,0.7908990927254421,0.161751303074944,0.12434303095364527,0.06378841592333455,0.35268986393291774,sklearn_digits_hidden_completion,106,1598,0,1,min_energy,0,-0.462684111808935
0,shortcut,-0.462684111808935,0.5378534197858742,0.0,0.7908990927254421,0.161751303074944,0.12434303095364527,0.06378841592333455,0.35268986393291774,sklearn_digits_hidden_completion,106,1598,0,1,random_selector,0,0.0
0,shortcut,-0.462684111808935,0.5378534197858742,0.0,0.7908990927254421,0.161751303074944,0.12434303095364527,0.06378841592333455,0.35268986393291774,sklearn_digits_hidden_completion,106,1598,0,1,calibrated_clipped,0,-0.462684111808935
0,shortcut,-0.462684111808935,0.5378534197858742,0.0,0.7908990927254421,0.161751303074944,0.12434303095364527,0.06378841592333455,0.35268986393291774,sklearn_digits_hidden_completion,106,1598,0,1,oracle_true_score,0,0.5378534197858742
0,shortcut,-0.462684111808935,0.5378534197858742,0.0,0.7908990927254421,0.161751303074944,0.12434303095364527,0.06378841592333455,0.35268986393291774,sklearn_digits_hidden_completion,106,1598,0,4,min_energy,0,-0.462684111808935
2,near_valid,-0.16505778771923735,0.9486946553963117,1.0,0.4940612377053392,0.017956870611290907,0.04515826214390871,0.32051341076917533,0.10087056103969434,sklearn_digits_hidden_completion,106,1598,0,4,random_selector,2,2.0
1,class_neighbor,-0.1967590591622619,0.915393878862952,1.0,0.5217283562319377,0.02961214239796682,0.01806007201182115,0.27706808666409855,0.1926887297203646,sklearn_digits_hidden_completion,106,1598,0,4,calibrated_clipped,1,-0.1967590591622619
2,near_valid,-0.16505778771923735,0.9486946553963117,1.0,0.4940612377053392,0.017956870611290907,0.04515826214390871,0.32051341076917533,0.10087056103969434,sklearn_digits_hidden_completion,106,1598,0,4,oracle_true_score,2,0.9486946553963117
9,shortcut,-0.6573791083111981,0.4392328881286116,0.0,1.0,0.19626848915498593,0.1549036108599853,0.0,0.3082008475840242,sklearn_digits_hidden_completion,106,1598,0,16,min_energy,9,-0.6573791083111981
5,near_valid,-0.15147884562653177,0.9360935804330452,1.0,0.48719038026139205,0.022367246848434164,0.044260131422843255,0.3219379879140401,0.13998009966110747,sklearn_digits_hidden_completion,106,1598,0,16,random_selector,5,5.0
4,near_valid,-0.21647627387357518,0.9725619417848754,1.0,0.519659763106483,0.009603320375293595,0.03733441218620151,0.280007809331578,0.05898685443339416,sklearn_digits_hidden_completion,106,1598,0,16,calibrated_clipped,4,-0.21647627387357518
14,near_valid,-0.20136004006917765,0.9933882867825807,1.0,0.5120271061230706,0.002314099626096758,0.03570855224677493,0.2915803049166754,0.07574705684799404,sklearn_digits_hidden_completion,106,1598,0,16,oracle_true_score,14,0.9933882867825807
51,shortcut,-0.6585000122860458,0.4508666544473464,0.0,1.0,0.19219667094342874,0.15130144618543312,0.0,0.30619849238433805,sklearn_digits_hidden_completion,106,1598,0,64,min_energy,51,-0.6585000122860458
56,class_neighbor,-0.2030578447695531,0.8290906899047428,1.0,0.5181868660238856,0.05981825853334002,0.022480818348604274,0.28610417420223316,0.11864422633706015,sklearn_digits_hidden_completion,106,1598,0,64,random_selector,56,56.0
54,near_valid,-0.22717731849609785,0.9884630195341964,1.0,0.5287679438622452,0.004037943163031275,0.03394485224672299,0.27061784610300665,0.06884926797293908,sklearn_digits_hidden_completion,106,1598,0,64,calibrated_clipped,54,-0.2190107707853987
14,near_valid,-0.20136004006917765,0.9933882867825807,1.0,0.5120271061230706,0.002314099626096758,0.03570855224677493,0.2915803049166754,0.07574705684799404,sklearn_digits_hidden_completion,106,1598,0,64,oracle_true_score,14,0.9933882867825807
124,shortcut,-0.6601835418780568,0.46814235273701355,0.0,1.0,0.18615017654204524,0.1459815254433125,0.0,0.303100765166403,sklearn_digits_hidden_completion,106,1598,0,128,min_energy,124,-0.6601835418780568
3,random_digit,-0.17633825824273908,0.6477399553571428,0.0,0.5334821428571428,0.123291015625,0.1077060302148758,0.24553571428571427,0.3359375,sklearn_digits_hidden_completion,106,1598,0,128,random_selector,3,3.0
88,class_neighbor,-0.22231601869998896,0.8844413831647279,1.0,0.5245275635405091,0.04044551589234523,0.03490517416835508,0.2729810485512594,0.06979521209264598,sklearn_digits_hidden_completion,106,1598,0,128,calibrated_clipped,88,-0.21693608895165217
14,near_valid,-0.20136004006917765,0.9933882867825807,1.0,0.5120271061230706,0.002314099626096758,0.03570855224677493,0.2915803049166754,0.07574705684799404,sklearn_digits_hidden_completion,106,1598,0,128,oracle_true_score,14,0.9933882867825807
0,near_valid,-0.2296611544883693,0.933849823059317,1.0,0.5409286048430055,0.023152561929239077,0.049117062821642195,0.2333336755886914,0.1893918250288806,sklearn_digits_hidden_completion,107,1614,5,1,min_energy,0,-0.2296611544883693
0,near_valid,-0.2296611544883693,0.933849823059317,1.0,0.5409286048430055,0.023152561929239077,0.049117062821642195,0.2333336755886914,0.1893918250288806,sklearn_digits_hidden_completion,107,1614,5,1,random_selector,0,0.0
0,near_valid,-0.2296611544883693,0.933849823059317,1.0,0.5409286048430055,0.023152561929239077,0.049117062821642195,0.2333336755886914,0.1893918250288806,sklearn_digits_hidden_completion,107,1614,5,1,calibrated_clipped,0,-0.2296611544883693
0,near_valid,-0.2296611544883693,0.933849823059317,1.0,0.5409286048430055,0.023152561929239077,0.049117062821642195,0.2333336755886914,0.1893918250288806,sklearn_digits_hidden_completion,107,1614,5,1,oracle_true_score,0,0.933849823059317
2,near_valid,-0.25113664167570315,0.987604233032965,1.0,0.5667642001626307,0.004338518438462282,0.06570302046129474,0.21215028183159745,0.2205662467331619,sklearn_digits_hidden_completion,107,1614,5,4,min_energy,2,-0.25113664167570315
2,near_valid,-0.25113664167570315,0.987604233032965,1.0,0.5667642001626307,0.004338518438462282,0.06570302046129474,0.21215028183159745,0.2205662467331619,sklearn_digits_hidden_completion,107,1614,5,4,random_selector,2,2.0
0,near_valid,-0.2296611544883693,0.933849823059317,1.0,0.5409286048430055,0.023152561929239077,0.049117062821642195,0.2333336755886914,0.1893918250288806,sklearn_digits_hidden_completion,107,1614,5,4,calibrated_clipped,0,-0.2296611544883693
2,near_valid,-0.25113664167570315,0.987604233032965,1.0,0.5667642001626307,0.004338518438462282,0.06570302046129474,0.21215028183159745,0.2205662467331619,sklearn_digits_hidden_completion,107,1614,5,4,oracle_true_score,2,0.987604233032965
11,shortcut,-0.6589807603394189,0.6194115149956128,0.0,1.0,0.13320596975153554,0.09572119830290551,0.0,0.359375,sklearn_digits_hidden_completion,107,1614,5,16,min_energy,11,-0.6589807603394189
14,near_valid,-0.2733595533585794,0.9766870298081954,1.0,0.5639129549748056,0.0081595395671316,0.0638785425512263,0.2114650744780837,0.10246831699666738,sklearn_digits_hidden_completion,107,1614,5,16,random_selector,14,14.0
7,shortcut,-0.38151854967783966,0.712097368791841,0.0,0.6589283578616768,0.10076592092285563,0.036892965065719485,0.08214328427664634,0.30060159676559295,sklearn_digits_hidden_completion,107,1614,5,16,calibrated_clipped,7,-0.29653420546186293
13,near_valid,-0.26218876288063525,0.9896257479259374,1.0,0.5650896624908219,0.003630988225921907,0.06187293885536807,0.21143312957495988,0.16482837475089818,sklearn_digits_hidden_completion,107,1614,5,16,oracle_true_score,13,0.9896257479259374
18,shortcut,-0.6602193213166847,0.6320559067423019,0.0,1.0,0.1287804326401943,0.08952839341657622,0.0,0.359375,sklearn_digits_hidden_completion,107,1614,5,64,min_energy,18,-0.6602193213166847
6,near_valid,-0.2241774567991067,0.9663542391841594,1.0,0.5499738384581436,0.0117760162855442,0.06144343208832434,0.23245584447599982,0.24081760582518125,sklearn_digits_hidden_completion,107,1614,5,64,random_selector,6,6.0
14,near_valid,-0.2733595533585794,0.9766870298081954,1.0,0.5639129549748056,0.0081595395671316,0.0638785425512263,0.2114650744780837,0.10246831699666738,sklearn_digits_hidden_completion,107,1614,5,64,calibrated_clipped,14,-0.2733595533585794
23,near_valid,-0.278077720761831,0.9974223501320626,1.0,0.5771369380979449,0.0009021774537780905,0.05852759632132605,0.1946386014509277,0.18009116374676057,sklearn_digits_hidden_completion,107,1614,5,64,oracle_true_score,23,0.9974223501320626
18,shortcut,-0.6602193213166847,0.6320559067423019,0.0,1.0,0.1287804326401943,0.08952839341657622,0.0,0.359375,sklearn_digits_hidden_completion,107,1614,5,128,min_energy,18,-0.6602193213166847
93,near_valid,-0.2551567812301656,0.9896350299100543,1.0,0.5674233255917449,0.0036277395314810194,0.06489802965914349,0.20912536405363852,0.21206078401156603,sklearn_digits_hidden_completion,107,1614,5,128,random_selector,93,93.0
16,near_valid,-0.2745257698456854,0.9654076238077504,1.0,0.5675234866424353,0.012107331667287374,0.07060111157951868,0.20789850638375493,0.113262221545861,sklearn_digits_hidden_completion,107,1614,5,128,calibrated_clipped,16,-0.273495339326914
23,near_valid,-0.278077720761831,0.9974223501320626,1.0,0.5771369380979449,0.0009021774537780905,0.05852759632132605,0.1946386014509277,0.18009116374676057,sklearn_digits_hidden_completion,107,1614,5,128,oracle_true_score,23,0.9974223501320626
0,shortcut,-0.673788013312624,0.50721881982646,0.0,1.0,0.17247341306073896,0.12839816068004262,0.0,0.25266177275683793,sklearn_digits_hidden_completion,108,1630,3,1,min_energy,0,-0.673788013312624
0,shortcut,-0.673788013312624,0.50721881982646,0.0,1.0,0.17247341306073896,0.12839816068004262,0.0,0.25266177275683793,sklearn_digits_hidden_completion,108,1630,3,1,random_selector,0,0.0
0,shortcut,-0.673788013312624,0.50721881982646,0.0,1.0,0.17247341306073896,0.12839816068004262,0.0,0.25266177275683793,sklearn_digits_hidden_completion,108,1630,3,1,calibrated_clipped,0,-0.673788013312624
0,shortcut,-0.673788013312624,0.50721881982646,0.0,1.0,0.17247341306073896,0.12839816068004262,0.0,0.25266177275683793,sklearn_digits_hidden_completion,108,1630,3,1,oracle_true_score,0,0.50721881982646
0,shortcut,-0.673788013312624,0.50721881982646,0.0,1.0,0.17247341306073896,0.12839816068004262,0.0,0.25266177275683793,sklearn_digits_hidden_completion,108,1630,3,4,min_energy,0,-0.673788013312624
0,shortcut,-0.673788013312624,0.50721881982646,0.0,1.0,0.17247341306073896,0.12839816068004262,0.0,0.25266177275683793,sklearn_digits_hidden_completion,108,1630,3,4,random_selector,0,0.0
0,shortcut,-0.673788013312624,0.50721881982646,0.0,1.0,0.17247341306073896,0.12839816068004262,0.0,0.25266177275683793,sklearn_digits_hidden_completion,108,1630,3,4,calibrated_clipped,0,-0.4790030555606871
1,near_valid,-0.3002415671096832,0.9906102467238613,1.0,0.5689970789994192,0.0032864136466485222,0.02294382916373485,0.20665096008174055,0.04129724131088468,sklearn_digits_hidden_completion,108,1630,3,4,oracle_true_score,1,0.9906102467238613
0,shortcut,-0.673788013312624,0.50721881982646,0.0,1.0,0.17247341306073896,0.12839816068004262,0.0,0.25266177275683793,sklearn_digits_hidden_completion,108,1630,3,16,min_energy,0,-0.673788013312624
10,shortcut,-0.35047515519052164,0.38192169749888616,0.0,0.6726822513881536,0.21632740587538982,0.15927779158054728,0.09985169820486166,0.3363127051090509,sklearn_digits_hidden_completion,108,1630,3,16,random_selector,10,10.0
13,near_valid,-0.30821344308743204,0.9878837634634554,1.0,0.577230520828847,0.004240682787790619,0.023674683738612735,0.19511597218183102,0.06330363043236784,sklearn_digits_hidden_completion,108,1630,3,16,calibrated_clipped,13,-0.29756518824151457
1,near_valid,-0.3002415671096832,0.9906102467238613,1.0,0.5689970789994192,0.0032864136466485222,0.02294382916373485,0.20665096008174055,0.04129724131088468,sklearn_digits_hidden_completion,108,1630,3,16,oracle_true_score,1,0.9906102467238613
56,shortcut,-0.673796889848503,0.5075870744613631,0.0,1.0,0.1723445239385229,0.12826052072576588,0.0,0.2527550300317194,sklearn_digits_hidden_completion,108,1630,3,64,min_energy,56,-0.673796889848503
5,near_valid,-0.2963338891041075,0.9867336932216614,1.0,0.5665660078033279,0.004643207372418532,0.024189436876764496,0.21046982406954284,0.03997163067393482,sklearn_digits_hidden_completion,108,1630,3,64,random_selector,5,5.0
30,near_valid,-0.3072481181112263,0.9865677172813958,1.0,0.5737854357911734,0.004701298951511473,0.023389173275666544,0.1975983944901748,0.04867003553712114,sklearn_digits_hidden_completion,108,1630,3,64,calibrated_clipped,30,-0.2975797719236859
16,near_valid,-0.2761139968443561,0.9917940234513054,1.0,0.5550162558233894,0.0028720917920431145,0.024590305500495537,0.22880874283949565,0.04692662680682139,sklearn_digits_hidden_completion,108,1630,3,64,oracle_true_score,16,0.9917940234513054
56,shortcut,-0.673796889848503,0.5075870744613631,0.0,1.0,0.1723445239385229,0.12826052072576588,0.0,0.2527550300317194,sklearn_digits_hidden_completion,108,1630,3,128,min_energy,56,-0.673796889848503
16,near_valid,-0.2761139968443561,0.9917940234513054,1.0,0.5550162558233894,0.0028720917920431145,0.024590305500495537,0.22880874283949565,0.04692662680682139,sklearn_digits_hidden_completion,108,1630,3,128,random_selector,16,16.0
75,near_valid,-0.30151297702461655,0.9631303760598656,1.0,0.5700325862983628,0.012904368379047017,0.027918451516668434,0.19929429145876157,0.05407956046751522,sklearn_digits_hidden_completion,108,1630,3,128,calibrated_clipped,75,-0.29257154040762096
93,near_valid,-0.3043533395088961,0.9928434861323098,1.0,0.5745842380684494,0.00250477985369158,0.027756608977516223,0.20137580428169602,0.05138412446002455,sklearn_digits_hidden_completion,108,1630,3,128,oracle_true_score,93,0.9928434861323098
0,near_valid,-0.20008920463891264,0.9789227362202362,1.0,0.5226145990615814,0.00737704232291733,0.05543501650282312,0.270245384089181,0.16074890053829619,sklearn_digits_hidden_completion,109,1645,6,1,min_energy,0,-0.20008920463891264
0,near_valid,-0.20008920463891264,0.9789227362202362,1.0,0.5226145990615814,0.00737704232291733,0.05543501650282312,0.270245384089181,0.16074890053829619,sklearn_digits_hidden_completion,109,1645,6,1,random_selector,0,0.0
0,near_valid,-0.20008920463891264,0.9789227362202362,1.0,0.5226145990615814,0.00737704232291733,0.05543501650282312,0.270245384089181,0.16074890053829619,sklearn_digits_hidden_completion,109,1645,6,1,calibrated_clipped,0,-0.20008920463891264
0,near_valid,-0.20008920463891264,0.9789227362202362,1.0,0.5226145990615814,0.00737704232291733,0.05543501650282312,0.270245384089181,0.16074890053829619,sklearn_digits_hidden_completion,109,1645,6,1,oracle_true_score,0,0.9789227362202362
1,near_valid,-0.2172659161618525,0.9901746749928393,1.0,0.5336163798852936,0.0034388637525062586,0.05887503374638916,0.25712411097576343,0.14876550483084974,sklearn_digits_hidden_completion,109,1645,6,4,min_energy,1,-0.2172659161618525
3,near_valid,-0.20608892124489192,0.9798646956690794,1.0,0.527912556672487,0.007047356515822201,0.06323458944588967,0.26228036119635273,0.16472189856150715,sklearn_digits_hidden_completion,109,1645,6,4,random_selector,3,3.0
3,near_valid,-0.20608892124489192,0.9798646956690794,1.0,0.527912556672487,0.007047356515822201,0.06323458944588967,0.26228036119635273,0.16472189856150715,sklearn_digits_hidden_completion,109,1645,6,4,calibrated_clipped,3,-0.2048671076150727
1,near_valid,-0.2172659161618525,0.9901746749928393,1.0,0.5336163798852936,0.0034388637525062586,0.05887503374638916,0.25712411097576343,0.14876550483084974,sklearn_digits_hidden_completion,109,1645,6,4,oracle_true_score,1,0.9901746749928393
11,shortcut,-0.6538190582855296,0.4025542899479745,0.0,1.0,0.2091059985182089,0.25406241386696904,0.0,0.22684229470538314,sklearn_digits_hidden_completion,109,1645,6,16,min_energy,11,-0.6538190582855296
12,near_valid,-0.17970966394661006,0.9512418860523111,1.0,0.5222298607108924,0.0170653398816911,0.06111817574587433,0.271528560999688,0.25199193943777987,sklearn_digits_hidden_completion,109,1645,6,16,random_selector,12,12.0
14,near_valid,-0.2506430960324738,0.9921398663420374,1.0,0.5540299987671178,0.0027510467802869015,0.04855992022724408,0.2273470087223703,0.15063282100056002,sklearn_digits_hidden_completion,109,1645,6,16,calibrated_clipped,14,-0.22745479077636938
14,near_valid,-0.2506430960324738,0.9921398663420374,1.0,0.5540299987671178,0.0027510467802869015,0.04855992022724408,0.2273470087223703,0.15063282100056002,sklearn_digits_hidden_completion,109,1645,6,16,oracle_true_score,14,0.9921398663420374
46,shortcut,-0.6561902846365315,0.44071594417528015,0.0,1.0,0.19574941953865194,0.23577119116447579,0.0,0.23327738565286638,sklearn_digits_hidden_completion,109,1645,6,64,min_energy,46,-0.6561902846365315
13,near_valid,-0.16368313780506996,0.9577809862808326,1.0,0.4965802760616165,0.014776654801708582,0.049133189485696296,0.3029911513144994,0.1614014906051423,sklearn_digits_hidden_completion,109,1645,6,64,random_selector,13,13.0
32,near_valid,-0.24079576277824805,0.9770437823736281,1.0,0.5447329641198504,0.008034676169230166,0.0582663336739639,0.2397361975576342,0.12122892460074067,sklearn_digits_hidden_completion,109,1645,6,64,calibrated_clipped,32,-0.22911247426748357
16,near_valid,-0.2285850110961148,0.9938300908017645,1.0,0.5392980132429069,0.0021594682193824223,0.05248364819587748,0.24985692695987619,0.1398522968447901,sklearn_digits_hidden_completion,109,1645,6,64,oracle_true_score,16,0.9938300908017645
116,shortcut,-0.6601822590597287,0.5064302655818543,0.0,1.0,0.17274940704635097,0.20277281992992863,0.0,0.24631588477142774,sklearn_digits_hidden_completion,109,1645,6,128,min_energy,116,-0.6601822590597287
88,class_neighbor,-0.13733736101483757,0.7104427020065222,0.0,0.49633597237483984,0.10134505429771724,0.0265597863945057,0.3154696377180558,0.28047180121230225,sklearn_digits_hidden_completion,109,1645,6,128,random_selector,88,88.0
121,near_valid,-0.2442843191204748,0.9596890291379252,1.0,0.5435532052636114,0.014108839801726168,0.040529343967051185,0.24470593197391707,0.10343226724084556,sklearn_digits_hidden_completion,109,1645,6,128,calibrated_clipped,121,-0.2359854165786501
71,near_valid,-0.21639800755010558,0.994220388688746,1.0,0.533596777828772,0.002022863958938908,0.04667811503484127,0.25728607708770873,0.1647830520813269,sklearn_digits_hidden_completion,109,1645,6,128,oracle_true_score,71,0.994220388688746
0,shortcut,-0.6248523775399837,0.659583206500743,0.0,1.0,0.11914587772473995,0.1895835744614116,0.0,0.4361545378386696,sklearn_digits_hidden_completion,110,1660,4,1,min_energy,0,-0.6248523775399837
0,shortcut,-0.6248523775399837,0.659583206500743,0.0,1.0,0.11914587772473995,0.1895835744614116,0.0,0.4361545378386696,sklearn_digits_hidden_completion,110,1660,4,1,random_selector,0,0.0
0,shortcut,-0.6248523775399837,0.659583206500743,0.0,1.0,0.11914587772473995,0.1895835744614116,0.0,0.4361545378386696,sklearn_digits_hidden_completion,110,1660,4,1,calibrated_clipped,0,-0.6248523775399837
0,shortcut,-0.6248523775399837,0.659583206500743,0.0,1.0,0.11914587772473995,0.1895835744614116,0.0,0.4361545378386696,sklearn_digits_hidden_completion,110,1660,4,1,oracle_true_score,0,0.659583206500743
2,shortcut,-0.6303033233626699,0.680913406577615,0.0,1.0,0.11168030769783473,0.1713411750719277,0.0,0.42714220811472275,sklearn_digits_hidden_completion,110,1660,4,4,min_energy,2,-0.6303033233626699
2,shortcut,-0.6303033233626699,0.680913406577615,0.0,1.0,0.11168030769783473,0.1713411750719277,0.0,0.42714220811472275,sklearn_digits_hidden_completion,110,1660,4,4,random_selector,2,2.0
2,shortcut,-0.6303033233626699,0.680913406577615,0.0,1.0,0.11168030769783473,0.1713411750719277,0.0,0.42714220811472275,sklearn_digits_hidden_completion,110,1660,4,4,calibrated_clipped,2,-0.441048086641175
1,near_valid,-0.2727796769848886,0.9900920760439906,1.0,0.5867007350491487,0.0034677733846032862,0.1412198017631889,0.17859606165268077,0.2038704002018035,sklearn_digits_hidden_completion,110,1660,4,4,oracle_true_score,1,0.9900920760439906
2,shortcut,-0.6303033233626699,0.680913406577615,0.0,1.0,0.11168030769783473,0.1713411750719277,0.0,0.42714220811472275,sklearn_digits_hidden_completion,110,1660,4,16,min_energy,2,-0.6303033233626699
8,near_valid,-0.24688794779377782,0.9849444135097324,1.0,0.5673784756373282,0.005269455271593646,0.15543073134405722,0.20622538264459955,0.17067901105438552,sklearn_digits_hidden_completion,110,1660,4,16,random_selector,8,8.0
1,near_valid,-0.2727796769848886,0.9900920760439906,1.0,0.5867007350491487,0.0034677733846032862,0.1412198017631889,0.17859606165268077,0.2038704002018035,sklearn_digits_hidden_completion,110,1660,4,16,calibrated_clipped,1,-0.26409750390412334
1,near_valid,-0.2727796769848886,0.9900920760439906,1.0,0.5867007350491487,0.0034677733846032862,0.1412198017631889,0.17859606165268077,0.2038704002018035,sklearn_digits_hidden_completion,110,1660,4,16,oracle_true_score,1,0.9900920760439906
2,shortcut,-0.6303033233626699,0.680913406577615,0.0,1.0,0.11168030769783473,0.1713411750719277,0.0,0.42714220811472275,sklearn_digits_hidden_completion,110,1660,4,64,min_energy,2,-0.6303033233626699
63,near_valid,-0.25919156644760266,0.9850073087510636,1.0,0.5943020007673525,0.005247441937127766,0.17416998041067772,0.17616858148701278,0.27404109113959557,sklearn_digits_hidden_completion,110,1660,4,64,random_selector,63,63.0
29,class_neighbor,-0.2786949935069487,0.5283308083670205,0.0,0.5667415389261881,0.1650842170715428,0.013320673388693013,0.21097640809928203,0.13830000777674287,sklearn_digits_hidden_completion,110,1660,4,64,calibrated_clipped,29,-0.27501927452640984
45,near_valid,-0.2748921242255694,0.9922686410347977,1.0,0.5939593278405186,0.002705975637820784,0.15510333724168404,0.17281287389464317,0.22254811782214512,sklearn_digits_hidden_completion,110,1660,4,64,oracle_true_score,45,0.9922686410347977
2,shortcut,-0.6303033233626699,0.680913406577615,0.0,1.0,0.11168030769783473,0.1713411750719277,0.0,0.42714220811472275,sklearn_digits_hidden_completion,110,1660,4,128,min_energy,2,-0.6303033233626699
11,near_valid,-0.2672088397823636,0.9857488007149645,1.0,0.5858487535769196,0.004987919749762437,0.1561602467477635,0.17786963607931422,0.2155868810357528,sklearn_digits_hidden_completion,110,1660,4,128,random_selector,11,11.0
29,class_neighbor,-0.2786949935069487,0.5283308083670205,0.0,0.5667415389261881,0.1650842170715428,0.013320673388693013,0.21097640809928203,0.13830000777674287,sklearn_digits_hidden_completion,110,1660,4,128,calibrated_clipped,29,-0.27357803895040805
88,near_valid,-0.2684354819489828,0.9940385317852056,1.0,0.5894212537777974,0.002086513875178028,0.15924005964218196,0.1804975284032053,0.21254402917082985,sklearn_digits_hidden_completion,110,1660,4,128,oracle_true_score,88,0.9940385317852056
0,near_valid,-0.16574449133848893,0.9857805417907289,1.0,0.5002249819488469,0.004976810373244867,0.051558266571098604,0.30821268407530816,0.1479780778375352,sklearn_digits_hidden_completion,111,1675,8,1,min_energy,0,-0.16574449133848893
0,near_valid,-0.16574449133848893,0.9857805417907289,1.0,0.5002249819488469,0.004976810373244867,0.051558266571098604,0.30821268407530816,0.1479780778375352,sklearn_digits_hidden_completion,111,1675,8,1,random_selector,0,0.0
0,near_valid,-0.16574449133848893,0.9857805417907289,1.0,0.5002249819488469,0.004976810373244867,0.051558266571098604,0.30821268407530816,0.1479780778375352,sklearn_digits_hidden_completion,111,1675,8,1,calibrated_clipped,0,-0.16574449133848893
0,near_valid,-0.16574449133848893,0.9857805417907289,1.0,0.5002249819488469,0.004976810373244867,0.051558266571098604,0.30821268407530816,0.1479780778375352,sklearn_digits_hidden_completion,111,1675,8,1,oracle_true_score,0,0.9857805417907289
2,shortcut,-0.6639867264170033,0.3669115545214503,0.0,1.0,0.22158095591749238,0.17494242516479136,0.0,0.255123942750192,sklearn_digits_hidden_completion,111,1675,8,4,min_energy,2,-0.6639867264170033
0,near_valid,-0.16574449133848893,0.9857805417907289,1.0,0.5002249819488469,0.004976810373244867,0.051558266571098604,0.30821268407530816,0.1479780778375352,sklearn_digits_hidden_completion,111,1675,8,4,random_selector,0,0.0
3,shortcut,-0.4015446444800085,0.5912591185222891,0.0,0.7222612618749129,0.1430593085171988,0.128151310177967,0.08472710317934042,0.3396056657097277,sklearn_digits_hidden_completion,111,1675,8,4,calibrated_clipped,3,-0.32370769201307203
0,near_valid,-0.16574449133848893,0.9857805417907289,1.0,0.5002249819488469,0.004976810373244867,0.051558266571098604,0.30821268407530816,0.1479780778375352,sklearn_digits_hidden_completion,111,1675,8,4,oracle_true_score,0,0.9857805417907289
2,shortcut,-0.6639867264170033,0.3669115545214503,0.0,1.0,0.22158095591749238,0.17494242516479136,0.0,0.255123942750192,sklearn_digits_hidden_completion,111,1675,8,16,min_energy,2,-0.6639867264170033
5,near_valid,-0.19451507649838398,0.989799893073203,1.0,0.5217305465121913,0.003570037424378951,0.04734122478732422,0.2766682773222121,0.17573517950538994,sklearn_digits_hidden_completion,111,1675,8,16,random_selector,5,5.0
4,class_neighbor,-0.3397518718244046,0.6437593914190963,0.0,0.6034121442698295,0.12468421300331628,0.053736674827745856,0.1670807144281223,0.05082754238475547,sklearn_digits_hidden_completion,111,1675,8,16,calibrated_clipped,4,-0.2677002115888318
5,near_valid,-0.19451507649838398,0.989799893073203,1.0,0.5217305465121913,0.003570037424378951,0.04734122478732422,0.2766682773222121,0.17573517950538994,sklearn_digits_hidden_completion,111,1675,8,16,oracle_true_score,5,0.989799893073203
39,shortcut,-0.6664610828816547,0.43633495325392646,0.0,1.0,0.19728276636112574,0.1514742713027334,0.0,0.26622031428899307,sklearn_digits_hidden_completion,111,1675,8,64,min_energy,39,-0.6664610828816547
24,random_digit,-0.2915524716092234,0.6261160714285714,0.0,0.5873883928571428,0.130859375,0.070371942549121,0.18563988095238093,0.1640625,sklearn_digits_hidden_completion,111,1675,8,64,random_selector,24,24.0
13,random_digit,-0.23795622808756914,0.5884486607142857,0.0,0.5275669642857144,0.14404296875,0.058963279205011807,0.2511160714285714,0.0390625,sklearn_digits_hidden_completion,111,1675,8,64,calibrated_clipped,13,-0.23319257796258977
36,near_valid,-0.19195883585603563,0.9916474393035775,1.0,0.5164741834434117,0.002923396243747875,0.04925675971542999,0.28420752333231514,0.14615655975331884,sklearn_digits_hidden_completion,111,1675,8,64,oracle_true_score,36,0.9916474393035775
106,shortcut,-0.6672056853975197,0.4601309532330452,0.0,1.0,0.18895416636843415,0.14346620387878894,0.0,0.2705053691336128,sklearn_digits_hidden_completion,111,1675,8,128,min_energy,106,-0.6672056853975197
61,near_valid,-0.17404927233161946,0.9715468407539041,1.0,0.5079664936845416,0.009958605736133573,0.06457188133200084,0.297248285860401,0.15262332221083014,sklearn_digits_hidden_completion,111,1675,8,128,random_selector,61,61.0
13,random_digit,-0.23795622808756914,0.5884486607142857,0.0,0.5275669642857144,0.14404296875,0.058963279205011807,0.2511160714285714,0.0390625,sklearn_digits_hidden_completion,111,1675,8,128,calibrated_clipped,13,-0.22917403622221555
125,near_valid,-0.1922361282272575,0.9920030853610893,1.0,0.5207573930853535,0.0027989201236187683,0.05172304034905329,0.27838306754240894,0.17438310684311017,sklearn_digits_hidden_completion,111,1675,8,128,oracle_true_score,125,0.9920030853610893
0,shortcut,-0.6601011729596052,0.5046174541510751,0.0,1.0,0.1733838910471237,0.1437744745954046,0.0,0.30571966060656897,sklearn_digits_hidden_completion,112,1690,3,1,min_energy,0,-0.6601011729596052
0,shortcut,-0.6601011729596052,0.5046174541510751,0.0,1.0,0.1733838910471237,0.1437744745954046,0.0,0.30571966060656897,sklearn_digits_hidden_completion,112,1690,3,1,random_selector,0,0.0
0,shortcut,-0.6601011729596052,0.5046174541510751,0.0,1.0,0.1733838910471237,0.1437744745954046,0.0,0.30571966060656897,sklearn_digits_hidden_completion,112,1690,3,1,calibrated_clipped,0,-0.6601011729596052
0,shortcut,-0.6601011729596052,0.5046174541510751,0.0,1.0,0.1733838910471237,0.1437744745954046,0.0,0.30571966060656897,sklearn_digits_hidden_completion,112,1690,3,1,oracle_true_score,0,0.5046174541510751
0,shortcut,-0.6601011729596052,0.5046174541510751,0.0,1.0,0.1733838910471237,0.1437744745954046,0.0,0.30571966060656897,sklearn_digits_hidden_completion,112,1690,3,4,min_energy,0,-0.6601011729596052
0,shortcut,-0.6601011729596052,0.5046174541510751,0.0,1.0,0.1733838910471237,0.1437744745954046,0.0,0.30571966060656897,sklearn_digits_hidden_completion,112,1690,3,4,random_selector,0,0.0
1,near_valid,-0.229301680759682,0.9624934822839172,1.0,0.5272112001187002,0.01312728120062897,0.045365265539054775,0.24698137891727193,0.10596953908516296,sklearn_digits_hidden_completion,112,1690,3,4,calibrated_clipped,1,-0.22262243298424045
2,near_valid,-0.1882548821607859,0.9884198200008278,1.0,0.5078413242789863,0.004053062999710243,0.056043030788004954,0.27511017877262245,0.15053453282955231,sklearn_digits_hidden_completion,112,1690,3,4,oracle_true_score,2,0.9884198200008278
10,shortcut,-0.6606297072466594,0.5244408506807874,0.0,1.0,0.1664457022617244,0.13746602793390938,0.0,0.3093854358327939,sklearn_digits_hidden_completion,112,1690,3,16,min_energy,10,-0.6606297072466594
8,shortcut,-0.6593978105019054,0.48065298274716783,0.0,1.0,0.18177145603849124,0.15144796537821992,0.0,0.3015629821122532,sklearn_digits_hidden_completion,112,1690,3,16,random_selector,8,8.0
1,near_valid,-0.229301680759682,0.9624934822839172,1.0,0.5272112001187002,0.01312728120062897,0.045365265539054775,0.24698137891727193,0.10596953908516296,sklearn_digits_hidden_completion,112,1690,3,16,calibrated_clipped,1,-0.2161028393593968
2,near_valid,-0.1882548821607859,0.9884198200008278,1.0,0.5078413242789863,0.004053062999710243,0.056043030788004954,0.27511017877262245,0.15053453282955231,sklearn_digits_hidden_completion,112,1690,3,16,oracle_true_score,2,0.9884198200008278
37,shortcut,-0.6613287026854207,0.5552132165236019,0.0,1.0,0.1556753742167393,0.12776229897902708,0.0,0.3155941875938696,sklearn_digits_hidden_completion,112,1690,3,64,min_energy,37,-0.6613287026854207
6,near_valid,-0.19929830883898764,0.9846172386941233,1.0,0.510241593014298,0.005383966457056827,0.0581459736982035,0.26940843465819203,0.11789526060044761,sklearn_digits_hidden_completion,112,1690,3,64,random_selector,6,6.0
1,near_valid,-0.229301680759682,0.9624934822839172,1.0,0.5272112001187002,0.01312728120062897,0.045365265539054775,0.24698137891727193,0.10596953908516296,sklearn_digits_hidden_completion,112,1690,3,64,calibrated_clipped,1,-0.2230142158060256
62,near_valid,-0.22272847081376948,0.9922172496717672,1.0,0.5264175342857775,0.002723962614881473,0.056040021466331864,0.2504847505177933,0.11555031411255479,sklearn_digits_hidden_completion,112,1690,3,64,oracle_true_score,62,0.9922172496717672
37,shortcut,-0.6613287026854207,0.5552132165236019,0.0,1.0,0.1556753742167393,0.12776229897902708,0.0,0.3155941875938696,sklearn_digits_hidden_completion,112,1690,3,128,min_energy,37,-0.6613287026854207
121,class_neighbor,-0.15703563967540804,0.7885314166282487,0.0,0.5136980568155084,0.07401400418011297,0.03029669711466164,0.2711522881377739,0.36522402518757613,sklearn_digits_hidden_completion,112,1690,3,128,random_selector,121,121.0
1,near_valid,-0.229301680759682,0.9624934822839172,1.0,0.5272112001187002,0.01312728120062897,0.045365265539054775,0.24698137891727193,0.10596953908516296,sklearn_digits_hidden_completion,112,1690,3,128,calibrated_clipped,1,-0.2230795141056836
66,near_valid,-0.20206509033048514,0.9932090497700632,1.0,0.5145853219414462,0.002376832580477899,0.05616778109942966,0.263191926934936,0.13942392545749405,sklearn_digits_hidden_completion,112,1690,3,128,oracle_true_score,66,0.9932090497700632
0,class_neighbor,-0.22174180453004483,0.9176309201335797,1.0,0.5273829120634341,0.02882917795324711,0.033572023967630205,0.259895036038287,0.12069352451473427,sklearn_digits_hidden_completion,113,1705,8,1,min_energy,0,-0.22174180453004483
0,class_neighbor,-0.22174180453004483,0.9176309201335797,1.0,0.5273829120634341,0.02882917795324711,0.033572023967630205,0.259895036038287,0.12069352451473427,sklearn_digits_hidden_completion,113,1705,8,1,random_selector,0,0.0
0,class_neighbor,-0.22174180453004483,0.9176309201335797,1.0,0.5273829120634341,0.02882917795324711,0.033572023967630205,0.259895036038287,0.12069352451473427,sklearn_digits_hidden_completion,113,1705,8,1,calibrated_clipped,0,-0.22174180453004483
0,class_neighbor,-0.22174180453004483,0.9176309201335797,1.0,0.5273829120634341,0.02882917795324711,0.033572023967630205,0.259895036038287,0.12069352451473427,sklearn_digits_hidden_completion,113,1705,8,1,oracle_true_score,0,0.9176309201335797
1,near_valid,-0.22239561389218726,0.9734501757134757,1.0,0.5284648955610336,0.009292438500283487,0.05567655362486341,0.27182556019157617,0.06656844474124185,sklearn_digits_hidden_completion,113,1705,8,4,min_energy,1,-0.22239561389218726
2,near_valid,-0.16791128382754691,0.959367367442211,1.0,0.4965693326771108,0.014221421395226155,0.05473067130928169,0.31499322401487617,0.10161654105123952,sklearn_digits_hidden_completion,113,1705,8,4,random_selector,2,2.0
0,class_neighbor,-0.22174180453004483,0.9176309201335797,1.0,0.5273829120634341,0.02882917795324711,0.033572023967630205,0.259895036038287,0.12069352451473427,sklearn_digits_hidden_completion,113,1705,8,4,calibrated_clipped,0,-0.21785675277105296
1,near_valid,-0.22239561389218726,0.9734501757134757,1.0,0.5284648955610336,0.009292438500283487,0.05567655362486341,0.27182556019157617,0.06656844474124185,sklearn_digits_hidden_completion,113,1705,8,4,oracle_true_score,1,0.9734501757134757
14,class_neighbor,-0.24236650848081248,0.669710983703157,0.0,0.5499114260674804,0.11560115570389505,0.05149422145144505,0.24040138410667677,0.137737277604183,sklearn_digits_hidden_completion,113,1705,8,16,min_energy,14,-0.24236650848081248
8,near_valid,-0.1815142643714056,0.9810141716816414,1.0,0.50323801671426,0.006645039911425498,0.04614830596061692,0.30097479761253965,0.10574224142634617,sklearn_digits_hidden_completion,113,1705,8,16,random_selector,8,8.0
0,class_neighbor,-0.22174180453004483,0.9176309201335797,1.0,0.5273829120634341,0.02882917795324711,0.033572023967630205,0.259895036038287,0.12069352451473427,sklearn_digits_hidden_completion,113,1705,8,16,calibrated_clipped,0,-0.21414686007265454
5,near_valid,-0.20695567029670348,0.9909995785122839,1.0,0.5157882387052202,0.0031501475207006365,0.038809380174374054,0.28553682917698353,0.0753918832499795,sklearn_digits_hidden_completion,113,1705,8,16,oracle_true_score,5,0.9909995785122839
46,shortcut,-0.6395257141733792,0.2355567192374729,0.0,1.0,0.2675551482668845,0.13830892913310397,0.0,0.4140625,sklearn_digits_hidden_completion,113,1705,8,64,min_energy,46,-0.6395257141733792
49,shortcut,-0.5031030185699374,0.6672525104918952,0.0,0.7819676820159615,0.11646162132783666,0.037593605877833905,0.046389854890220975,0.2516980078842266,sklearn_digits_hidden_completion,113,1705,8,64,random_selector,49,49.0
39,near_valid,-0.21980586688981454,0.98455345487897,1.0,0.5211461816914372,0.005406290792360531,0.04573127675687399,0.279733407926149,0.0402706983400329,sklearn_digits_hidden_completion,113,1705,8,64,calibrated_clipped,39,-0.2179394424337444
5,near_valid,-0.20695567029670348,0.9909995785122839,1.0,0.5157882387052202,0.0031501475207006365,0.038809380174374054,0.28553682917698353,0.0753918832499795,sklearn_digits_hidden_completion,113,1705,8,64,oracle_true_score,5,0.9909995785122839
87,shortcut,-0.6410478363300851,0.2668364809686046,0.0,1.0,0.25660723166098837,0.13069831834957435,0.0,0.4140625,sklearn_digits_hidden_completion,113,1705,8,128,min_energy,87,-0.6410478363300851
13,random_digit,-0.2415401643560419,0.7506277901785714,0.0,0.5469866071428571,0.0872802734375,0.04671696095788537,0.24144345238095238,0.1328125,sklearn_digits_hidden_completion,113,1705,8,128,random_selector,13,13.0
125,random_digit,-0.2610348934842234,0.5309012276785714,0.0,0.5580915178571428,0.1641845703125,0.08607832275745435,0.21819196428571427,0.1015625,sklearn_digits_hidden_completion,113,1705,8,128,calibrated_clipped,125,-0.2259782504138484
86,near_valid,-0.1950766322218746,0.995294144006764,1.0,0.5106937435788774,0.0016470495976326142,0.044822000498272944,0.2933783088642856,0.08810602743635881,sklearn_digits_hidden_completion,113,1705,8,128,oracle_true_score,86,0.995294144006764
0,near_valid,-0.23445052037987568,0.9874086743191425,1.0,0.5463879009384682,0.004406963988300119,0.045500534232802085,0.23728194406822922,0.17867614619944494,sklearn_digits_hidden_completion,114,1720,8,1,min_energy,0,-0.23445052037987568
0,near_valid,-0.23445052037987568,0.9874086743191425,1.0,0.5463879009384682,0.004406963988300119,0.045500534232802085,0.23728194406822922,0.17867614619944494,sklearn_digits_hidden_completion,114,1720,8,1,random_selector,0,0.0
0,near_valid,-0.23445052037987568,0.9874086743191425,1.0,0.5463879009384682,0.004406963988300119,0.045500534232802085,0.23728194406822922,0.17867614619944494,sklearn_digits_hidden_completion,114,1720,8,1,calibrated_clipped,0,-0.23445052037987568
0,near_valid,-0.23445052037987568,0.9874086743191425,1.0,0.5463879009384682,0.004406963988300119,0.045500534232802085,0.23728194406822922,0.17867614619944494,sklearn_digits_hidden_completion,114,1720,8,1,oracle_true_score,0,0.9874086743191425
2,class_neighbor,-0.250754993952813,0.8606134060081763,1.0,0.550123880880379,0.04878530789713831,0.02537864901385769,0.23473302100965804,0.1382951267469388,sklearn_digits_hidden_completion,114,1720,8,4,min_energy,2,-0.250754993952813
0,near_valid,-0.23445052037987568,0.9874086743191425,1.0,0.5463879009384682,0.004406963988300119,0.045500534232802085,0.23728194406822922,0.17867614619944494,sklearn_digits_hidden_completion,114,1720,8,4,random_selector,0,0.0
2,class_neighbor,-0.250754993952813,0.8606134060081763,1.0,0.550123880880379,0.04878530789713831,0.02537864901385769,0.23473302100965804,0.1382951267469388,sklearn_digits_hidden_completion,114,1720,8,4,calibrated_clipped,2,-0.2469690993021953
0,near_valid,-0.23445052037987568,0.9874086743191425,1.0,0.5463879009384682,0.004406963988300119,0.045500534232802085,0.23728194406822922,0.17867614619944494,sklearn_digits_hidden_completion,114,1720,8,4,oracle_true_score,0,0.9874086743191425
11,shortcut,-0.4058512282667881,0.5600675331272578,0.0,0.7362173995766713,0.15397636340545975,0.11708252118249884,0.08046963759486937,0.39318508251018724,sklearn_digits_hidden_completion,114,1720,8,16,min_energy,11,-0.4058512282667881
10,near_valid,-0.24812823823884247,0.9714179284670312,1.0,0.5483914304025672,0.010003725036539065,0.03633823128763329,0.2336121829210332,0.13705493849493994,sklearn_digits_hidden_completion,114,1720,8,16,random_selector,10,10.0
10,near_valid,-0.24812823823884247,0.9714179284670312,1.0,0.5483914304025672,0.010003725036539065,0.03633823128763329,0.2336121829210332,0.13705493849493994,sklearn_digits_hidden_completion,114,1720,8,16,calibrated_clipped,10,-0.24255352931066218
4,near_valid,-0.22250940330236713,0.9906386444089621,1.0,0.5380067178040433,0.0032764744568632566,0.02827656938728143,0.25023065667485783,0.18856730001018612,sklearn_digits_hidden_completion,114,1720,8,16,oracle_true_score,4,0.9906386444089621
28,shortcut,-0.6497332543922653,0.5847969743976758,0.0,1.0,0.1453210589608135,0.14977122803867354,0.0,0.3515625,sklearn_digits_hidden_completion,114,1720,8,64,min_energy,28,-0.6497332543922653
21,near_valid,-0.13079619342562254,0.8776769713146916,1.0,0.4815723246468741,0.042813060039857936,0.07378734837753981,0.32796044919004563,0.1762366666474998,sklearn_digits_hidden_completion,114,1720,8,64,random_selector,21,21.0
41,class_neighbor,-0.25124142341544053,0.8630273207514565,1.0,0.5417623537924243,0.0479404377369902,0.022671454647426544,0.24446842291369453,0.08044209198430188,sklearn_digits_hidden_completion,114,1720,8,64,calibrated_clipped,41,-0.25124142341544053
18,near_valid,-0.25272031755543917,0.9943429945216004,1.0,0.5561951067518206,0.001979951917439892,0.036158493358823623,0.22436641050659295,0.16896394029017725,sklearn_digits_hidden_completion,114,1720,8,64,oracle_true_score,18,0.9943429945216004
91,shortcut,-0.6540770441387492,0.6291040901020144,0.0,1.0,0.12981356846429493,0.1280522793062539,0.0,0.3515625,sklearn_digits_hidden_completion,114,1720,8,128,min_energy,91,-0.6540770441387492
28,shortcut,-0.6497332543922653,0.5847969743976758,0.0,1.0,0.1453210589608135,0.14977122803867354,0.0,0.3515625,sklearn_digits_hidden_completion,114,1720,8,128,random_selector,28,28.0
41,class_neighbor,-0.25124142341544053,0.8630273207514565,1.0,0.5417623537924243,0.0479404377369902,0.022671454647426544,0.24446842291369453,0.08044209198430188,sklearn_digits_hidden_completion,114,1720,8,128,calibrated_clipped,41,-0.25124142341544053
18,near_valid,-0.25272031755543917,0.9943429945216004,1.0,0.5561951067518206,0.001979951917439892,0.036158493358823623,0.22436641050659295,0.16896394029017725,sklearn_digits_hidden_completion,114,1720,8,128,oracle_true_score,18,0.9943429945216004
0,class_neighbor,-0.23547623206983906,0.8188174010776302,1.0,0.5658871745126166,0.06341390962282942,0.009429319508140108,0.212010105907835,0.35223863331843064,sklearn_digits_hidden_completion,115,1735,4,1,min_energy,0,-0.23547623206983906
0,class_neighbor,-0.23547623206983906,0.8188174010776302,1.0,0.5658871745126166,0.06341390962282942,0.009429319508140108,0.212010105907835,0.35223863331843064,sklearn_digits_hidden_completion,115,1735,4,1,random_selector,0,0.0
0,class_neighbor,-0.23547623206983906,0.8188174010776302,1.0,0.5658871745126166,0.06341390962282942,0.009429319508140108,0.212010105907835,0.35223863331843064,sklearn_digits_hidden_completion,115,1735,4,1,calibrated_clipped,0,-0.23547623206983906
0,class_neighbor,-0.23547623206983906,0.8188174010776302,1.0,0.5658871745126166,0.06341390962282942,0.009429319508140108,0.212010105907835,0.35223863331843064,sklearn_digits_hidden_completion,115,1735,4,1,oracle_true_score,0,0.8188174010776302
0,class_neighbor,-0.23547623206983906,0.8188174010776302,1.0,0.5658871745126166,0.06341390962282942,0.009429319508140108,0.212010105907835,0.35223863331843064,sklearn_digits_hidden_completion,115,1735,4,4,min_energy,0,-0.23547623206983906
0,class_neighbor,-0.23547623206983906,0.8188174010776302,1.0,0.5658871745126166,0.06341390962282942,0.009429319508140108,0.212010105907835,0.35223863331843064,sklearn_digits_hidden_completion,115,1735,4,4,random_selector,0,0.0
2,near_valid,-0.16863812009048176,0.9869745435850479,1.0,0.5093126940845758,0.0045589097452332274,0.039654734654007984,0.271781287097719,0.27967872819201517,sklearn_digits_hidden_completion,115,1735,4,4,calibrated_clipped,2,-0.16863812009048176
3,near_valid,-0.16494905642297764,0.9916369657446269,1.0,0.5089715025409016,0.002927061989380572,0.04957100607182751,0.28345176806690153,0.25483448415768606,sklearn_digits_hidden_completion,115,1735,4,4,oracle_true_score,3,0.9916369657446269
0,class_neighbor,-0.23547623206983906,0.8188174010776302,1.0,0.5658871745126166,0.06341390962282942,0.009429319508140108,0.212010105907835,0.35223863331843064,sklearn_digits_hidden_completion,115,1735,4,16,min_energy,0,-0.23547623206983906
0,class_neighbor,-0.23547623206983906,0.8188174010776302,1.0,0.5658871745126166,0.06341390962282942,0.009429319508140108,0.212010105907835,0.35223863331843064,sklearn_digits_hidden_completion,115,1735,4,16,random_selector,0,0.0
15,near_valid,-0.17634560685105197,0.986612507188,1.0,0.5188183881350161,0.004685622484199993,0.037149166957066174,0.263601338954643,0.30178807216871617,sklearn_digits_hidden_completion,115,1735,4,16,calibrated_clipped,15,-0.17337173054234217
3,near_valid,-0.16494905642297764,0.9916369657446269,1.0,0.5089715025409016,0.002927061989380572,0.04957100607182751,0.28345176806690153,0.25483448415768606,sklearn_digits_hidden_completion,115,1735,4,16,oracle_true_score,3,0.9916369657446269
61,shortcut,-0.6440066398134714,0.2506832508523509,0.0,1.0,0.26226086220167716,0.17059180093264298,0.0,0.359375,sklearn_digits_hidden_completion,115,1735,4,64,min_energy,61,-0.6440066398134714
6,near_valid,-0.17139645059893377,0.9853630984443184,1.0,0.5151561275043977,0.0051229155444885745,0.044096595575289464,0.26834660955723866,0.2928034532891265,sklearn_digits_hidden_completion,115,1735,4,64,random_selector,6,6.0
43,near_valid,-0.1911647784921693,0.983329787419134,1.0,0.5249118650779783,0.005834574403303098,0.03890031194970181,0.25728672550049003,0.26615679450552254,sklearn_digits_hidden_completion,115,1735,4,64,calibrated_clipped,43,-0.18742794850743458
22,near_valid,-0.18104316186887975,0.993594238812653,1.0,0.5224981088655265,0.0022420164155714617,0.046297703240408786,0.2618059555472673,0.28788801790593166,sklearn_digits_hidden_completion,115,1735,4,64,oracle_true_score,22,0.993594238812653
80,shortcut,-0.6441857054916891,0.25400376901221144,0.0,1.0,0.26109868084572596,0.16969647254155484,0.0,0.359375,sklearn_digits_hidden_completion,115,1735,4,128,min_energy,80,-0.6441857054916891
105,near_valid,-0.1447933600302125,0.9661059195445945,1.0,0.4982429552830432,0.011862928159391932,0.04277263510611884,0.29668763956892674,0.2857806382396818,sklearn_digits_hidden_completion,115,1735,4,128,random_selector,105,105.0
37,class_neighbor,-0.251836795823332,0.5942439430296254,0.0,0.575978778814838,0.1420146199396311,0.05097569171332274,0.19635293833182044,0.3097901693131536,sklearn_digits_hidden_completion,115,1735,4,128,calibrated_clipped,37,-0.2036142519093208
22,near_valid,-0.18104316186887975,0.993594238812653,1.0,0.5224981088655265,0.0022420164155714617,0.046297703240408786,0.2618059555472673,0.28788801790593166,sklearn_digits_hidden_completion,115,1735,4,128,oracle_true_score,22,0.993594238812653
0,class_neighbor,-0.2181289473146104,0.7711404682087493,0.0,0.5388204789729335,0.08010083612693777,0.01606388350057025,0.2388093178468137,0.2571425519961405,sklearn_digits_hidden_completion,116,1750,3,1,min_energy,0,-0.2181289473146104
0,class_neighbor,-0.2181289473146104,0.7711404682087493,0.0,0.5388204789729335,0.08010083612693777,0.01606388350057025,0.2388093178468137,0.2571425519961405,sklearn_digits_hidden_completion,116,1750,3,1,random_selector,0,0.0
0,class_neighbor,-0.2181289473146104,0.7711404682087493,0.0,0.5388204789729335,0.08010083612693777,0.01606388350057025,0.2388093178468137,0.2571425519961405,sklearn_digits_hidden_completion,116,1750,3,1,calibrated_clipped,0,-0.2181289473146104
0,class_neighbor,-0.2181289473146104,0.7711404682087493,0.0,0.5388204789729335,0.08010083612693777,0.01606388350057025,0.2388093178468137,0.2571425519961405,sklearn_digits_hidden_completion,116,1750,3,1,oracle_true_score,0,0.7711404682087493
2,shortcut,-0.4967364724744456,0.6014229643777962,0.0,0.7876199351299615,0.1395019624677713,0.12966347461473582,0.06478875720020921,0.16205983744981695,sklearn_digits_hidden_completion,116,1750,3,4,min_energy,2,-0.4967364724744456
2,shortcut,-0.4967364724744456,0.6014229643777962,0.0,0.7876199351299615,0.1395019624677713,0.12966347461473582,0.06478875720020921,0.16205983744981695,sklearn_digits_hidden_completion,116,1750,3,4,random_selector,2,2.0
1,near_valid,-0.2529340302943605,0.995602729420846,1.0,0.5442166571966564,0.001539044702703902,0.049444174022033285,0.23566238268806922,0.07862658660143512,sklearn_digits_hidden_completion,116,1750,3,4,calibrated_clipped,1,-0.25156313301496325
1,near_valid,-0.2529340302943605,0.995602729420846,1.0,0.5442166571966564,0.001539044702703902,0.049444174022033285,0.23566238268806922,0.07862658660143512,sklearn_digits_hidden_completion,116,1750,3,4,oracle_true_score,1,0.995602729420846
2,shortcut,-0.4967364724744456,0.6014229643777962,0.0,0.7876199351299615,0.1395019624677713,0.12966347461473582,0.06478875720020921,0.16205983744981695,sklearn_digits_hidden_completion,116,1750,3,16,min_energy,2,-0.4967364724744456
10,near_valid,-0.22889833883134925,0.9872780727484117,1.0,0.5313103068603131,0.0044526745380558865,0.054926704089169553,0.25346345024023464,0.09597076431961296,sklearn_digits_hidden_completion,116,1750,3,16,random_selector,10,10.0
7,near_valid,-0.25693002192331266,0.9823247514461045,1.0,0.5442932098062488,0.006186336993863401,0.049365050727976485,0.2327193411894131,0.06710618815800717,sklearn_digits_hidden_completion,116,1750,3,16,calibrated_clipped,7,-0.25009713759810065
1,near_valid,-0.2529340302943605,0.995602729420846,1.0,0.5442166571966564,0.001539044702703902,0.049444174022033285,0.23566238268806922,0.07862658660143512,sklearn_digits_hidden_completion,116,1750,3,16,oracle_true_score,1,0.995602729420846
38,shortcut,-0.676746088657775,0.5259258938649007,0.0,1.0,0.16592593714728474,0.1345344642352121,0.0,0.2317350924759129,sklearn_digits_hidden_completion,116,1750,3,64,min_energy,38,-0.676746088657775
58,near_valid,-0.2750896312311657,0.9928298863903283,1.0,0.5583805624110065,0.0025095397633850916,0.04709666852805039,0.21695514547077788,0.07475563431275659,sklearn_digits_hidden_completion,116,1750,3,64,random_selector,58,58.0
58,near_valid,-0.2750896312311657,0.9928298863903283,1.0,0.5583805624110065,0.0025095397633850916,0.04709666852805039,0.21695514547077788,0.07475563431275659,sklearn_digits_hidden_completion,116,1750,3,64,calibrated_clipped,58,-0.26237656521256714
1,near_valid,-0.2529340302943605,0.995602729420846,1.0,0.5442166571966564,0.001539044702703902,0.049444174022033285,0.23566238268806922,0.07862658660143512,sklearn_digits_hidden_completion,116,1750,3,64,oracle_true_score,1,0.995602729420846
84,shortcut,-0.6770751494927408,0.5029378218218001,0.0,1.0,0.17397176236236997,0.14349191647464518,0.0,0.2211323360616504,sklearn_digits_hidden_completion,116,1750,3,128,min_energy,84,-0.6770751494927408
14,near_valid,-0.2330701169703795,0.9876270536904794,1.0,0.5316220962580939,0.004330531208332217,0.05139104716924381,0.2518998565385516,0.08411662346569357,sklearn_digits_hidden_completion,116,1750,3,128,random_selector,14,14.0
71,near_valid,-0.2834835642319173,0.9866304945010933,1.0,0.5620038880294211,0.004679326924617362,0.039751142253162,0.21109129863162146,0.06984454546062178,sklearn_digits_hidden_completion,116,1750,3,128,calibrated_clipped,71,-0.266444940321781
127,near_valid,-0.2620852725222024,0.9956909625642661,1.0,0.5518846888026055,0.0015081631025068531,0.049594819643287213,0.22542210006973828,0.08963562556369165,sklearn_digits_hidden_completion,116,1750,3,128,oracle_true_score,127,0.9956909625642661
0,near_valid,-0.19049067972364306,0.9836515942784831,1.0,0.521134600292068,0.005721942002530894,0.05494224848481334,0.2640392902328615,0.22075105585185728,sklearn_digits_hidden_completion,117,1765,3,1,min_energy,0,-0.19049067972364306
0,near_valid,-0.19049067972364306,0.9836515942784831,1.0,0.521134600292068,0.005721942002530894,0.05494224848481334,0.2640392902328615,0.22075105585185728,sklearn_digits_hidden_completion,117,1765,3,1,random_selector,0,0.0
0,near_valid,-0.19049067972364306,0.9836515942784831,1.0,0.521134600292068,0.005721942002530894,0.05494224848481334,0.2640392902328615,0.22075105585185728,sklearn_digits_hidden_completion,117,1765,3,1,calibrated_clipped,0,-0.19049067972364306
0,near_valid,-0.19049067972364306,0.9836515942784831,1.0,0.521134600292068,0.005721942002530894,0.05494224848481334,0.2640392902328615,0.22075105585185728,sklearn_digits_hidden_completion,117,1765,3,1,oracle_true_score,0,0.9836515942784831
2,random_digit,-0.2289101860688931,0.8203822544642857,1.0,0.5709821428571429,0.0628662109375,0.06880472441743932,0.20386904761904762,0.3671875,sklearn_digits_hidden_completion,117,1765,3,4,min_energy,2,-0.2289101860688931
2,random_digit,-0.2289101860688931,0.8203822544642857,1.0,0.5709821428571429,0.0628662109375,0.06880472441743932,0.20386904761904762,0.3671875,sklearn_digits_hidden_completion,117,1765,3,4,random_selector,2,2.0
3,near_valid,-0.2145547669487936,0.9799867078117719,1.0,0.5353422819675129,0.007004652265879851,0.04779978819370674,0.24108192911623438,0.2239846293708539,sklearn_digits_hidden_completion,117,1765,3,4,calibrated_clipped,3,-0.2145547669487936
0,near_valid,-0.19049067972364306,0.9836515942784831,1.0,0.521134600292068,0.005721942002530894,0.05494224848481334,0.2640392902328615,0.22075105585185728,sklearn_digits_hidden_completion,117,1765,3,4,oracle_true_score,0,0.9836515942784831
5,random_digit,-0.30810031386821973,0.4440569196428571,0.0,0.60625,0.194580078125,0.19647759732556772,0.16666666666666666,0.078125,sklearn_digits_hidden_completion,117,1765,3,16,min_energy,5,-0.30810031386821973
9,near_valid,-0.19895559839755772,0.9697902585257746,1.0,0.5248894562142116,0.010573409515978885,0.0651900247370404,0.2557450646931049,0.20506851617242572,sklearn_digits_hidden_completion,117,1765,3,16,random_selector,9,9.0
3,near_valid,-0.2145547669487936,0.9799867078117719,1.0,0.5353422819675129,0.007004652265879851,0.04779978819370674,0.24108192911623438,0.2239846293708539,sklearn_digits_hidden_completion,117,1765,3,16,calibrated_clipped,3,-0.20521076925805073
7,near_valid,-0.19979604118710417,0.993763781483213,1.0,0.5278247057895351,0.00218267648087547,0.04988909650938031,0.2516904086645003,0.23832472043847955,sklearn_digits_hidden_completion,117,1765,3,16,oracle_true_score,7,0.993763781483213
43,shortcut,-0.667651681723271,0.4627633544861983,0.0,1.0,0.18803282592983056,0.14172799050129714,0.0,0.27001360088234766,sklearn_digits_hidden_completion,117,1765,3,64,min_energy,43,-0.667651681723271
58,near_valid,-0.11802200798915535,0.9285566524068094,1.0,0.47248745704188544,0.025005171657616707,0.08276646687706642,0.3134750421709449,0.23689509111412876,sklearn_digits_hidden_completion,117,1765,3,64,random_selector,58,58.0
31,near_valid,-0.21335072218544335,0.9880896622977406,1.0,0.5314575503703863,0.004168618195790778,0.05308248595480017,0.24692755371717195,0.194078944284709,sklearn_digits_hidden_completion,117,1765,3,64,calibrated_clipped,31,-0.20775045300507194
7,near_valid,-0.19979604118710417,0.993763781483213,1.0,0.5278247057895351,0.00218267648087547,0.04988909650938031,0.2516904086645003,0.23832472043847955,sklearn_digits_hidden_completion,117,1765,3,64,oracle_true_score,7,0.993763781483213
43,shortcut,-0.667651681723271,0.4627633544861983,0.0,1.0,0.18803282592983056,0.14172799050129714,0.0,0.27001360088234766,sklearn_digits_hidden_completion,117,1765,3,128,min_energy,43,-0.667651681723271
40,random_digit,-0.21486933663485722,0.5804268973214286,0.0,0.5711495535714286,0.1468505859375,0.17102627069476173,0.20665922619047616,0.328125,sklearn_digits_hidden_completion,117,1765,3,128,random_selector,40,40.0
31,near_valid,-0.21335072218544335,0.9880896622977406,1.0,0.5314575503703863,0.004168618195790778,0.05308248595480017,0.24692755371717195,0.194078944284709,sklearn_digits_hidden_completion,117,1765,3,128,calibrated_clipped,31,-0.2083106018686179
7,near_valid,-0.19979604118710417,0.993763781483213,1.0,0.5278247057895351,0.00218267648087547,0.04988909650938031,0.2516904086645003,0.23832472043847955,sklearn_digits_hidden_completion,117,1765,3,128,oracle_true_score,7,0.993763781483213
0,near_valid,-0.25987975588165846,0.9694338904677214,1.0,0.5427834641288587,0.010698138336297512,0.03373511591510488,0.23632309215269748,0.05241559173990478,sklearn_digits_hidden_completion,118,1780,2,1,min_energy,0,-0.25987975588165846
0,near_valid,-0.25987975588165846,0.9694338904677214,1.0,0.5427834641288587,0.010698138336297512,0.03373511591510488,0.23632309215269748,0.05241559173990478,sklearn_digits_hidden_completion,118,1780,2,1,random_selector,0,0.0
0,near_valid,-0.25987975588165846,0.9694338904677214,1.0,0.5427834641288587,0.010698138336297512,0.03373511591510488,0.23632309215269748,0.05241559173990478,sklearn_digits_hidden_completion,118,1780,2,1,calibrated_clipped,0,-0.25987975588165846
0,near_valid,-0.25987975588165846,0.9694338904677214,1.0,0.5427834641288587,0.010698138336297512,0.03373511591510488,0.23632309215269748,0.05241559173990478,sklearn_digits_hidden_completion,118,1780,2,1,oracle_true_score,0,0.9694338904677214
2,near_valid,-0.2673122311433766,0.9740536553307477,1.0,0.5559943938366201,0.009081220634238298,0.032903302130120146,0.2211559863633774,0.10733555654103412,sklearn_digits_hidden_completion,118,1780,2,4,min_energy,2,-0.2673122311433766
2,near_valid,-0.2673122311433766,0.9740536553307477,1.0,0.5559943938366201,0.009081220634238298,0.032903302130120146,0.2211559863633774,0.10733555654103412,sklearn_digits_hidden_completion,118,1780,2,4,random_selector,2,2.0
0,near_valid,-0.25987975588165846,0.9694338904677214,1.0,0.5427834641288587,0.010698138336297512,0.03373511591510488,0.23632309215269748,0.05241559173990478,sklearn_digits_hidden_completion,118,1780,2,4,calibrated_clipped,0,-0.2525552104165292
2,near_valid,-0.2673122311433766,0.9740536553307477,1.0,0.5559943938366201,0.009081220634238298,0.032903302130120146,0.2211559863633774,0.10733555654103412,sklearn_digits_hidden_completion,118,1780,2,4,oracle_true_score,2,0.9740536553307477
7,near_valid,-0.28429593875084164,0.9900321376703491,1.0,0.5654985475573397,0.003488751815377807,0.029219999117781552,0.20878615650368054,0.0957579300829127,sklearn_digits_hidden_completion,118,1780,2,16,min_energy,7,-0.28429593875084164
2,near_valid,-0.2673122311433766,0.9740536553307477,1.0,0.5559943938366201,0.009081220634238298,0.032903302130120146,0.2211559863633774,0.10733555654103412,sklearn_digits_hidden_completion,118,1780,2,16,random_selector,2,2.0
0,near_valid,-0.25987975588165846,0.9694338904677214,1.0,0.5427834641288587,0.010698138336297512,0.03373511591510488,0.23632309215269748,0.05241559173990478,sklearn_digits_hidden_completion,118,1780,2,16,calibrated_clipped,0,-0.25987975588165846
7,near_valid,-0.28429593875084164,0.9900321376703491,1.0,0.5654985475573397,0.003488751815377807,0.029219999117781552,0.20878615650368054,0.0957579300829127,sklearn_digits_hidden_completion,118,1780,2,16,oracle_true_score,7,0.9900321376703491
39,shortcut,-0.6822112284985223,0.3018003003492894,0.0,1.0,0.24436989487774868,0.16393946593801637,0.0,0.17500439156937192,sklearn_digits_hidden_completion,118,1780,2,64,min_energy,39,-0.6822112284985223
6,near_valid,-0.2619551336728401,0.9840423717647181,1.0,0.5536121433681307,0.005585169882348651,0.028625870137742523,0.21967975733034595,0.13352466647009564,sklearn_digits_hidden_completion,118,1780,2,64,random_selector,6,6.0
61,near_valid,-0.2720064987836996,0.9857476558178929,1.0,0.5500382301019175,0.004988320463737483,0.0323700891352067,0.22710270645718195,0.045708337071235755,sklearn_digits_hidden_completion,118,1780,2,64,calibrated_clipped,61,-0.2712069315361962
49,near_valid,-0.25538179863081867,0.9938349266202363,1.0,0.546743904804662,0.0021577756829173032,0.02762017474217615,0.22970480229532436,0.11407226880907065,sklearn_digits_hidden_completion,118,1780,2,64,oracle_true_score,49,0.9938349266202363
39,shortcut,-0.6822112284985223,0.3018003003492894,0.0,1.0,0.24436989487774868,0.16393946593801637,0.0,0.17500439156937192,sklearn_digits_hidden_completion,118,1780,2,128,min_energy,39,-0.6822112284985223
73,near_valid,-0.2669118781258336,0.9781176395826174,1.0,0.5566646619304425,0.007658826146083879,0.037415604604290775,0.22016265717002242,0.11007017978813868,sklearn_digits_hidden_completion,118,1780,2,128,random_selector,73,73.0
57,near_valid,-0.27599807175218183,0.9904965927237074,1.0,0.5541992826501799,0.0033261925467024042,0.031181811586231706,0.22408925355755738,0.05082969230775126,sklearn_digits_hidden_completion,118,1780,2,128,calibrated_clipped,57,-0.2694973763504673
49,near_valid,-0.25538179863081867,0.9938349266202363,1.0,0.546743904804662,0.0021577756829173032,0.02762017474217615,0.22970480229532436,0.11407226880907065,sklearn_digits_hidden_completion,118,1780,2,128,oracle_true_score,49,0.9938349266202363
0,near_valid,-0.1944457803991929,0.9650070580251995,1.0,0.515461904249675,0.012247529691180196,0.05776624149715855,0.2898949265155598,0.1057759495253687,sklearn_digits_hidden_completion,119,1796,8,1,min_energy,0,-0.1944457803991929
0,near_valid,-0.1944457803991929,0.9650070580251995,1.0,0.515461904249675,0.012247529691180196,0.05776624149715855,0.2898949265155598,0.1057759495253687,sklearn_digits_hidden_completion,119,1796,8,1,random_selector,0,0.0
0,near_valid,-0.1944457803991929,0.9650070580251995,1.0,0.515461904249675,0.012247529691180196,0.05776624149715855,0.2898949265155598,0.1057759495253687,sklearn_digits_hidden_completion,119,1796,8,1,calibrated_clipped,0,-0.1944457803991929
0,near_valid,-0.1944457803991929,0.9650070580251995,1.0,0.515461904249675,0.012247529691180196,0.05776624149715855,0.2898949265155598,0.1057759495253687,sklearn_digits_hidden_completion,119,1796,8,1,oracle_true_score,0,0.9650070580251995
3,shortcut,-0.4174687369713744,0.8290858064954568,1.0,0.6613298620813837,0.059819967726590116,0.01609576958029011,0.07734027583723278,0.16386176981563663,sklearn_digits_hidden_completion,119,1796,8,4,min_energy,3,-0.4174687369713744
1,random_digit,-0.1190880864747817,0.8106166294642857,1.0,0.5111607142857143,0.0662841796875,0.10675450810228194,0.31101190476190477,0.359375,sklearn_digits_hidden_completion,119,1796,8,4,random_selector,1,1.0
2,class_neighbor,-0.25361849608882725,0.5903617946982695,0.0,0.5526817221997402,0.14337337185560567,0.03129659384927316,0.22860423482403494,0.14450573818952028,sklearn_digits_hidden_completion,119,1796,8,4,calibrated_clipped,2,-0.23686957801129785
0,near_valid,-0.1944457803991929,0.9650070580251995,1.0,0.515461904249675,0.012247529691180196,0.05776624149715855,0.2898949265155598,0.1057759495253687,sklearn_digits_hidden_completion,119,1796,8,4,oracle_true_score,0,0.9650070580251995
3,shortcut,-0.4174687369713744,0.8290858064954568,1.0,0.6613298620813837,0.059819967726590116,0.01609576958029011,0.07734027583723278,0.16386176981563663,sklearn_digits_hidden_completion,119,1796,8,16,min_energy,3,-0.4174687369713744
14,shortcut,-0.35297299983227837,0.43350375038794253,0.0,0.6808540041942486,0.1982736873642201,0.12482018772983824,0.09735881965348636,0.39578057479011464,sklearn_digits_hidden_completion,119,1796,8,16,random_selector,14,14.0
10,class_neighbor,-0.29260128038471933,0.6070766087971868,0.0,0.5822401979700944,0.13752318692098459,0.08928997169747868,0.18988589739180936,0.108918150939303,sklearn_digits_hidden_completion,119,1796,8,16,calibrated_clipped,10,-0.23291274517440272
5,near_valid,-0.1820968019284434,0.9840677757373502,1.0,0.5002619127337355,0.0055762784919274316,0.05676962401158044,0.2970514802950043,0.09183696828644891,sklearn_digits_hidden_completion,119,1796,8,16,oracle_true_score,5,0.9840677757373502
53,shortcut,-0.6497126966433691,0.2791011483885971,0.0,1.0,0.252314598063991,0.13424901678315437,0.0,0.3671875,sklearn_digits_hidden_completion,119,1796,8,64,min_energy,53,-0.6497126966433691
43,near_valid,-0.12909438707616225,0.9577335920101422,1.0,0.46550795419705726,0.014793242796450235,0.06418488445799195,0.35363593430350365,0.06349918906552655,sklearn_digits_hidden_completion,119,1796,8,64,random_selector,43,43.0
28,class_neighbor,-0.2550288577555182,0.898031127084844,1.0,0.5383074615450846,0.035689105520304576,0.03006495063373896,0.2516775104857111,0.021330587547031925,sklearn_digits_hidden_completion,119,1796,8,64,calibrated_clipped,28,-0.23487978532771045
23,near_valid,-0.19173014858940635,0.9923887158325416,1.0,0.5082318854149428,0.0026639494586104223,0.05221732278567198,0.2913816016207902,0.09370210011615868,sklearn_digits_hidden_completion,119,1796,8,64,oracle_true_score,23,0.9923887158325416
82,shortcut,-0.6504091755728576,0.29517744419495906,0.0,1.0,0.24668789453176432,0.130766622135712,0.0,0.3671875,sklearn_digits_hidden_completion,119,1796,8,128,min_energy,82,-0.6504091755728576
23,near_valid,-0.19173014858940635,0.9923887158325416,1.0,0.5082318854149428,0.0026639494586104223,0.05221732278567198,0.2913816016207902,0.09370210011615868,sklearn_digits_hidden_completion,119,1796,8,128,random_selector,23,23.0
87,class_neighbor,-0.2710204585305107,0.86163880934969,1.0,0.5518021514650098,0.0484264167276085,0.017920675795644374,0.23036922933049298,0.06271971888673322,sklearn_digits_hidden_completion,119,1796,8,128,calibrated_clipped,87,-0.23583567712736145
23,near_valid,-0.19173014858940635,0.9923887158325416,1.0,0.5082318854149428,0.0026639494586104223,0.05221732278567198,0.2913816016207902,0.09370210011615868,sklearn_digits_hidden_completion,119,1796,8,128,oracle_true_score,23,0.9923887158325416
