preset,seed,trial,N,method,selection_index,evaluation_budget,candidate_count,selected_energy,selected_true_score,selected_valid,selected_shortcut,energy_tail_gap,invalid_low_energy_rate,pool_valid_rate,pool_true_score,score_execution_spearman,mode_entropy,selected_mode_frequency,artifact_selected
smoke,0,0,1,min_energy,0,1,1.0,-1.7477656760743632,0.0,0.0,1.1092314660887346,0.0,1.0,0.0,0.0,0.0,-0.0,1.0,1.0
smoke,0,0,1,calibrated_clipped,0,1,1.0,-1.7477656760743632,0.0,0.0,1.1092314660887346,0.0,1.0,0.0,0.0,0.0,-0.0,1.0,1.0
smoke,0,0,1,diversity_constrained,0,1,1.0,-1.7477656760743632,0.0,0.0,1.1092314660887346,0.0,1.0,0.0,0.0,0.0,-0.0,1.0,1.0
smoke,0,0,2,min_energy,0,2,2.0,-1.7477656760743632,0.0,0.0,1.1092314660887346,1.1233905661421217,1.0,0.0,0.0,-1.0,0.6931471805599453,0.5,1.0
smoke,0,0,2,calibrated_clipped,0,2,2.0,-1.7477656760743632,0.0,0.0,1.1092314660887346,1.1233905661421217,1.0,0.0,0.0,-1.0,0.6931471805599453,0.5,1.0
smoke,0,0,2,diversity_constrained,0,2,2.0,-1.7477656760743632,0.0,0.0,1.1092314660887346,1.1233905661421217,1.0,0.0,0.0,-1.0,0.6931471805599453,0.5,1.0
smoke,0,0,4,min_energy,2,4,4.0,-1.952,0.0,0.0,1.3499999999999999,1.0669056468183107,1.0,0.25,0.25,0.0,1.3862943611198906,0.25,1.0
smoke,0,0,4,calibrated_clipped,0,4,4.0,-1.7477656760743632,0.0,0.0,1.1092314660887346,0.8626713228926739,1.0,0.25,0.25,0.0,1.3862943611198906,0.25,1.0
smoke,0,0,4,diversity_constrained,2,4,4.0,-1.952,0.0,0.0,1.3499999999999999,1.0669056468183107,1.0,0.25,0.25,0.0,1.3862943611198906,0.25,1.0
smoke,0,0,8,min_energy,2,8,8.0,-1.952,0.0,0.0,1.3499999999999999,1.0669056468183107,1.0,0.375,0.3958333333333333,-0.2619047619047619,2.0794415416798357,0.125,1.0
smoke,0,0,8,calibrated_clipped,5,8,8.0,-1.880646508016065,0.16666666666666663,0.0,1.1492534507420993,0.9955521548343758,1.0,0.375,0.3958333333333333,-0.2619047619047619,2.0794415416798357,0.125,1.0
smoke,0,0,8,diversity_constrained,5,8,8.0,-1.880646508016065,0.16666666666666663,0.0,1.1492534507420993,0.9955521548343758,1.0,0.375,0.3958333333333333,-0.2619047619047619,2.0794415416798357,0.125,1.0
smoke,0,0,16,min_energy,2,16,16.0,-1.952,0.0,0.0,1.3499999999999999,2.056832175022149,1.0,0.3125,0.32291666666666663,-0.08529411764705883,2.772588722239781,0.0625,1.0
smoke,0,0,16,calibrated_clipped,0,16,16.0,-1.7477656760743632,0.0,0.0,1.1092314660887346,1.8525978510965124,1.0,0.3125,0.32291666666666663,-0.08529411764705883,2.772588722239781,0.0625,1.0
smoke,0,0,16,diversity_constrained,5,16,16.0,-1.880646508016065,0.16666666666666663,0.0,1.1492534507420993,1.9854786830382143,1.0,0.3125,0.32291666666666663,-0.08529411764705883,2.772588722239781,0.0625,1.0
smoke,0,0,32,min_energy,2,32,32.0,-1.952,0.0,0.0,1.3499999999999999,2.0775778891279906,1.0,0.3125,0.39062499999999994,-0.07734604105571848,3.4657359027997265,0.03125,1.0
smoke,0,0,32,calibrated_clipped,18,32,32.0,-1.7109448588963532,0.0,0.0,1.0716791944525579,1.8365227480243438,1.0,0.3125,0.39062499999999994,-0.07734604105571848,3.4657359027997265,0.03125,1.0
smoke,0,0,32,diversity_constrained,5,32,32.0,-1.880646508016065,0.16666666666666663,0.0,1.1492534507420993,2.006224397144056,1.0,0.3125,0.39062499999999994,-0.07734604105571848,3.4657359027997265,0.03125,1.0
smoke,0,0,64,min_energy,2,64,64.0,-1.952,0.0,0.0,1.3499999999999999,2.0490898267421827,1.0,0.390625,0.4609375,0.0554029304029304,4.093900535182178,0.03125,1.0
smoke,0,0,64,calibrated_clipped,18,64,64.0,-1.7109448588963532,0.0,0.0,1.0716791944525579,1.8080346856385359,1.0,0.390625,0.4609375,0.0554029304029304,4.093900535182178,0.015625,1.0
smoke,0,0,64,diversity_constrained,37,64,64.0,-1.8393978229327508,0.16666666666666663,0.0,1.093548358260236,1.9364876496749335,1.0,0.390625,0.4609375,0.0554029304029304,4.093900535182178,0.015625,1.0
smoke,0,0,128,min_energy,2,128,128.0,-1.952,0.0,0.0,1.3499999999999999,2.0937616783217567,1.0,0.34375,0.44921875,0.25874954220838675,4.79379026431521,0.015625,1.0
smoke,0,0,128,calibrated_clipped,3,128,128.0,-0.02242303028901537,1.0,1.0,0.13822063761301817,0.16418470861077195,1.0,0.34375,0.44921875,0.25874954220838675,4.79379026431521,0.0078125,0.0
smoke,0,0,128,diversity_constrained,37,128,128.0,-1.8393978229327508,0.16666666666666663,0.0,1.093548358260236,1.9811595012545073,1.0,0.34375,0.44921875,0.25874954220838675,4.79379026431521,0.0078125,1.0
smoke,0,1,1,min_energy,0,1,1.0,0.7431318398039205,0.0,0.0,0.09314069463682027,0.0,1.0,0.0,0.0,0.0,-0.0,1.0,0.0
smoke,0,1,1,calibrated_clipped,0,1,1.0,0.7431318398039205,0.0,0.0,0.09314069463682027,0.0,1.0,0.0,0.0,0.0,-0.0,1.0,0.0
smoke,0,1,1,diversity_constrained,0,1,1.0,0.7431318398039205,0.0,0.0,0.09314069463682027,0.0,1.0,0.0,0.0,0.0,-0.0,1.0,0.0
smoke,0,1,2,min_energy,1,2,2.0,-1.9520000000000008,0.0,0.0,1.3500000000000003,1.3475659199019607,1.0,0.0,0.0,1.0,0.6931471805599453,0.5,1.0
smoke,0,1,2,calibrated_clipped,1,2,2.0,-1.9520000000000008,0.0,0.0,1.3500000000000003,1.3475659199019607,1.0,0.0,0.0,1.0,0.6931471805599453,0.5,1.0
smoke,0,1,2,diversity_constrained,1,2,2.0,-1.9520000000000008,0.0,0.0,1.3500000000000003,1.3475659199019607,1.0,0.0,0.0,1.0,0.6931471805599453,0.5,1.0
smoke,0,1,4,min_energy,1,4,4.0,-1.9520000000000008,0.0,0.0,1.3500000000000003,2.6170016375041953,1.0,0.0,0.04166666666666666,0.0,1.3862943611198906,0.25,1.0
smoke,0,1,4,calibrated_clipped,3,4,4.0,0.5868714352044686,0.16666666666666663,0.0,0.11722354298064297,0.07813020229972589,1.0,0.0,0.04166666666666666,0.0,1.3862943611198906,0.25,0.0
smoke,0,1,4,diversity_constrained,1,4,4.0,-1.9520000000000008,0.0,0.0,1.3500000000000003,2.6170016375041953,1.0,0.0,0.04166666666666666,0.0,1.3862943611198906,0.25,1.0
smoke,0,1,8,min_energy,1,8,8.0,-1.9520000000000008,0.0,0.0,1.3500000000000003,1.991615789611713,1.0,0.125,0.2708333333333333,0.16666666666666666,2.0794415416798357,0.125,1.0
smoke,0,1,8,calibrated_clipped,6,8,8.0,-1.8414888131540585,0.16666666666666663,0.0,1.0987856005956493,1.8811046027657707,1.0,0.125,0.2708333333333333,0.16666666666666666,2.0794415416798357,0.125,1.0
smoke,0,1,8,diversity_constrained,6,8,8.0,-1.8414888131540585,0.16666666666666663,0.0,1.0987856005956493,1.8811046027657707,1.0,0.125,0.2708333333333333,0.16666666666666666,2.0794415416798357,0.125,1.0
smoke,0,1,16,min_energy,1,16,16.0,-1.9520000000000008,0.0,0.0,1.3500000000000003,1.9813245598133593,1.0,0.3125,0.4375,0.026470588235294117,2.772588722239781,0.0625,1.0
smoke,0,1,16,calibrated_clipped,6,16,16.0,-1.8414888131540585,0.16666666666666663,0.0,1.0987856005956493,1.870813372967417,1.0,0.3125,0.4375,0.026470588235294117,2.772588722239781,0.0625,1.0
smoke,0,1,16,diversity_constrained,6,16,16.0,-1.8414888131540585,0.16666666666666663,0.0,1.0987856005956493,1.870813372967417,1.0,0.3125,0.4375,0.026470588235294117,2.772588722239781,0.0625,1.0
smoke,0,1,32,min_energy,1,32,32.0,-1.9520000000000008,0.0,0.0,1.3500000000000003,2.072317231564847,1.0,0.3125,0.47395833333333337,0.23643695014662758,3.422414204014729,0.03125,1.0
smoke,0,1,32,calibrated_clipped,26,32,32.0,-1.303713729191087,0.0,0.0,0.9489749275128738,1.424030960755933,1.0,0.3125,0.47395833333333337,0.23643695014662758,3.422414204014729,0.03125,1.0
smoke,0,1,32,diversity_constrained,25,32,32.0,-1.8352635592248743,0.16666666666666663,0.0,1.0890545933603704,1.9555807907897202,1.0,0.3125,0.47395833333333337,0.23643695014662758,3.422414204014729,0.03125,1.0
smoke,0,1,64,min_energy,1,64,64.0,-1.9520000000000008,0.0,0.0,1.3500000000000003,2.062220660231433,1.0,0.40625,0.53125,0.23186813186813188,4.115561384574677,0.03125,1.0
smoke,0,1,64,calibrated_clipped,44,64,64.0,-0.013402021102780187,1.0,1.0,0.1409695002523008,0.12362268133421242,1.0,0.40625,0.53125,0.23186813186813188,4.115561384574677,0.015625,0.0
smoke,0,1,64,diversity_constrained,25,64,64.0,-1.8352635592248743,0.16666666666666663,0.0,1.0890545933603704,1.9454842194563065,1.0,0.40625,0.53125,0.23186813186813188,4.115561384574677,0.015625,1.0
smoke,0,1,128,min_energy,1,128,128.0,-1.9520000000000008,0.0,0.0,1.3500000000000003,2.0861084730784083,1.0,0.40625,0.5638020833333334,0.2588010437648782,4.80870856513462,0.015625,1.0
smoke,0,1,128,calibrated_clipped,94,128,128.0,-0.009439695230720377,1.0,1.0,0.12770804713027148,0.14354816830912792,1.0,0.40625,0.5638020833333334,0.2588010437648782,4.80870856513462,0.0078125,0.0
smoke,0,1,128,diversity_constrained,25,128,128.0,-1.8352635592248743,0.16666666666666663,0.0,1.0890545933603704,1.9693720323032817,1.0,0.40625,0.5638020833333334,0.2588010437648782,4.80870856513462,0.0078125,1.0
smoke,0,2,1,min_energy,0,1,1.0,-0.20906191343015196,1.0,1.0,0.2443888735520102,0.0,0.0,1.0,1.0,0.0,-0.0,1.0,0.0
smoke,0,2,1,calibrated_clipped,0,1,1.0,-0.20906191343015196,1.0,1.0,0.2443888735520102,0.0,0.0,1.0,1.0,0.0,-0.0,1.0,0.0
smoke,0,2,1,diversity_constrained,0,1,1.0,-0.20906191343015196,1.0,1.0,0.2443888735520102,0.0,0.0,1.0,1.0,0.0,-0.0,1.0,0.0
smoke,0,2,2,min_energy,0,2,2.0,-0.20906191343015196,1.0,1.0,0.2443888735520102,0.09301028837601846,0.0,1.0,1.0,-1.0,0.6931471805599453,0.5,0.0
smoke,0,2,2,calibrated_clipped,0,2,2.0,-0.20906191343015196,1.0,1.0,0.2443888735520102,0.09301028837601846,0.0,1.0,1.0,-1.0,0.6931471805599453,0.5,0.0
smoke,0,2,2,diversity_constrained,0,2,2.0,-0.20906191343015196,1.0,1.0,0.2443888735520102,0.09301028837601846,0.0,1.0,1.0,-1.0,0.6931471805599453,0.5,0.0
smoke,0,2,4,min_energy,0,4,4.0,-0.20906191343015196,1.0,1.0,0.2443888735520102,0.31311994908281515,0.0,0.5,0.75,0.8,1.3862943611198906,0.25,0.0
smoke,0,2,4,calibrated_clipped,0,4,4.0,-0.20906191343015196,1.0,1.0,0.2443888735520102,0.31311994908281515,0.0,0.5,0.75,0.8,1.3862943611198906,0.25,0.0
smoke,0,2,4,diversity_constrained,0,4,4.0,-0.20906191343015196,1.0,1.0,0.2443888735520102,0.31311994908281515,0.0,0.5,0.75,0.8,1.3862943611198906,0.25,0.0
smoke,0,2,8,min_energy,6,8,8.0,-1.4518158697134218,0.16666666666666663,0.0,0.9338272093031451,1.7079950384593425,1.0,0.25,0.41666666666666663,0.8095238095238095,2.0794415416798357,0.125,1.0
smoke,0,2,8,calibrated_clipped,0,8,8.0,-0.20906191343015196,1.0,1.0,0.2443888735520102,0.4652410821760727,1.0,0.25,0.41666666666666663,0.8095238095238095,2.0794415416798357,0.125,0.0
smoke,0,2,8,diversity_constrained,6,8,8.0,-1.4518158697134218,0.16666666666666663,0.0,0.9338272093031451,1.7079950384593425,1.0,0.25,0.41666666666666663,0.8095238095238095,2.0794415416798357,0.125,1.0
smoke,0,2,16,min_energy,10,16,16.0,-1.9520000000000008,0.0,0.0,1.3500000000000003,2.2081791687459216,1.0,0.3125,0.40625,0.5823529411764706,2.772588722239781,0.0625,1.0
smoke,0,2,16,calibrated_clipped,12,16,16.0,-0.021644194171882063,1.0,1.0,0.13868810862467762,0.2778233629178028,1.0,0.3125,0.40625,0.5823529411764706,2.772588722239781,0.0625,0.0
smoke,0,2,16,diversity_constrained,10,16,16.0,-1.9520000000000008,0.0,0.0,1.3500000000000003,2.2081791687459216,1.0,0.3125,0.40625,0.5823529411764706,2.772588722239781,0.0625,1.0
smoke,0,2,32,min_energy,10,32,32.0,-1.9520000000000008,0.0,0.0,1.3500000000000003,2.115370299642181,0.75,0.40625,0.5572916666666666,0.6096041055718475,3.4657359027997265,0.03125,1.0
smoke,0,2,32,calibrated_clipped,18,32,32.0,-0.10989635038035232,1.0,1.0,0.1948900383088913,0.2732666500225325,0.75,0.40625,0.5572916666666666,0.6096041055718475,3.4657359027997265,0.03125,0.0
smoke,0,2,32,diversity_constrained,26,32,32.0,-1.8631366310856206,0.16666666666666663,0.0,1.1277506200864782,2.0265069307278005,0.75,0.40625,0.5572916666666666,0.6096041055718475,3.4657359027997265,0.03125,1.0
smoke,0,2,64,min_energy,10,64,64.0,-1.9520000000000008,0.0,0.0,1.3500000000000003,2.1049081154187332,1.0,0.484375,0.578125,0.4571886446886447,4.1588830833596715,0.015625,1.0
smoke,0,2,64,calibrated_clipped,12,64,64.0,-0.021644194171882063,1.0,1.0,0.13868810862467762,0.17455230959061455,1.0,0.484375,0.578125,0.4571886446886447,4.1588830833596715,0.015625,0.0
smoke,0,2,64,diversity_constrained,41,64,64.0,-1.9017164170727792,0.16666666666666663,0.0,1.1721555258037453,2.054624532491512,1.0,0.484375,0.578125,0.4571886446886447,4.1588830833596715,0.015625,1.0
smoke,0,2,128,min_energy,10,128,128.0,-1.9520000000000008,0.0,0.0,1.3500000000000003,2.1049081154187332,1.0,0.375,0.5182291666666667,0.4545298480131844,4.830369414527117,0.0078125,1.0
smoke,0,2,128,calibrated_clipped,12,128,128.0,-0.021644194171882063,1.0,1.0,0.13868810862467762,0.17455230959061455,1.0,0.375,0.5182291666666667,0.4545298480131844,4.830369414527117,0.0078125,0.0
smoke,0,2,128,diversity_constrained,125,128,128.0,-1.8924867994043326,0.16666666666666663,0.0,1.158566020432904,2.0453949148230652,1.0,0.375,0.5182291666666667,0.4545298480131844,4.830369414527117,0.0078125,1.0
smoke,0,3,1,min_energy,0,1,1.0,0.03699171928607163,1.0,1.0,0.13499945864720406,0.0,0.0,1.0,1.0,0.0,-0.0,1.0,0.0
smoke,0,3,1,calibrated_clipped,0,1,1.0,0.03699171928607163,1.0,1.0,0.13499945864720406,0.0,0.0,1.0,1.0,0.0,-0.0,1.0,0.0
smoke,0,3,1,diversity_constrained,0,1,1.0,0.03699171928607163,1.0,1.0,0.13499945864720406,0.0,0.0,1.0,1.0,0.0,-0.0,1.0,0.0
smoke,0,3,2,min_energy,0,2,2.0,0.03699171928607163,1.0,1.0,0.13499945864720406,0.2995664512654195,0.0,0.5,0.5,1.0,0.6931471805599453,0.5,0.0
smoke,0,3,2,calibrated_clipped,0,2,2.0,0.03699171928607163,1.0,1.0,0.13499945864720406,0.2995664512654195,0.0,0.5,0.5,1.0,0.6931471805599453,0.5,0.0
smoke,0,3,2,diversity_constrained,0,2,2.0,0.03699171928607163,1.0,1.0,0.13499945864720406,0.2995664512654195,0.0,0.5,0.5,1.0,0.6931471805599453,0.5,0.0
smoke,0,3,4,min_energy,0,4,4.0,0.03699171928607163,1.0,1.0,0.13499945864720406,0.08163322547949872,0.0,0.75,0.75,0.2,1.3862943611198906,0.25,0.0
smoke,0,3,4,calibrated_clipped,0,4,4.0,0.03699171928607163,1.0,1.0,0.13499945864720406,0.08163322547949872,0.0,0.75,0.75,0.2,1.3862943611198906,0.25,0.0
smoke,0,3,4,diversity_constrained,0,4,4.0,0.03699171928607163,1.0,1.0,0.13499945864720406,0.08163322547949872,0.0,0.75,0.75,0.2,1.3862943611198906,0.25,0.0
smoke,0,3,8,min_energy,4,8,8.0,0.01654456899894263,0.16666666666666663,0.0,0.3536670923635003,0.10324447243042689,1.0,0.5,0.7291666666666667,0.2857142857142857,2.0794415416798357,0.125,0.0
smoke,0,3,8,calibrated_clipped,0,8,8.0,0.03699171928607163,1.0,1.0,0.13499945864720406,0.0827973221432979,1.0,0.5,0.7291666666666667,0.2857142857142857,2.0794415416798357,0.125,0.0
smoke,0,3,8,diversity_constrained,4,8,8.0,0.01654456899894263,0.16666666666666663,0.0,0.3536670923635003,0.10324447243042689,1.0,0.5,0.7291666666666667,0.2857142857142857,2.0794415416798357,0.125,0.0
smoke,0,3,16,min_energy,14,16,16.0,-1.8190480407599072,0.16666666666666663,0.0,1.0734053143964732,1.9647070086808038,1.0,0.3125,0.48958333333333337,0.4470588235294118,2.772588722239781,0.0625,1.0
smoke,0,3,16,calibrated_clipped,9,16,16.0,0.004110928195029389,1.0,1.0,0.15173540146394898,0.14154803972586727,1.0,0.3125,0.48958333333333337,0.4470588235294118,2.772588722239781,0.0625,0.0
smoke,0,3,16,diversity_constrained,14,16,16.0,-1.8190480407599072,0.16666666666666663,0.0,1.0734053143964732,1.9647070086808038,1.0,0.3125,0.48958333333333337,0.4470588235294118,2.772588722239781,0.0625,1.0
smoke,0,3,32,min_energy,18,32,32.0,-1.9520000000000008,0.0,0.0,1.3500000000000003,2.0381103428993614,1.0,0.3125,0.40625,0.23387096774193547,3.4657359027997265,0.03125,1.0
smoke,0,3,32,calibrated_clipped,8,32,32.0,-1.3936198575549361,0.0,0.0,1.0012311271336207,1.4797302004542967,1.0,0.3125,0.40625,0.23387096774193547,3.4657359027997265,0.03125,1.0
smoke,0,3,32,diversity_constrained,19,32,32.0,-1.8352635592248743,0.16666666666666663,0.0,1.0890545933603704,1.9213739021242349,1.0,0.3125,0.40625,0.23387096774193547,3.4657359027997265,0.03125,1.0
smoke,0,3,64,min_energy,18,64,64.0,-1.9520000000000008,0.0,0.0,1.3500000000000003,2.0463336726575734,1.0,0.359375,0.453125,0.2788919413919414,4.1588830833596715,0.015625,1.0
smoke,0,3,64,calibrated_clipped,48,64,64.0,-0.18254453628969464,1.0,1.0,0.21015829234815273,0.2768782089472673,1.0,0.359375,0.453125,0.2788919413919414,4.1588830833596715,0.015625,0.0
smoke,0,3,64,diversity_constrained,51,64,64.0,-1.9131802841567618,0.16666666666666663,0.0,1.180960124412817,2.0075139568143343,1.0,0.359375,0.453125,0.2788919413919414,4.1588830833596715,0.015625,1.0
smoke,0,3,128,min_energy,18,128,128.0,-1.9520000000000008,0.0,0.0,1.3500000000000003,2.104029771075941,1.0,0.3671875,0.48567708333333337,0.5047324208020509,4.830369414527117,0.0078125,1.0
smoke,0,3,128,calibrated_clipped,58,128,128.0,-0.019038526750242386,1.0,1.0,0.14121412068041853,0.17106829782618263,1.0,0.3671875,0.48567708333333337,0.5047324208020509,4.830369414527117,0.0078125,0.0
smoke,0,3,128,diversity_constrained,51,128,128.0,-1.9131802841567618,0.16666666666666663,0.0,1.180960124412817,2.065210055232702,1.0,0.3671875,0.48567708333333337,0.5047324208020509,4.830369414527117,0.0078125,1.0
smoke,1,0,1,min_energy,0,1,1.0,0.09395493031293854,1.0,1.0,0.10880555740052221,0.0,0.0,1.0,1.0,0.0,-0.0,1.0,0.0
smoke,1,0,1,calibrated_clipped,0,1,1.0,0.09395493031293854,1.0,1.0,0.10880555740052221,0.0,0.0,1.0,1.0,0.0,-0.0,1.0,0.0
smoke,1,0,1,diversity_constrained,0,1,1.0,0.09395493031293854,1.0,1.0,0.10880555740052221,0.0,0.0,1.0,1.0,0.0,-0.0,1.0,0.0
smoke,1,0,2,min_energy,0,2,2.0,0.09395493031293854,1.0,1.0,0.10880555740052221,0.04851531142380379,0.0,1.0,1.0,-1.0,0.6931471805599453,0.5,0.0
smoke,1,0,2,calibrated_clipped,0,2,2.0,0.09395493031293854,1.0,1.0,0.10880555740052221,0.04851531142380379,0.0,1.0,1.0,-1.0,0.6931471805599453,0.5,0.0
smoke,1,0,2,diversity_constrained,0,2,2.0,0.09395493031293854,1.0,1.0,0.10880555740052221,0.04851531142380379,0.0,1.0,1.0,-1.0,0.6931471805599453,0.5,0.0
smoke,1,0,4,min_energy,0,4,4.0,0.09395493031293854,1.0,1.0,0.10880555740052221,0.1266899382336158,0.0,0.5,0.7083333333333334,0.8,1.3862943611198906,0.25,0.0
smoke,1,0,4,calibrated_clipped,0,4,4.0,0.09395493031293854,1.0,1.0,0.10880555740052221,0.1266899382336158,0.0,0.5,0.7083333333333334,0.8,1.3862943611198906,0.25,0.0
smoke,1,0,4,diversity_constrained,0,4,4.0,0.09395493031293854,1.0,1.0,0.10880555740052221,0.1266899382336158,0.0,0.5,0.7083333333333334,0.8,1.3862943611198906,0.25,0.0
smoke,1,0,8,min_energy,6,8,8.0,-0.06945462244457205,1.0,1.0,0.17970004687704963,0.26736354425325753,0.0,0.5,0.7291666666666667,0.9761904761904762,2.0794415416798357,0.125,0.0
smoke,1,0,8,calibrated_clipped,5,8,8.0,0.006141751117615006,1.0,1.0,0.15515411309531305,0.19176717069107047,0.0,0.5,0.7291666666666667,0.9761904761904762,2.0794415416798357,0.125,0.0
smoke,1,0,8,diversity_constrained,6,8,8.0,-0.06945462244457205,1.0,1.0,0.17970004687704963,0.26736354425325753,0.0,0.5,0.7291666666666667,0.9761904761904762,2.0794415416798357,0.125,0.0
smoke,1,0,16,min_energy,14,16,16.0,-1.9900336580740217,0.33333333333333337,0.0,1.1522763740593776,2.197987145229507,1.0,0.3125,0.5104166666666667,0.5735294117647058,2.772588722239781,0.0625,1.0
smoke,1,0,16,calibrated_clipped,5,16,16.0,0.006141751117615006,1.0,1.0,0.15515411309531305,0.2018117360378704,1.0,0.3125,0.5104166666666667,0.5735294117647058,2.772588722239781,0.0625,0.0
smoke,1,0,16,diversity_constrained,14,16,16.0,-1.9900336580740217,0.33333333333333337,0.0,1.1522763740593776,2.197987145229507,1.0,0.3125,0.5104166666666667,0.5735294117647058,2.772588722239781,0.0625,1.0
smoke,1,0,32,min_energy,14,32,32.0,-1.9900336580740217,0.33333333333333337,0.0,1.1522763740593776,2.140740696109931,1.0,0.40625,0.5104166666666667,0.3489736070381232,3.4657359027997265,0.03125,1.0
smoke,1,0,32,calibrated_clipped,23,32,32.0,-0.03018406264831966,1.0,1.0,0.143467204363639,0.18089110068422917,1.0,0.40625,0.5104166666666667,0.3489736070381232,3.4657359027997265,0.03125,0.0
smoke,1,0,32,diversity_constrained,14,32,32.0,-1.9900336580740217,0.33333333333333337,0.0,1.1522763740593776,2.140740696109931,1.0,0.40625,0.5104166666666667,0.3489736070381232,3.4657359027997265,0.03125,1.0
smoke,1,0,64,min_energy,14,64,64.0,-1.9900336580740217,0.33333333333333337,0.0,1.1522763740593776,2.1275329249309496,1.0,0.375,0.4739583333333333,0.40966117216117215,4.115561384574677,0.015625,1.0
smoke,1,0,64,calibrated_clipped,23,64,64.0,-0.03018406264831966,1.0,1.0,0.143467204363639,0.16768332950524775,1.0,0.375,0.4739583333333333,0.40966117216117215,4.115561384574677,0.015625,0.0
smoke,1,0,64,diversity_constrained,14,64,64.0,-1.9900336580740217,0.33333333333333337,0.0,1.1522763740593776,2.1275329249309496,1.0,0.375,0.4739583333333333,0.40966117216117215,4.115561384574677,0.015625,1.0
smoke,1,0,128,min_energy,14,128,128.0,-1.9900336580740217,0.33333333333333337,0.0,1.1522763740593776,2.1532368210010917,1.0,0.3828125,0.515625,0.4402009705182201,4.819538989830868,0.0078125,1.0
smoke,1,0,128,calibrated_clipped,23,128,128.0,-0.03018406264831966,1.0,1.0,0.143467204363639,0.1933872255753896,1.0,0.3828125,0.515625,0.4402009705182201,4.819538989830868,0.0078125,0.0
smoke,1,0,128,diversity_constrained,14,128,128.0,-1.9900336580740217,0.33333333333333337,0.0,1.1522763740593776,2.1532368210010917,1.0,0.3828125,0.515625,0.4402009705182201,4.819538989830868,0.0078125,1.0
smoke,1,1,1,min_energy,0,1,1.0,-0.04741889957596798,1.0,1.0,0.1731356213533403,0.0,0.0,1.0,1.0,0.0,-0.0,1.0,0.0
smoke,1,1,1,calibrated_clipped,0,1,1.0,-0.04741889957596798,1.0,1.0,0.1731356213533403,0.0,0.0,1.0,1.0,0.0,-0.0,1.0,0.0
smoke,1,1,1,diversity_constrained,0,1,1.0,-0.04741889957596798,1.0,1.0,0.1731356213533403,0.0,0.0,1.0,1.0,0.0,-0.0,1.0,0.0
smoke,1,1,2,min_energy,0,2,2.0,-0.04741889957596798,1.0,1.0,0.1731356213533403,0.1546547164685238,0.0,0.5,0.5,1.0,0.6931471805599453,0.5,0.0
smoke,1,1,2,calibrated_clipped,0,2,2.0,-0.04741889957596798,1.0,1.0,0.1731356213533403,0.1546547164685238,0.0,0.5,0.5,1.0,0.6931471805599453,0.5,0.0
smoke,1,1,2,diversity_constrained,0,2,2.0,-0.04741889957596798,1.0,1.0,0.1731356213533403,0.1546547164685238,0.0,0.5,0.5,1.0,0.6931471805599453,0.5,0.0
smoke,1,1,4,min_energy,0,4,4.0,-0.04741889957596798,1.0,1.0,0.1731356213533403,0.22602356119886627,0.0,0.25,0.45833333333333337,0.8,1.3862943611198906,0.25,0.0
smoke,1,1,4,calibrated_clipped,0,4,4.0,-0.04741889957596798,1.0,1.0,0.1731356213533403,0.22602356119886627,0.0,0.25,0.45833333333333337,0.8,1.3862943611198906,0.25,0.0
smoke,1,1,4,diversity_constrained,0,4,4.0,-0.04741889957596798,1.0,1.0,0.1731356213533403,0.22602356119886627,0.0,0.25,0.45833333333333337,0.8,1.3862943611198906,0.25,0.0
smoke,1,1,8,min_energy,0,8,8.0,-0.04741889957596798,1.0,1.0,0.1731356213533403,0.19992384902614993,0.0,0.5,0.6041666666666667,0.6428571428571429,2.0794415416798357,0.125,0.0
smoke,1,1,8,calibrated_clipped,7,8,8.0,0.0012794702647654804,1.0,1.0,0.143226454686299,0.15122547918541646,0.0,0.5,0.6041666666666667,0.6428571428571429,2.0794415416798357,0.125,0.0
smoke,1,1,8,diversity_constrained,0,8,8.0,-0.04741889957596798,1.0,1.0,0.1731356213533403,0.19992384902614993,0.0,0.5,0.6041666666666667,0.6428571428571429,2.0794415416798357,0.125,0.0
smoke,1,1,16,min_energy,9,16,16.0,-1.4398859700112467,0.16666666666666663,0.0,0.9951229674996389,1.6102639453851841,0.5,0.375,0.4895833333333333,0.6058823529411764,2.772588722239781,0.0625,1.0
smoke,1,1,16,calibrated_clipped,7,16,16.0,0.0012794702647654804,1.0,1.0,0.143226454686299,0.16909850510917182,0.5,0.375,0.4895833333333333,0.6058823529411764,2.772588722239781,0.0625,0.0
smoke,1,1,16,diversity_constrained,9,16,16.0,-1.4398859700112467,0.16666666666666663,0.0,0.9951229674996389,1.6102639453851841,0.5,0.375,0.4895833333333333,0.6058823529411764,2.772588722239781,0.0625,1.0
smoke,1,1,32,min_energy,17,32,32.0,-1.8255406002758452,0.16666666666666663,0.0,1.0784861597201214,1.9736757788316401,1.0,0.3125,0.4947916666666667,0.5406891495601173,3.4657359027997265,0.03125,1.0
smoke,1,1,32,calibrated_clipped,7,32,32.0,0.0012794702647654804,1.0,1.0,0.143226454686299,0.14685570829102937,1.0,0.3125,0.4947916666666667,0.5406891495601173,3.4657359027997265,0.03125,0.0
smoke,1,1,32,diversity_constrained,17,32,32.0,-1.8255406002758452,0.16666666666666663,0.0,1.0784861597201214,1.9736757788316401,1.0,0.3125,0.4947916666666667,0.5406891495601173,3.4657359027997265,0.03125,1.0
smoke,1,1,64,min_energy,51,64,64.0,-1.952,0.0,0.0,1.3499999999999999,2.1424619300355725,0.7142857142857143,0.375,0.5260416666666666,0.584478021978022,4.1588830833596715,0.015625,1.0
smoke,1,1,64,calibrated_clipped,31,64,64.0,0.04949169628361465,1.0,1.0,0.119405432787973,0.14097023375195772,0.7142857142857143,0.375,0.5260416666666666,0.584478021978022,4.1588830833596715,0.015625,0.0
smoke,1,1,64,diversity_constrained,17,64,64.0,-1.8255406002758452,0.16666666666666663,0.0,1.0784861597201214,2.0160025303114177,0.7142857142857143,0.375,0.5260416666666666,0.584478021978022,4.1588830833596715,0.015625,1.0
smoke,1,1,128,min_energy,51,128,128.0,-1.952,0.0,0.0,1.3499999999999999,2.1262704476188277,1.0,0.359375,0.5065104166666667,0.4358290606116096,4.852030263919617,0.0078125,1.0
smoke,1,1,128,calibrated_clipped,36,128,128.0,0.048547513655860935,1.0,1.0,0.12189344955532173,0.12572293396296666,1.0,0.359375,0.5065104166666667,0.4358290606116096,4.852030263919617,0.0078125,0.0
smoke,1,1,128,diversity_constrained,17,128,128.0,-1.8255406002758452,0.16666666666666663,0.0,1.0784861597201214,1.999811047894673,1.0,0.359375,0.5065104166666667,0.4358290606116096,4.852030263919617,0.0078125,1.0
smoke,1,2,1,min_energy,0,1,1.0,0.10531838505392664,1.0,1.0,0.09844980675575059,0.0,0.0,1.0,1.0,0.0,-0.0,1.0,0.0
smoke,1,2,1,calibrated_clipped,0,1,1.0,0.10531838505392664,1.0,1.0,0.09844980675575059,0.0,0.0,1.0,1.0,0.0,-0.0,1.0,0.0
smoke,1,2,1,diversity_constrained,0,1,1.0,0.10531838505392664,1.0,1.0,0.09844980675575059,0.0,0.0,1.0,1.0,0.0,-0.0,1.0,0.0
smoke,1,2,2,min_energy,1,2,2.0,-0.008365210012645098,1.0,1.0,0.14973564513296647,0.056841797533285866,0.0,1.0,1.0,1.0,0.6931471805599453,0.5,0.0
smoke,1,2,2,calibrated_clipped,1,2,2.0,-0.008365210012645098,1.0,1.0,0.14973564513296647,0.056841797533285866,0.0,1.0,1.0,1.0,0.6931471805599453,0.5,0.0
smoke,1,2,2,diversity_constrained,1,2,2.0,-0.008365210012645098,1.0,1.0,0.14973564513296647,0.056841797533285866,0.0,1.0,1.0,1.0,0.6931471805599453,0.5,0.0
smoke,1,2,4,min_energy,1,4,4.0,-0.008365210012645098,1.0,1.0,0.14973564513296647,0.17281550866512935,0.0,0.5,0.7083333333333334,1.0,1.3862943611198906,0.25,0.0
smoke,1,2,4,calibrated_clipped,1,4,4.0,-0.008365210012645098,1.0,1.0,0.14973564513296647,0.17281550866512935,0.0,0.5,0.7083333333333334,1.0,1.3862943611198906,0.25,0.0
smoke,1,2,4,diversity_constrained,1,4,4.0,-0.008365210012645098,1.0,1.0,0.14973564513296647,0.17281550866512935,0.0,0.5,0.7083333333333334,1.0,1.3862943611198906,0.25,0.0
smoke,1,2,8,min_energy,6,8,8.0,-1.9762841713918062,0.33333333333333337,0.0,1.1408885920925431,2.0638278680466406,1.0,0.625,0.7708333333333334,0.2857142857142857,2.0794415416798357,0.125,1.0
smoke,1,2,8,calibrated_clipped,1,8,8.0,-0.008365210012645098,1.0,1.0,0.14973564513296647,0.09590890666747934,1.0,0.625,0.7708333333333334,0.2857142857142857,2.0794415416798357,0.125,0.0
smoke,1,2,8,diversity_constrained,6,8,8.0,-1.9762841713918062,0.33333333333333337,0.0,1.1408885920925431,2.0638278680466406,1.0,0.625,0.7708333333333334,0.2857142857142857,2.0794415416798357,0.125,1.0
smoke,1,2,16,min_energy,6,16,16.0,-1.9762841713918062,0.33333333333333337,0.0,1.1408885920925431,2.1112519094581095,0.5,0.5625,0.7395833333333334,0.4764705882352941,2.772588722239781,0.0625,1.0
smoke,1,2,16,calibrated_clipped,7,16,16.0,0.06976900825574182,1.0,1.0,0.11184015611871219,0.06519872981056136,0.5,0.5625,0.7395833333333334,0.4764705882352941,2.772588722239781,0.0625,0.0
smoke,1,2,16,diversity_constrained,6,16,16.0,-1.9762841713918062,0.33333333333333337,0.0,1.1408885920925431,2.1112519094581095,0.5,0.5625,0.7395833333333334,0.4764705882352941,2.772588722239781,0.0625,1.0
smoke,1,2,32,min_energy,6,32,32.0,-1.9762841713918062,0.33333333333333337,0.0,1.1408885920925431,2.0885432773239994,1.0,0.46875,0.65625,0.3148826979472141,3.4657359027997265,0.03125,1.0
smoke,1,2,32,calibrated_clipped,1,32,32.0,-0.008365210012645098,1.0,1.0,0.14973564513296647,0.12062431594483827,1.0,0.46875,0.65625,0.3148826979472141,3.4657359027997265,0.03125,0.0
smoke,1,2,32,diversity_constrained,6,32,32.0,-1.9762841713918062,0.33333333333333337,0.0,1.1408885920925431,2.0885432773239994,1.0,0.46875,0.65625,0.3148826979472141,3.4657359027997265,0.03125,1.0
smoke,1,2,64,min_energy,59,64,64.0,-2.005049750406113,0.33333333333333337,0.0,1.1721555258037453,2.140017488472416,1.0,0.421875,0.578125,0.5181318681318682,4.137222233967175,0.015625,1.0
smoke,1,2,64,calibrated_clipped,23,64,64.0,0.016136082617307736,1.0,1.0,0.1335310449026453,0.11883165544899546,1.0,0.421875,0.578125,0.5181318681318682,4.137222233967175,0.015625,0.0
smoke,1,2,64,diversity_constrained,59,64,64.0,-2.005049750406113,0.33333333333333337,0.0,1.1721555258037453,2.140017488472416,1.0,0.421875,0.578125,0.5181318681318682,4.137222233967175,0.015625,1.0
smoke,1,2,128,min_energy,59,128,128.0,-2.005049750406113,0.33333333333333337,0.0,1.1721555258037453,2.14382143234882,1.0,0.3984375,0.5338541666666667,0.46461843069034975,4.789702388192048,0.0234375,1.0
smoke,1,2,128,calibrated_clipped,44,128,128.0,-0.036733529059535676,1.0,1.0,0.16457697231063925,0.17550521100224278,1.0,0.3984375,0.5338541666666667,0.46461843069034975,4.789702388192048,0.0078125,0.0
smoke,1,2,128,diversity_constrained,59,128,128.0,-2.005049750406113,0.33333333333333337,0.0,1.1721555258037453,2.14382143234882,1.0,0.3984375,0.5338541666666667,0.46461843069034975,4.789702388192048,0.0234375,1.0
smoke,1,3,1,min_energy,0,1,1.0,-0.19124832496677727,1.0,1.0,0.2395889655605836,0.0,0.0,1.0,1.0,0.0,-0.0,1.0,0.0
smoke,1,3,1,calibrated_clipped,0,1,1.0,-0.19124832496677727,1.0,1.0,0.2395889655605836,0.0,0.0,1.0,1.0,0.0,-0.0,1.0,0.0
smoke,1,3,1,diversity_constrained,0,1,1.0,-0.19124832496677727,1.0,1.0,0.2395889655605836,0.0,0.0,1.0,1.0,0.0,-0.0,1.0,0.0
smoke,1,3,2,min_energy,0,2,2.0,-0.19124832496677727,1.0,1.0,0.2395889655605836,0.17447183155741364,0.0,1.0,1.0,-1.0,0.6931471805599453,0.5,0.0
smoke,1,3,2,calibrated_clipped,0,2,2.0,-0.19124832496677727,1.0,1.0,0.2395889655605836,0.17447183155741364,0.0,1.0,1.0,-1.0,0.6931471805599453,0.5,0.0
smoke,1,3,2,diversity_constrained,0,2,2.0,-0.19124832496677727,1.0,1.0,0.2395889655605836,0.17447183155741364,0.0,1.0,1.0,-1.0,0.6931471805599453,0.5,0.0
smoke,1,3,4,min_energy,3,4,4.0,-1.7773131746827315,0.0,0.0,1.1492534507420993,1.7276390873702248,1.0,0.75,0.75,-0.8,1.3862943611198906,0.25,1.0
smoke,1,3,4,calibrated_clipped,0,4,4.0,-0.19124832496677727,1.0,1.0,0.2395889655605836,0.1415742376542706,1.0,0.75,0.75,-0.8,1.3862943611198906,0.25,0.0
smoke,1,3,4,diversity_constrained,3,4,4.0,-1.7773131746827315,0.0,0.0,1.1492534507420993,1.7276390873702248,1.0,0.75,0.75,-0.8,1.3862943611198906,0.25,1.0
smoke,1,3,8,min_energy,3,8,8.0,-1.7773131746827315,0.0,0.0,1.1492534507420993,1.905121173191177,1.0,0.5,0.5,0.14285714285714285,2.0794415416798357,0.125,1.0
smoke,1,3,8,calibrated_clipped,0,8,8.0,-0.19124832496677727,1.0,1.0,0.2395889655605836,0.31905632347522284,1.0,0.5,0.5,0.14285714285714285,2.0794415416798357,0.125,0.0
smoke,1,3,8,diversity_constrained,3,8,8.0,-1.7773131746827315,0.0,0.0,1.1492534507420993,1.905121173191177,1.0,0.5,0.5,0.14285714285714285,2.0794415416798357,0.125,1.0
smoke,1,3,16,min_energy,3,16,16.0,-1.7773131746827315,0.0,0.0,1.1492534507420993,1.946110770897071,0.5,0.4375,0.5416666666666667,0.4176470588235294,2.772588722239781,0.0625,1.0
smoke,1,3,16,calibrated_clipped,2,16,16.0,0.09190015034176392,1.0,1.0,0.108480647204509,0.07689744587257562,0.5,0.4375,0.5416666666666667,0.4176470588235294,2.772588722239781,0.0625,0.0
smoke,1,3,16,diversity_constrained,3,16,16.0,-1.7773131746827315,0.0,0.0,1.1492534507420993,1.946110770897071,0.5,0.4375,0.5416666666666667,0.4176470588235294,2.772588722239781,0.0625,1.0
smoke,1,3,32,min_energy,19,32,32.0,-1.8644651037518258,0.16666666666666663,0.0,1.1262301852374914,2.021830785048723,1.0,0.40625,0.515625,0.4090909090909091,3.4657359027997265,0.03125,1.0
smoke,1,3,32,calibrated_clipped,18,32,32.0,-0.2075045591448641,1.0,1.0,0.23839684148064275,0.36487024044176125,1.0,0.40625,0.515625,0.4090909090909091,3.4657359027997265,0.03125,0.0
smoke,1,3,32,diversity_constrained,19,32,32.0,-1.8644651037518258,0.16666666666666663,0.0,1.1262301852374914,2.021830785048723,1.0,0.40625,0.515625,0.4090909090909091,3.4657359027997265,0.03125,1.0
smoke,1,3,64,min_energy,39,64,64.0,-2.1586666666666674,0.33333333333333337,0.0,1.3500000000000003,2.304732675574922,1.0,0.46875,0.546875,0.20448717948717948,4.137222233967175,0.015625,1.0
smoke,1,3,64,calibrated_clipped,63,64,64.0,-0.11965198448813143,1.0,1.0,0.17683707574718965,0.26571799339638574,1.0,0.46875,0.546875,0.20448717948717948,4.137222233967175,0.015625,0.0
smoke,1,3,64,diversity_constrained,39,64,64.0,-2.1586666666666674,0.33333333333333337,0.0,1.3500000000000003,2.304732675574922,1.0,0.46875,0.546875,0.20448717948717948,4.137222233967175,0.015625,1.0
smoke,1,3,128,min_energy,39,128,128.0,-2.1586666666666674,0.33333333333333337,0.0,1.3500000000000003,2.3156311998069516,1.0,0.4375,0.5442708333333333,0.4010426203991943,4.830369414527117,0.0078125,1.0
smoke,1,3,128,calibrated_clipped,71,128,128.0,-0.0309464264669998,1.0,1.0,0.14983919829396228,0.18791095960728393,1.0,0.4375,0.5442708333333333,0.4010426203991943,4.830369414527117,0.0078125,0.0
smoke,1,3,128,diversity_constrained,39,128,128.0,-2.1586666666666674,0.33333333333333337,0.0,1.3500000000000003,2.3156311998069516,1.0,0.4375,0.5442708333333333,0.4010426203991943,4.830369414527117,0.0078125,1.0
smoke,2,0,1,min_energy,0,1,1.0,0.12079169955172249,0.8333333333333334,0.0,0.13909541994077562,0.0,1.0,0.0,0.8333333333333334,0.0,-0.0,1.0,0.0
smoke,2,0,1,calibrated_clipped,0,1,1.0,0.12079169955172249,0.8333333333333334,0.0,0.13909541994077562,0.0,1.0,0.0,0.8333333333333334,0.0,-0.0,1.0,0.0
smoke,2,0,1,diversity_constrained,0,1,1.0,0.12079169955172249,0.8333333333333334,0.0,0.13909541994077562,0.0,1.0,0.0,0.8333333333333334,0.0,-0.0,1.0,0.0
smoke,2,0,2,min_energy,0,2,2.0,0.12079169955172249,0.8333333333333334,0.0,0.13909541994077562,0.3075739888271658,1.0,0.0,0.4166666666666667,1.0,0.6931471805599453,0.5,0.0
smoke,2,0,2,calibrated_clipped,0,2,2.0,0.12079169955172249,0.8333333333333334,0.0,0.13909541994077562,0.3075739888271658,1.0,0.0,0.4166666666666667,1.0,0.6931471805599453,0.5,0.0
smoke,2,0,2,diversity_constrained,0,2,2.0,0.12079169955172249,0.8333333333333334,0.0,0.13909541994077562,0.3075739888271658,1.0,0.0,0.4166666666666667,1.0,0.6931471805599453,0.5,0.0
smoke,2,0,4,min_energy,0,4,4.0,0.12079169955172249,0.8333333333333334,0.0,0.13909541994077562,0.24753536609845012,1.0,0.0,0.45833333333333337,0.8,1.3862943611198906,0.25,0.0
smoke,2,0,4,calibrated_clipped,0,4,4.0,0.12079169955172249,0.8333333333333334,0.0,0.13909541994077562,0.24753536609845012,1.0,0.0,0.45833333333333337,0.8,1.3862943611198906,0.25,0.0
smoke,2,0,4,diversity_constrained,0,4,4.0,0.12079169955172249,0.8333333333333334,0.0,0.13909541994077562,0.24753536609845012,1.0,0.0,0.45833333333333337,0.8,1.3862943611198906,0.25,0.0
smoke,2,0,8,min_energy,5,8,8.0,-1.9520000000000008,0.0,0.0,1.3500000000000003,2.0984520979280745,1.0,0.0,0.33333333333333337,-0.14285714285714285,2.0794415416798357,0.125,1.0
smoke,2,0,8,calibrated_clipped,6,8,8.0,-1.7401394185791195,0.0,0.0,1.097977628890347,1.886591516507193,1.0,0.0,0.33333333333333337,-0.14285714285714285,2.0794415416798357,0.125,1.0
smoke,2,0,8,diversity_constrained,5,8,8.0,-1.9520000000000008,0.0,0.0,1.3500000000000003,2.0984520979280745,1.0,0.0,0.33333333333333337,-0.14285714285714285,2.0794415416798357,0.125,1.0
smoke,2,0,16,min_energy,5,16,16.0,-1.9520000000000008,0.0,0.0,1.3500000000000003,2.0624460513699585,1.0,0.1875,0.40625,0.0029411764705882353,2.772588722239781,0.0625,1.0
smoke,2,0,16,calibrated_clipped,6,16,16.0,-1.7401394185791195,0.0,0.0,1.097977628890347,1.8505854699490771,1.0,0.1875,0.40625,0.0029411764705882353,2.772588722239781,0.0625,1.0
smoke,2,0,16,diversity_constrained,5,16,16.0,-1.9520000000000008,0.0,0.0,1.3500000000000003,2.0624460513699585,1.0,0.1875,0.40625,0.0029411764705882353,2.772588722239781,0.0625,1.0
smoke,2,0,32,min_energy,5,32,32.0,-1.9520000000000008,0.0,0.0,1.3500000000000003,2.1135629780407683,1.0,0.28125,0.45833333333333337,0.4959677419354839,3.4657359027997265,0.03125,1.0
smoke,2,0,32,calibrated_clipped,8,32,32.0,0.06195235688414127,1.0,1.0,0.12280764010790812,0.09961062115662636,1.0,0.28125,0.45833333333333337,0.4959677419354839,3.4657359027997265,0.03125,0.0
smoke,2,0,32,diversity_constrained,5,32,32.0,-1.9520000000000008,0.0,0.0,1.3500000000000003,2.1135629780407683,1.0,0.28125,0.45833333333333337,0.4959677419354839,3.4657359027997265,0.03125,1.0
smoke,2,0,64,min_energy,5,64,64.0,-1.9520000000000008,0.0,0.0,1.3500000000000003,2.1250817206168557,1.0,0.328125,0.48437500000000006,0.5456501831501831,4.1588830833596715,0.015625,1.0
smoke,2,0,64,calibrated_clipped,12,64,64.0,0.00902208975534824,1.0,1.0,0.14503763391722227,0.16405963086150688,1.0,0.328125,0.48437500000000006,0.5456501831501831,4.1588830833596715,0.015625,0.0
smoke,2,0,64,diversity_constrained,5,64,64.0,-1.9520000000000008,0.0,0.0,1.3500000000000003,2.1250817206168557,1.0,0.328125,0.48437500000000006,0.5456501831501831,4.1588830833596715,0.015625,1.0
smoke,2,0,128,min_energy,93,128,128.0,-1.9817665424311568,0.33333333333333337,0.0,1.1446737780048801,2.1388634099868358,1.0,0.375,0.5013020833333334,0.38101423731917233,4.852030263919617,0.0078125,1.0
smoke,2,0,128,calibrated_clipped,87,128,128.0,-0.03193766598394858,1.0,1.0,0.1455186772507112,0.18903453353962762,1.0,0.375,0.5013020833333334,0.38101423731917233,4.852030263919617,0.0078125,0.0
smoke,2,0,128,diversity_constrained,93,128,128.0,-1.9817665424311568,0.33333333333333337,0.0,1.1446737780048801,2.1388634099868358,1.0,0.375,0.5013020833333334,0.38101423731917233,4.852030263919617,0.0078125,1.0
smoke,2,1,1,min_energy,0,1,1.0,0.615645029997836,0.16666666666666663,0.0,0.11427419963707415,0.0,1.0,0.0,0.16666666666666663,0.0,-0.0,1.0,0.0
smoke,2,1,1,calibrated_clipped,0,1,1.0,0.615645029997836,0.16666666666666663,0.0,0.11427419963707415,0.0,1.0,0.0,0.16666666666666663,0.0,-0.0,1.0,0.0
smoke,2,1,1,diversity_constrained,0,1,1.0,0.615645029997836,0.16666666666666663,0.0,0.11427419963707415,0.0,1.0,0.0,0.16666666666666663,0.0,-0.0,1.0,0.0
smoke,2,1,2,min_energy,1,2,2.0,-1.7696175047251395,0.0,0.0,1.1408885920925431,1.1926312673614876,1.0,0.0,0.08333333333333331,-1.0,0.6931471805599453,0.5,1.0
smoke,2,1,2,calibrated_clipped,1,2,2.0,-1.7696175047251395,0.0,0.0,1.1408885920925431,1.1926312673614876,1.0,0.0,0.08333333333333331,-1.0,0.6931471805599453,0.5,1.0
smoke,2,1,2,diversity_constrained,1,2,2.0,-1.7696175047251395,0.0,0.0,1.1408885920925431,1.1926312673614876,1.0,0.0,0.08333333333333331,-1.0,0.6931471805599453,0.5,1.0
smoke,2,1,4,min_energy,1,4,4.0,-1.7696175047251395,0.0,0.0,1.1408885920925431,1.9051334599496748,1.0,0.25,0.5,-0.2,1.3862943611198906,0.25,1.0
smoke,2,1,4,calibrated_clipped,3,4,4.0,0.09019480080753142,1.0,1.0,0.12537298172709363,0.045321154417003934,1.0,0.25,0.5,-0.2,1.3862943611198906,0.25,0.0
smoke,2,1,4,diversity_constrained,1,4,4.0,-1.7696175047251395,0.0,0.0,1.1408885920925431,1.9051334599496748,1.0,0.25,0.5,-0.2,1.3862943611198906,0.25,1.0
smoke,2,1,8,min_energy,1,8,8.0,-1.7696175047251395,0.0,0.0,1.1408885920925431,2.167858574544827,1.0,0.25,0.375,0.21428571428571427,2.0794415416798357,0.125,1.0
smoke,2,1,8,calibrated_clipped,4,8,8.0,0.09405037942238098,1.0,1.0,0.1013432260773081,0.3041906903973067,1.0,0.25,0.375,0.21428571428571427,2.0794415416798357,0.125,0.0
smoke,2,1,8,diversity_constrained,1,8,8.0,-1.7696175047251395,0.0,0.0,1.1408885920925431,2.167858574544827,1.0,0.25,0.375,0.21428571428571427,2.0794415416798357,0.125,1.0
smoke,2,1,16,min_energy,15,16,16.0,-1.8832080547757777,0.16666666666666663,0.0,1.1520377406983089,2.023833886404352,1.0,0.25,0.48958333333333337,0.3235294117647059,2.772588722239781,0.0625,1.0
smoke,2,1,16,calibrated_clipped,12,16,16.0,-0.0371408593560935,1.0,1.0,0.15861437676853554,0.17776669098466763,1.0,0.25,0.48958333333333337,0.3235294117647059,2.772588722239781,0.0625,0.0
smoke,2,1,16,diversity_constrained,10,16,16.0,-1.8141741155542643,0.16666666666666663,0.0,1.066131285022751,1.9547999471828386,1.0,0.25,0.48958333333333337,0.3235294117647059,2.772588722239781,0.0625,1.0
smoke,2,1,32,min_energy,15,32,32.0,-1.8832080547757777,0.16666666666666663,0.0,1.1520377406983089,1.975330644890734,1.0,0.34375,0.546875,0.47947214076246336,3.4657359027997265,0.03125,1.0
smoke,2,1,32,calibrated_clipped,31,32,32.0,-0.0027415934506426704,1.0,1.0,0.1300910874766191,0.09486418356559888,1.0,0.34375,0.546875,0.47947214076246336,3.4657359027997265,0.03125,0.0
smoke,2,1,32,diversity_constrained,29,32,32.0,-1.8510990094076962,0.16666666666666663,0.0,1.1092314660887346,1.9432215995226525,1.0,0.34375,0.546875,0.47947214076246336,3.4657359027997265,0.03125,1.0
smoke,2,1,64,min_energy,61,64,64.0,-1.9520000000000008,0.0,0.0,1.3500000000000003,2.104734026467824,1.0,0.34375,0.5416666666666667,0.590521978021978,4.1588830833596715,0.015625,1.0
smoke,2,1,64,calibrated_clipped,31,64,64.0,-0.0027415934506426704,1.0,1.0,0.1300910874766191,0.15547561991846603,1.0,0.34375,0.5416666666666667,0.590521978021978,4.1588830833596715,0.015625,0.0
smoke,2,1,64,diversity_constrained,29,64,64.0,-1.8510990094076962,0.16666666666666663,0.0,1.1092314660887346,2.0038330358755196,1.0,0.34375,0.5416666666666667,0.590521978021978,4.1588830833596715,0.015625,1.0
smoke,2,1,128,min_energy,61,128,128.0,-1.9520000000000008,0.0,0.0,1.3500000000000003,2.129450344361901,1.0,0.3203125,0.4908854166666667,0.5882278886650797,4.852030263919617,0.0078125,1.0
smoke,2,1,128,calibrated_clipped,31,128,128.0,-0.0027415934506426704,1.0,1.0,0.1300910874766191,0.1801919378125431,1.0,0.3203125,0.4908854166666667,0.5882278886650797,4.852030263919617,0.0078125,0.0
smoke,2,1,128,diversity_constrained,29,128,128.0,-1.8510990094076962,0.16666666666666663,0.0,1.1092314660887346,2.0285493537695967,1.0,0.3203125,0.4908854166666667,0.5882278886650797,4.852030263919617,0.0078125,1.0
smoke,2,2,1,min_energy,0,1,1.0,-0.004087760111682264,1.0,1.0,0.1395346292943115,0.0,0.0,1.0,1.0,0.0,-0.0,1.0,0.0
smoke,2,2,1,calibrated_clipped,0,1,1.0,-0.004087760111682264,1.0,1.0,0.1395346292943115,0.0,0.0,1.0,1.0,0.0,-0.0,1.0,0.0
smoke,2,2,1,diversity_constrained,0,1,1.0,-0.004087760111682264,1.0,1.0,0.1395346292943115,0.0,0.0,1.0,1.0,0.0,-0.0,1.0,0.0
smoke,2,2,2,min_energy,0,2,2.0,-0.004087760111682264,1.0,1.0,0.1395346292943115,0.34824733893468884,0.0,0.5,0.5,1.0,0.6931471805599453,0.5,0.0
smoke,2,2,2,calibrated_clipped,0,2,2.0,-0.004087760111682264,1.0,1.0,0.1395346292943115,0.34824733893468884,0.0,0.5,0.5,1.0,0.6931471805599453,0.5,0.0
smoke,2,2,2,diversity_constrained,0,2,2.0,-0.004087760111682264,1.0,1.0,0.1395346292943115,0.34824733893468884,0.0,0.5,0.5,1.0,0.6931471805599453,0.5,0.0
smoke,2,2,4,min_energy,0,4,4.0,-0.004087760111682264,1.0,1.0,0.1395346292943115,0.14109248796454424,0.0,0.75,0.75,0.2,1.3862943611198906,0.25,0.0
smoke,2,2,4,calibrated_clipped,0,4,4.0,-0.004087760111682264,1.0,1.0,0.1395346292943115,0.14109248796454424,0.0,0.75,0.75,0.2,1.3862943611198906,0.25,0.0
smoke,2,2,4,diversity_constrained,0,4,4.0,-0.004087760111682264,1.0,1.0,0.1395346292943115,0.14109248796454424,0.0,0.75,0.75,0.2,1.3862943611198906,0.25,0.0
smoke,2,2,8,min_energy,0,8,8.0,-0.004087760111682264,1.0,1.0,0.1395346292943115,0.24288588303752925,0.0,0.375,0.5833333333333334,0.8095238095238095,2.0794415416798357,0.125,0.0
smoke,2,2,8,calibrated_clipped,2,8,8.0,0.11172351598892194,1.0,1.0,0.10734358718978865,0.12707460693692504,0.0,0.375,0.5833333333333334,0.8095238095238095,2.0794415416798357,0.125,0.0
smoke,2,2,8,diversity_constrained,0,8,8.0,-0.004087760111682264,1.0,1.0,0.1395346292943115,0.24288588303752925,0.0,0.375,0.5833333333333334,0.8095238095238095,2.0794415416798357,0.125,0.0
smoke,2,2,16,min_energy,12,16,16.0,-1.3674941489668158,0.0,0.0,0.9965955734225913,1.6062922718926627,0.5,0.375,0.4791666666666667,0.6941176470588235,2.772588722239781,0.0625,1.0
smoke,2,2,16,calibrated_clipped,13,16,16.0,0.08932291416007519,1.0,1.0,0.1099384599977717,0.1494752087657718,0.5,0.375,0.4791666666666667,0.6941176470588235,2.772588722239781,0.0625,0.0
smoke,2,2,16,diversity_constrained,12,16,16.0,-1.3674941489668158,0.0,0.0,0.9965955734225913,1.6062922718926627,0.5,0.375,0.4791666666666667,0.6941176470588235,2.772588722239781,0.0625,1.0
smoke,2,2,32,min_energy,22,32,32.0,-1.9520000000000008,0.0,0.0,1.3500000000000003,2.1332208578428005,0.75,0.4375,0.515625,0.48570381231671556,3.4657359027997265,0.03125,1.0
smoke,2,2,32,calibrated_clipped,13,32,32.0,0.08932291416007519,1.0,1.0,0.1099384599977717,0.09189794368272435,0.75,0.4375,0.515625,0.48570381231671556,3.4657359027997265,0.03125,0.0
smoke,2,2,32,diversity_constrained,22,32,32.0,-1.9520000000000008,0.0,0.0,1.3500000000000003,2.1332208578428005,0.75,0.4375,0.515625,0.48570381231671556,3.4657359027997265,0.03125,1.0
smoke,2,2,64,min_energy,22,64,64.0,-1.9520000000000008,0.0,0.0,1.3500000000000003,2.117802526813711,0.7142857142857143,0.453125,0.6119791666666667,0.41982600732600733,4.1588830833596715,0.015625,1.0
smoke,2,2,64,calibrated_clipped,11,64,64.0,0.032752890437835566,1.0,1.0,0.1204746401273914,0.13304963637587452,0.7142857142857143,0.453125,0.6119791666666667,0.41982600732600733,4.1588830833596715,0.015625,0.0
smoke,2,2,64,diversity_constrained,22,64,64.0,-1.9520000000000008,0.0,0.0,1.3500000000000003,2.117802526813711,0.7142857142857143,0.453125,0.6119791666666667,0.41982600732600733,4.1588830833596715,0.015625,1.0
smoke,2,2,128,min_energy,22,128,128.0,-1.9520000000000008,0.0,0.0,1.3500000000000003,2.1230250830921564,0.9230769230769231,0.3984375,0.5481770833333333,0.47187442776048344,4.841199839223365,0.015625,1.0
smoke,2,2,128,calibrated_clipped,84,128,128.0,0.045949877533767135,1.0,1.0,0.114245805526751,0.12507520555838866,0.9230769230769231,0.3984375,0.5481770833333333,0.47187442776048344,4.841199839223365,0.0078125,0.0
smoke,2,2,128,diversity_constrained,108,128,128.0,-1.9278008136356737,0.16666666666666663,0.0,1.200508130763413,2.0988258967278295,0.9230769230769231,0.3984375,0.5481770833333333,0.47187442776048344,4.841199839223365,0.0078125,1.0
smoke,2,3,1,min_energy,0,1,1.0,0.1679024589215573,0.8333333333333334,0.0,0.11929666763064238,0.0,1.0,0.0,0.8333333333333334,0.0,-0.0,1.0,0.0
smoke,2,3,1,calibrated_clipped,0,1,1.0,0.1679024589215573,0.8333333333333334,0.0,0.11929666763064238,0.0,1.0,0.0,0.8333333333333334,0.0,-0.0,1.0,0.0
smoke,2,3,1,diversity_constrained,0,1,1.0,0.1679024589215573,0.8333333333333334,0.0,0.11929666763064238,0.0,1.0,0.0,0.8333333333333334,0.0,-0.0,1.0,0.0
smoke,2,3,2,min_energy,0,2,2.0,0.1679024589215573,0.8333333333333334,0.0,0.11929666763064238,0.23757969251041738,1.0,0.0,0.4166666666666667,1.0,0.6931471805599453,0.5,0.0
smoke,2,3,2,calibrated_clipped,0,2,2.0,0.1679024589215573,0.8333333333333334,0.0,0.11929666763064238,0.23757969251041738,1.0,0.0,0.4166666666666667,1.0,0.6931471805599453,0.5,0.0
smoke,2,3,2,diversity_constrained,0,2,2.0,0.1679024589215573,0.8333333333333334,0.0,0.11929666763064238,0.23757969251041738,1.0,0.0,0.4166666666666667,1.0,0.6931471805599453,0.5,0.0
smoke,2,3,4,min_energy,0,4,4.0,0.1679024589215573,0.8333333333333334,0.0,0.11929666763064238,0.2806653531866121,1.0,0.0,0.4166666666666667,0.6,1.3862943611198906,0.25,0.0
smoke,2,3,4,calibrated_clipped,0,4,4.0,0.1679024589215573,0.8333333333333334,0.0,0.11929666763064238,0.2806653531866121,1.0,0.0,0.4166666666666667,0.6,1.3862943611198906,0.25,0.0
smoke,2,3,4,diversity_constrained,0,4,4.0,0.1679024589215573,0.8333333333333334,0.0,0.11929666763064238,0.2806653531866121,1.0,0.0,0.4166666666666667,0.6,1.3862943611198906,0.25,0.0
smoke,2,3,8,min_energy,7,8,8.0,-0.003529958343586632,1.0,1.0,0.15674995024274374,0.21451807794133868,0.0,0.375,0.5833333333333334,0.9047619047619048,2.0794415416798357,0.125,0.0
smoke,2,3,8,calibrated_clipped,5,8,8.0,0.07212510428493586,1.0,1.0,0.12734847285375675,0.1388630153128162,0.0,0.375,0.5833333333333334,0.9047619047619048,2.0794415416798357,0.125,0.0
smoke,2,3,8,diversity_constrained,7,8,8.0,-0.003529958343586632,1.0,1.0,0.15674995024274374,0.21451807794133868,0.0,0.375,0.5833333333333334,0.9047619047619048,2.0794415416798357,0.125,0.0
smoke,2,3,16,min_energy,15,16,16.0,-0.21688324663812825,1.0,1.0,0.23952916121026424,0.4192753218651395,0.0,0.5,0.625,0.888235294117647,2.772588722239781,0.0625,0.0
smoke,2,3,16,calibrated_clipped,13,16,16.0,0.06896144842503926,1.0,1.0,0.11511654543982885,0.133430626801972,0.0,0.5,0.625,0.888235294117647,2.772588722239781,0.0625,0.0
smoke,2,3,16,diversity_constrained,15,16,16.0,-0.21688324663812825,1.0,1.0,0.23952916121026424,0.4192753218651395,0.0,0.5,0.625,0.888235294117647,2.772588722239781,0.0625,0.0
smoke,2,3,32,min_energy,16,32,32.0,-1.7395674465568183,0.0,0.0,1.1045693589056318,1.933597758621817,0.5,0.4375,0.5260416666666667,0.5601173020527859,3.4657359027997265,0.03125,1.0
smoke,2,3,32,calibrated_clipped,21,32,32.0,0.031469050937351285,1.0,1.0,0.13410827514694276,0.1625612611276474,0.5,0.4375,0.5260416666666667,0.5601173020527859,3.4657359027997265,0.03125,0.0
smoke,2,3,32,diversity_constrained,16,32,32.0,-1.7395674465568183,0.0,0.0,1.1045693589056318,1.933597758621817,0.5,0.4375,0.5260416666666667,0.5601173020527859,3.4657359027997265,0.03125,1.0
smoke,2,3,64,min_energy,60,64,64.0,-1.8763574201041135,0.16666666666666663,0.0,1.1445913986638911,2.028472866048631,1.0,0.4375,0.5104166666666666,0.4147893772893773,4.115561384574677,0.015625,1.0
smoke,2,3,64,calibrated_clipped,45,64,64.0,-0.01595308962784181,1.0,1.0,0.13586282009999603,0.16806853557235907,1.0,0.4375,0.5104166666666666,0.4147893772893773,4.115561384574677,0.015625,0.0
smoke,2,3,64,diversity_constrained,60,64,64.0,-1.8763574201041135,0.16666666666666663,0.0,1.1445913986638911,2.028472866048631,1.0,0.4375,0.5104166666666666,0.4147893772893773,4.115561384574677,0.015625,1.0
smoke,2,3,128,min_energy,60,128,128.0,-1.8763574201041135,0.16666666666666663,0.0,1.1445913986638911,2.0489622009529116,1.0,0.40625,0.53515625,0.49753937007874016,4.830369414527117,0.0078125,1.0
smoke,2,3,128,calibrated_clipped,45,128,128.0,-0.01595308962784181,1.0,1.0,0.13586282009999603,0.18855787047663994,1.0,0.40625,0.53515625,0.49753937007874016,4.830369414527117,0.0078125,0.0
smoke,2,3,128,diversity_constrained,75,128,128.0,-1.8540268511079965,0.16666666666666663,0.0,1.1167617288064515,2.0266316319567945,1.0,0.40625,0.53515625,0.49753937007874016,4.830369414527117,0.0078125,1.0
smoke,3,0,1,min_energy,0,1,1.0,0.03992566701216971,1.0,1.0,0.12251119665638222,0.0,0.0,1.0,1.0,0.0,-0.0,1.0,0.0
smoke,3,0,1,calibrated_clipped,0,1,1.0,0.03992566701216971,1.0,1.0,0.12251119665638222,0.0,0.0,1.0,1.0,0.0,-0.0,1.0,0.0
smoke,3,0,1,diversity_constrained,0,1,1.0,0.03992566701216971,1.0,1.0,0.12251119665638222,0.0,0.0,1.0,1.0,0.0,-0.0,1.0,0.0
smoke,3,0,2,min_energy,0,2,2.0,0.03992566701216971,1.0,1.0,0.12251119665638222,0.32998193813048954,0.0,0.5,0.5,1.0,0.6931471805599453,0.5,0.0
smoke,3,0,2,calibrated_clipped,0,2,2.0,0.03992566701216971,1.0,1.0,0.12251119665638222,0.32998193813048954,0.0,0.5,0.5,1.0,0.6931471805599453,0.5,0.0
smoke,3,0,2,diversity_constrained,0,2,2.0,0.03992566701216971,1.0,1.0,0.12251119665638222,0.32998193813048954,0.0,0.5,0.5,1.0,0.6931471805599453,0.5,0.0
smoke,3,0,4,min_energy,2,4,4.0,-2.055333333333334,0.16666666666666663,0.0,1.3500000000000003,2.355545496045193,1.0,0.25,0.33333333333333326,0.4,1.3862943611198906,0.25,1.0
smoke,3,0,4,calibrated_clipped,0,4,4.0,0.03992566701216971,1.0,1.0,0.12251119665638222,0.2602864956996895,1.0,0.25,0.33333333333333326,0.4,1.3862943611198906,0.25,0.0
smoke,3,0,4,diversity_constrained,2,4,4.0,-2.055333333333334,0.16666666666666663,0.0,1.3500000000000003,2.355545496045193,1.0,0.25,0.33333333333333326,0.4,1.3862943611198906,0.25,1.0
smoke,3,0,8,min_energy,2,8,8.0,-2.055333333333334,0.16666666666666663,0.0,1.3500000000000003,2.4064208624910175,1.0,0.375,0.41666666666666663,0.6666666666666666,2.0794415416798357,0.125,1.0
smoke,3,0,8,calibrated_clipped,5,8,8.0,-0.02669232241184296,1.0,1.0,0.16419580714424162,0.37777985156952654,1.0,0.375,0.41666666666666663,0.6666666666666666,2.0794415416798357,0.125,0.0
smoke,3,0,8,diversity_constrained,2,8,8.0,-2.055333333333334,0.16666666666666663,0.0,1.3500000000000003,2.4064208624910175,1.0,0.375,0.41666666666666663,0.6666666666666666,2.0794415416798357,0.125,1.0
smoke,3,0,16,min_energy,2,16,16.0,-2.055333333333334,0.16666666666666663,0.0,1.3500000000000003,2.288913054636337,1.0,0.375,0.46875,0.6,2.772588722239781,0.0625,1.0
smoke,3,0,16,calibrated_clipped,5,16,16.0,-0.02669232241184296,1.0,1.0,0.16419580714424162,0.2602720437148462,1.0,0.375,0.46875,0.6,2.772588722239781,0.0625,0.0
smoke,3,0,16,diversity_constrained,2,16,16.0,-2.055333333333334,0.16666666666666663,0.0,1.3500000000000003,2.288913054636337,1.0,0.375,0.46875,0.6,2.772588722239781,0.0625,1.0
smoke,3,0,32,min_energy,2,32,32.0,-2.055333333333334,0.16666666666666663,0.0,1.3500000000000003,2.1897790399674095,1.0,0.4375,0.515625,0.2470674486803519,3.4657359027997265,0.03125,1.0
smoke,3,0,32,calibrated_clipped,16,32,32.0,-0.08406417484325748,1.0,1.0,0.1656779857049046,0.21850988147733322,1.0,0.4375,0.515625,0.2470674486803519,3.4657359027997265,0.03125,0.0
smoke,3,0,32,diversity_constrained,2,32,32.0,-2.055333333333334,0.16666666666666663,0.0,1.3500000000000003,2.1897790399674095,1.0,0.4375,0.515625,0.2470674486803519,3.4657359027997265,0.03125,1.0
smoke,3,0,64,min_energy,2,64,64.0,-2.055333333333334,0.16666666666666663,0.0,1.3500000000000003,2.1923843909245893,1.0,0.4375,0.5963541666666666,0.2125,4.1588830833596715,0.015625,1.0
smoke,3,0,64,calibrated_clipped,16,64,64.0,-0.08406417484325748,1.0,1.0,0.1656779857049046,0.22111523243451267,1.0,0.4375,0.5963541666666666,0.2125,4.1588830833596715,0.015625,0.0
smoke,3,0,64,diversity_constrained,2,64,64.0,-2.055333333333334,0.16666666666666663,0.0,1.3500000000000003,2.1923843909245893,1.0,0.4375,0.5963541666666666,0.2125,4.1588830833596715,0.015625,1.0
smoke,3,0,128,min_energy,2,128,128.0,-2.055333333333334,0.16666666666666663,0.0,1.3500000000000003,2.193956631839793,1.0,0.4296875,0.57421875,0.2161634773850943,4.841199839223365,0.0078125,1.0
smoke,3,0,128,calibrated_clipped,16,128,128.0,-0.08406417484325748,1.0,1.0,0.1656779857049046,0.22268747334971653,1.0,0.4296875,0.57421875,0.2161634773850943,4.841199839223365,0.0078125,0.0
smoke,3,0,128,diversity_constrained,66,128,128.0,-1.9285449866828719,0.16666666666666663,0.0,1.1976608880281543,2.067168285189331,1.0,0.4296875,0.57421875,0.2161634773850943,4.841199839223365,0.0078125,1.0
smoke,3,1,1,min_energy,0,1,1.0,0.6190131032579864,0.16666666666666663,0.0,0.10849399782869118,0.0,1.0,0.0,0.16666666666666663,0.0,-0.0,1.0,0.0
smoke,3,1,1,calibrated_clipped,0,1,1.0,0.6190131032579864,0.16666666666666663,0.0,0.10849399782869118,0.0,1.0,0.0,0.16666666666666663,0.0,-0.0,1.0,0.0
smoke,3,1,1,diversity_constrained,0,1,1.0,0.6190131032579864,0.16666666666666663,0.0,0.10849399782869118,0.0,1.0,0.0,0.16666666666666663,0.0,-0.0,1.0,0.0
smoke,3,1,2,min_energy,0,2,2.0,0.6190131032579864,0.16666666666666663,0.0,0.10849399782869118,0.060184146286690554,1.0,0.0,0.08333333333333331,1.0,0.6931471805599453,0.5,0.0
smoke,3,1,2,calibrated_clipped,0,2,2.0,0.6190131032579864,0.16666666666666663,0.0,0.10849399782869118,0.060184146286690554,1.0,0.0,0.08333333333333331,1.0,0.6931471805599453,0.5,0.0
smoke,3,1,2,diversity_constrained,0,2,2.0,0.6190131032579864,0.16666666666666663,0.0,0.10849399782869118,0.060184146286690554,1.0,0.0,0.08333333333333331,1.0,0.6931471805599453,0.5,0.0
smoke,3,1,4,min_energy,3,4,4.0,-1.798383083739446,0.0,0.0,1.1721555258037453,1.2370694070304677,1.0,0.0,0.04166666666666666,0.4,1.3862943611198906,0.25,1.0
smoke,3,1,4,calibrated_clipped,2,4,4.0,-1.7416404566759431,0.0,0.0,1.0996091920390683,1.1803267799669648,1.0,0.0,0.04166666666666666,0.4,1.3862943611198906,0.25,1.0
smoke,3,1,4,diversity_constrained,3,4,4.0,-1.798383083739446,0.0,0.0,1.1721555258037453,1.2370694070304677,1.0,0.0,0.04166666666666666,0.4,1.3862943611198906,0.25,1.0
smoke,3,1,8,min_energy,3,8,8.0,-1.798383083739446,0.0,0.0,1.1721555258037453,1.9750253233798616,1.0,0.125,0.3541666666666667,0.16666666666666666,2.0794415416798357,0.125,1.0
smoke,3,1,8,calibrated_clipped,2,8,8.0,-1.7416404566759431,0.0,0.0,1.0996091920390683,1.9182826963163586,1.0,0.125,0.3541666666666667,0.16666666666666666,2.0794415416798357,0.125,1.0
smoke,3,1,8,diversity_constrained,2,8,8.0,-1.7416404566759431,0.0,0.0,1.0996091920390683,1.9182826963163586,1.0,0.125,0.3541666666666667,0.16666666666666666,2.0794415416798357,0.125,1.0
smoke,3,1,16,min_energy,3,16,16.0,-1.798383083739446,0.0,0.0,1.1721555258037453,1.9239569848385982,1.0,0.1875,0.39583333333333337,0.17058823529411765,2.685945324669788,0.125,1.0
smoke,3,1,16,calibrated_clipped,11,16,16.0,-0.4126561158521439,0.33333333333333337,0.0,0.5175448067088284,0.538230016951296,1.0,0.1875,0.39583333333333337,0.17058823529411765,2.685945324669788,0.0625,0.0
smoke,3,1,16,diversity_constrained,2,16,16.0,-1.7416404566759431,0.0,0.0,1.0996091920390683,1.8672143577750953,1.0,0.1875,0.39583333333333337,0.17058823529411765,2.685945324669788,0.0625,1.0
smoke,3,1,32,min_energy,29,32,32.0,-1.9520000000000008,0.0,0.0,1.3500000000000003,2.0840191939664576,1.0,0.1875,0.3385416666666667,0.23093841642228738,3.3790925052297323,0.0625,1.0
smoke,3,1,32,calibrated_clipped,14,32,32.0,-1.4007177713541066,0.0,0.0,1.0078120897865899,1.5327369653205631,1.0,0.1875,0.3385416666666667,0.23093841642228738,3.3790925052297323,0.0625,1.0
smoke,3,1,32,diversity_constrained,28,32,32.0,-1.8391270404303066,0.0,0.0,1.2127863087681194,1.9711462343967632,1.0,0.1875,0.3385416666666667,0.23093841642228738,3.3790925052297323,0.03125,1.0
smoke,3,1,64,min_energy,56,64,64.0,-1.9865413881091112,0.33333333333333337,0.0,1.1520377406983089,2.122121029207123,1.0,0.21875,0.4479166666666667,0.28736263736263734,4.115561384574677,0.015625,1.0
smoke,3,1,64,calibrated_clipped,33,64,64.0,0.029276435579114843,1.0,1.0,0.12003080493817879,0.10630320551889698,1.0,0.21875,0.4479166666666667,0.28736263736263734,4.115561384574677,0.015625,0.0
smoke,3,1,64,diversity_constrained,56,64,64.0,-1.9865413881091112,0.33333333333333337,0.0,1.1520377406983089,2.122121029207123,1.0,0.21875,0.4479166666666667,0.28736263736263734,4.115561384574677,0.015625,1.0
smoke,3,1,128,min_energy,82,128,128.0,-2.006140132683524,0.33333333333333337,0.0,1.173143095472868,2.1505735682395444,1.0,0.3125,0.48828125,0.3591432429957883,4.7788719634958,0.0234375,1.0
smoke,3,1,128,calibrated_clipped,100,128,128.0,-0.009449077846617448,1.0,1.0,0.13079022766076928,0.15388251340263767,1.0,0.3125,0.48828125,0.3591432429957883,4.7788719634958,0.0078125,0.0
smoke,3,1,128,diversity_constrained,80,128,128.0,-1.9586729292555578,0.33333333333333337,0.0,1.1108763723792292,2.103106364811578,1.0,0.3125,0.48828125,0.3591432429957883,4.7788719634958,0.0078125,1.0
smoke,3,2,1,min_energy,0,1,1.0,-1.5363151121579943,0.33333333333333337,0.0,0.9834007288550909,0.0,1.0,0.0,0.33333333333333337,0.0,-0.0,1.0,1.0
smoke,3,2,1,calibrated_clipped,0,1,1.0,-1.5363151121579943,0.33333333333333337,0.0,0.9834007288550909,0.0,1.0,0.0,0.33333333333333337,0.0,-0.0,1.0,1.0
smoke,3,2,1,diversity_constrained,0,1,1.0,-1.5363151121579943,0.33333333333333337,0.0,0.9834007288550909,0.0,1.0,0.0,0.33333333333333337,0.0,-0.0,1.0,1.0
smoke,3,2,2,min_energy,0,2,2.0,-1.5363151121579943,0.33333333333333337,0.0,0.9834007288550909,0.8124953596914127,1.0,0.5,0.6666666666666667,-1.0,0.6931471805599453,0.5,1.0
smoke,3,2,2,calibrated_clipped,0,2,2.0,-1.5363151121579943,0.33333333333333337,0.0,0.9834007288550909,0.8124953596914127,1.0,0.5,0.6666666666666667,-1.0,0.6931471805599453,0.5,1.0
smoke,3,2,2,diversity_constrained,0,2,2.0,-1.5363151121579943,0.33333333333333337,0.0,0.9834007288550909,0.8124953596914127,1.0,0.5,0.6666666666666667,-1.0,0.6931471805599453,0.5,1.0
smoke,3,2,4,min_energy,0,4,4.0,-1.5363151121579943,0.33333333333333337,0.0,0.9834007288550909,1.5607198536184532,1.0,0.75,0.8333333333333334,-0.2,1.3862943611198906,0.25,1.0
smoke,3,2,4,calibrated_clipped,3,4,4.0,0.014963602247726743,1.0,1.0,0.14943336881421998,0.009441139212732262,1.0,0.75,0.8333333333333334,-0.2,1.3862943611198906,0.25,0.0
smoke,3,2,4,diversity_constrained,0,4,4.0,-1.5363151121579943,0.33333333333333337,0.0,0.9834007288550909,1.5607198536184532,1.0,0.75,0.8333333333333334,-0.2,1.3862943611198906,0.25,1.0
smoke,3,2,8,min_energy,0,8,8.0,-1.5363151121579943,0.33333333333333337,0.0,0.9834007288550909,1.5975758561070055,1.0,0.5,0.6458333333333334,0.6190476190476191,2.0794415416798357,0.125,1.0
smoke,3,2,8,calibrated_clipped,6,8,8.0,0.011885783040459503,1.0,1.0,0.14458329705167186,0.04937496090855165,1.0,0.5,0.6458333333333334,0.6190476190476191,2.0794415416798357,0.125,0.0
smoke,3,2,8,diversity_constrained,0,8,8.0,-1.5363151121579943,0.33333333333333337,0.0,0.9834007288550909,1.5975758561070055,1.0,0.5,0.6458333333333334,0.6190476190476191,2.0794415416798357,0.125,1.0
smoke,3,2,16,min_energy,0,16,16.0,-1.5363151121579943,0.33333333333333337,0.0,0.9834007288550909,1.6408962687341546,1.0,0.4375,0.6145833333333334,0.5176470588235295,2.772588722239781,0.0625,1.0
smoke,3,2,16,calibrated_clipped,8,16,16.0,0.010930192609604011,1.0,1.0,0.14401058626078225,0.09365096396655626,1.0,0.4375,0.6145833333333334,0.5176470588235295,2.772588722239781,0.0625,0.0
smoke,3,2,16,diversity_constrained,0,16,16.0,-1.5363151121579943,0.33333333333333337,0.0,0.9834007288550909,1.6408962687341546,1.0,0.4375,0.6145833333333334,0.5176470588235295,2.772588722239781,0.0625,1.0
smoke,3,2,32,min_energy,27,32,32.0,-2.055333333333334,0.16666666666666663,0.0,1.3500000000000003,2.246116829046586,1.0,0.3125,0.5052083333333334,0.5458211143695014,3.4657359027997265,0.03125,1.0
smoke,3,2,32,calibrated_clipped,17,32,32.0,0.01588011966303035,1.0,1.0,0.1257790251891758,0.1749033760502217,1.0,0.3125,0.5052083333333334,0.5458211143695014,3.4657359027997265,0.03125,0.0
smoke,3,2,32,diversity_constrained,27,32,32.0,-2.055333333333334,0.16666666666666663,0.0,1.3500000000000003,2.246116829046586,1.0,0.3125,0.5052083333333334,0.5458211143695014,3.4657359027997265,0.03125,1.0
smoke,3,2,64,min_energy,27,64,64.0,-2.055333333333334,0.16666666666666663,0.0,1.3500000000000003,2.211613628809456,1.0,0.3125,0.4817708333333333,0.39033882783882784,4.137222233967175,0.015625,1.0
smoke,3,2,64,calibrated_clipped,17,64,64.0,0.01588011966303035,1.0,1.0,0.1257790251891758,0.14040017581309147,1.0,0.3125,0.4817708333333333,0.39033882783882784,4.137222233967175,0.015625,0.0
smoke,3,2,64,diversity_constrained,27,64,64.0,-2.055333333333334,0.16666666666666663,0.0,1.3500000000000003,2.211613628809456,1.0,0.3125,0.4817708333333333,0.39033882783882784,4.137222233967175,0.015625,1.0
smoke,3,2,128,min_energy,27,128,128.0,-2.055333333333334,0.16666666666666663,0.0,1.3500000000000003,2.197199220262637,1.0,0.3984375,0.5598958333333334,0.38279962461087713,4.830369414527117,0.0078125,1.0
smoke,3,2,128,calibrated_clipped,17,128,128.0,0.01588011966303035,1.0,1.0,0.1257790251891758,0.12598576726627256,1.0,0.3984375,0.5598958333333334,0.38279962461087713,4.830369414527117,0.0078125,0.0
smoke,3,2,128,diversity_constrained,97,128,128.0,-1.9767661771582383,0.33333333333333337,0.0,1.1403255548821425,2.1186320640875413,1.0,0.3984375,0.5598958333333334,0.38279962461087713,4.830369414527117,0.0078125,1.0
smoke,3,3,1,min_energy,0,1,1.0,0.7527342730312157,0.0,0.0,0.10301094881126144,0.0,1.0,0.0,0.0,0.0,-0.0,1.0,0.0
smoke,3,3,1,calibrated_clipped,0,1,1.0,0.7527342730312157,0.0,0.0,0.10301094881126144,0.0,1.0,0.0,0.0,0.0,-0.0,1.0,0.0
smoke,3,3,1,diversity_constrained,0,1,1.0,0.7527342730312157,0.0,0.0,0.10301094881126144,0.0,1.0,0.0,0.0,0.0,-0.0,1.0,0.0
smoke,3,3,2,min_energy,0,2,2.0,0.7527342730312157,0.0,0.0,0.10301094881126144,0.024949736169459724,1.0,0.0,0.0,-1.0,0.6931471805599453,0.5,0.0
smoke,3,3,2,calibrated_clipped,0,2,2.0,0.7527342730312157,0.0,0.0,0.10301094881126144,0.024949736169459724,1.0,0.0,0.0,-1.0,0.6931471805599453,0.5,0.0
smoke,3,3,2,diversity_constrained,0,2,2.0,0.7527342730312157,0.0,0.0,0.10301094881126144,0.024949736169459724,1.0,0.0,0.0,-1.0,0.6931471805599453,0.5,0.0
smoke,3,3,4,min_energy,3,4,4.0,0.05584332942767123,1.0,1.0,0.1280771449709097,0.39238667975150354,0.0,0.5,0.5,0.8,1.3862943611198906,0.25,0.0
smoke,3,3,4,calibrated_clipped,3,4,4.0,0.05584332942767123,1.0,1.0,0.1280771449709097,0.39238667975150354,0.0,0.5,0.5,0.8,1.3862943611198906,0.25,0.0
smoke,3,3,4,diversity_constrained,3,4,4.0,0.05584332942767123,1.0,1.0,0.1280771449709097,0.39238667975150354,0.0,0.5,0.5,0.8,1.3862943611198906,0.25,0.0
smoke,3,3,8,min_energy,6,8,8.0,-0.435848722620124,1.0,1.0,0.33062305316389323,0.8702802134498825,0.0,0.375,0.5,0.9761904761904762,2.0794415416798357,0.125,0.0
smoke,3,3,8,calibrated_clipped,3,8,8.0,0.05584332942767123,1.0,1.0,0.1280771449709097,0.3785881614020873,0.0,0.375,0.5,0.9761904761904762,2.0794415416798357,0.125,0.0
smoke,3,3,8,diversity_constrained,6,8,8.0,-0.435848722620124,1.0,1.0,0.33062305316389323,0.8702802134498825,0.0,0.375,0.5,0.9761904761904762,2.0794415416798357,0.125,0.0
smoke,3,3,16,min_energy,15,16,16.0,-1.219132693750414,0.0,0.0,0.9202645837901482,1.64985590635158,0.5,0.375,0.4375,0.8352941176470589,2.772588722239781,0.0625,1.0
smoke,3,3,16,calibrated_clipped,8,16,16.0,0.029448369644942192,1.0,1.0,0.11714478820101033,0.40127484295622373,0.5,0.375,0.4375,0.8352941176470589,2.772588722239781,0.0625,0.0
smoke,3,3,16,diversity_constrained,15,16,16.0,-1.219132693750414,0.0,0.0,0.9202645837901482,1.64985590635158,0.5,0.375,0.4375,0.8352941176470589,2.772588722239781,0.0625,1.0
smoke,3,3,32,min_energy,16,32,32.0,-1.9520000000000008,0.0,0.0,1.3500000000000003,2.129149295050422,1.0,0.375,0.484375,0.49486803519061584,3.4657359027997265,0.03125,1.0
smoke,3,3,32,calibrated_clipped,8,32,32.0,0.029448369644942192,1.0,1.0,0.11714478820101033,0.14770092540547883,1.0,0.375,0.484375,0.49486803519061584,3.4657359027997265,0.03125,0.0
smoke,3,3,32,diversity_constrained,23,32,32.0,-1.8414888131540585,0.16666666666666663,0.0,1.0987856005956493,2.0186381082044798,1.0,0.375,0.484375,0.49486803519061584,3.4657359027997265,0.03125,1.0
smoke,3,3,64,min_energy,41,64,64.0,-1.9865413881091112,0.33333333333333337,0.0,1.1520377406983089,2.11758578296323,1.0,0.421875,0.5182291666666667,0.26195054945054946,4.1588830833596715,0.015625,1.0
smoke,3,3,64,calibrated_clipped,45,64,64.0,-0.07750042968534587,1.0,1.0,0.16811937914273944,0.2085448245394644,1.0,0.421875,0.5182291666666667,0.26195054945054946,4.1588830833596715,0.015625,0.0
smoke,3,3,64,diversity_constrained,62,64,64.0,-1.9295920734143608,0.33333333333333337,0.0,1.0792667464648844,2.0606364682684792,1.0,0.421875,0.5182291666666667,0.26195054945054946,4.1588830833596715,0.015625,1.0
smoke,3,3,128,min_energy,41,128,128.0,-1.9865413881091112,0.33333333333333337,0.0,1.1520377406983089,2.1474216540605733,1.0,0.3984375,0.4908854166666667,0.4443096502472075,4.841199839223365,0.0078125,1.0
smoke,3,3,128,calibrated_clipped,31,128,128.0,-0.008322541576860073,1.0,1.0,0.13488349139811268,0.16920280752832234,1.0,0.3984375,0.4908854166666667,0.4443096502472075,4.841199839223365,0.0078125,0.0
smoke,3,3,128,diversity_constrained,62,128,128.0,-1.9295920734143608,0.33333333333333337,0.0,1.0792667464648844,2.090472339365823,1.0,0.3984375,0.4908854166666667,0.4443096502472075,4.841199839223365,0.0078125,1.0
smoke,4,0,1,min_energy,0,1,1.0,-1.7798747214424446,0.0,0.0,1.1520377406983089,0.0,1.0,0.0,0.0,0.0,-0.0,1.0,1.0
smoke,4,0,1,calibrated_clipped,0,1,1.0,-1.7798747214424446,0.0,0.0,1.1520377406983089,0.0,1.0,0.0,0.0,0.0,-0.0,1.0,1.0
smoke,4,0,1,diversity_constrained,0,1,1.0,-1.7798747214424446,0.0,0.0,1.1520377406983089,0.0,1.0,0.0,0.0,0.0,-0.0,1.0,1.0
smoke,4,0,2,min_energy,0,2,2.0,-1.7798747214424446,0.0,0.0,1.1520377406983089,0.9001549960152055,1.0,0.0,0.4166666666666667,-1.0,0.6931471805599453,0.5,1.0
smoke,4,0,2,calibrated_clipped,0,2,2.0,-1.7798747214424446,0.0,0.0,1.1520377406983089,0.9001549960152055,1.0,0.0,0.4166666666666667,-1.0,0.6931471805599453,0.5,1.0
smoke,4,0,2,diversity_constrained,0,2,2.0,-1.7798747214424446,0.0,0.0,1.1520377406983089,0.9001549960152055,1.0,0.0,0.4166666666666667,-1.0,0.6931471805599453,0.5,1.0
smoke,4,0,4,min_energy,0,4,4.0,-1.7798747214424446,0.0,0.0,1.1520377406983089,1.7346149889691562,1.0,0.0,0.25,-0.4,1.3862943611198906,0.25,1.0
smoke,4,0,4,calibrated_clipped,3,4,4.0,-0.11095473553454323,0.16666666666666663,0.0,0.421223024224647,0.06569500306125486,1.0,0.0,0.25,-0.4,1.3862943611198906,0.25,0.0
smoke,4,0,4,diversity_constrained,0,4,4.0,-1.7798747214424446,0.0,0.0,1.1520377406983089,1.7346149889691562,1.0,0.0,0.25,-0.4,1.3862943611198906,0.25,1.0
smoke,4,0,8,min_energy,6,8,8.0,-1.798383083739446,0.0,0.0,1.1721555258037453,1.7531233512661577,1.0,0.25,0.375,-0.40476190476190477,2.0794415416798357,0.125,1.0
smoke,4,0,8,calibrated_clipped,5,8,8.0,-1.7773131746827315,0.0,0.0,1.1492534507420993,1.7320534422094431,1.0,0.25,0.375,-0.40476190476190477,2.0794415416798357,0.125,1.0
smoke,4,0,8,diversity_constrained,6,8,8.0,-1.798383083739446,0.0,0.0,1.1721555258037453,1.7531233512661577,1.0,0.25,0.375,-0.40476190476190477,2.0794415416798357,0.125,1.0
smoke,4,0,16,min_energy,6,16,16.0,-1.798383083739446,0.0,0.0,1.1721555258037453,1.8201086583795199,1.0,0.1875,0.375,-0.36470588235294116,2.685945324669788,0.0625,1.0
smoke,4,0,16,calibrated_clipped,10,16,16.0,-1.7679591649780289,0.0,0.0,1.135429922406948,1.7896847396181026,1.0,0.1875,0.375,-0.36470588235294116,2.685945324669788,0.0625,1.0
smoke,4,0,16,diversity_constrained,6,16,16.0,-1.798383083739446,0.0,0.0,1.1721555258037453,1.8201086583795199,1.0,0.1875,0.375,-0.36470588235294116,2.685945324669788,0.0625,1.0
smoke,4,0,32,min_energy,6,32,32.0,-1.798383083739446,0.0,0.0,1.1721555258037453,1.8478092165848112,1.0,0.34375,0.5260416666666666,-0.0021994134897360706,3.422414204014729,0.03125,1.0
smoke,4,0,32,calibrated_clipped,17,32,32.0,-0.13192568720294265,1.0,1.0,0.19849413661048357,0.18135182004830777,1.0,0.34375,0.5260416666666666,-0.0021994134897360706,3.422414204014729,0.03125,0.0
smoke,4,0,32,diversity_constrained,10,32,32.0,-1.7679591649780289,0.0,0.0,1.135429922406948,1.817385297823394,1.0,0.34375,0.5260416666666666,-0.0021994134897360706,3.422414204014729,0.03125,1.0
smoke,4,0,64,min_energy,59,64,64.0,-1.9520000000000008,0.0,0.0,1.3500000000000003,2.0431722083910344,1.0,0.34375,0.5260416666666667,0.14487179487179488,4.115561384574677,0.015625,1.0
smoke,4,0,64,calibrated_clipped,17,64,64.0,-0.13192568720294265,1.0,1.0,0.19849413661048357,0.22309789559397616,1.0,0.34375,0.5260416666666667,0.14487179487179488,4.115561384574677,0.015625,0.0
smoke,4,0,64,diversity_constrained,34,64,64.0,-1.8279433515255787,0.0,0.0,1.2006301251760236,1.9191155599166123,1.0,0.34375,0.5260416666666667,0.14487179487179488,4.115561384574677,0.015625,1.0
smoke,4,0,128,min_energy,59,128,128.0,-1.9520000000000008,0.0,0.0,1.3500000000000003,2.0687784996361045,1.0,0.3828125,0.5442708333333333,0.2619311939205274,4.8046206890114584,0.0078125,1.0
smoke,4,0,128,calibrated_clipped,119,128,128.0,-0.05579060432534945,1.0,1.0,0.16388683999828305,0.17256910396145303,1.0,0.3828125,0.5442708333333333,0.2619311939205274,4.8046206890114584,0.0078125,0.0
smoke,4,0,128,diversity_constrained,34,128,128.0,-1.8279433515255787,0.0,0.0,1.2006301251760236,1.9447218511616824,1.0,0.3828125,0.5442708333333333,0.2619311939205274,4.8046206890114584,0.0078125,1.0
smoke,4,1,1,min_energy,0,1,1.0,0.3920783209696199,0.6666666666666667,0.0,0.08745436988425827,0.0,1.0,0.0,0.6666666666666667,0.0,-0.0,1.0,0.0
smoke,4,1,1,calibrated_clipped,0,1,1.0,0.3920783209696199,0.6666666666666667,0.0,0.08745436988425827,0.0,1.0,0.0,0.6666666666666667,0.0,-0.0,1.0,0.0
smoke,4,1,1,diversity_constrained,0,1,1.0,0.3920783209696199,0.6666666666666667,0.0,0.08745436988425827,0.0,1.0,0.0,0.6666666666666667,0.0,-0.0,1.0,0.0
smoke,4,1,2,min_energy,1,2,2.0,0.10375271775760754,1.0,1.0,0.11689414003656086,0.1441628016060062,0.0,0.5,0.8333333333333334,1.0,0.6931471805599453,0.5,0.0
smoke,4,1,2,calibrated_clipped,1,2,2.0,0.10375271775760754,1.0,1.0,0.11689414003656086,0.1441628016060062,0.0,0.5,0.8333333333333334,1.0,0.6931471805599453,0.5,0.0
smoke,4,1,2,diversity_constrained,1,2,2.0,0.10375271775760754,1.0,1.0,0.11689414003656086,0.1441628016060062,0.0,0.5,0.8333333333333334,1.0,0.6931471805599453,0.5,0.0
smoke,4,1,4,min_energy,1,4,4.0,0.10375271775760754,1.0,1.0,0.11689414003656086,0.4066853492974647,0.0,0.25,0.4166666666666667,0.8,1.3862943611198906,0.25,0.0
smoke,4,1,4,calibrated_clipped,1,4,4.0,0.10375271775760754,1.0,1.0,0.11689414003656086,0.4066853492974647,0.0,0.25,0.4166666666666667,0.8,1.3862943611198906,0.25,0.0
smoke,4,1,4,diversity_constrained,1,4,4.0,0.10375271775760754,1.0,1.0,0.11689414003656086,0.4066853492974647,0.0,0.25,0.4166666666666667,0.8,1.3862943611198906,0.25,0.0
smoke,4,1,8,min_energy,6,8,8.0,-2.055333333333334,0.16666666666666663,0.0,1.3500000000000003,2.4964509925073783,1.0,0.25,0.39583333333333337,0.6666666666666666,2.0794415416798357,0.125,1.0
smoke,4,1,8,calibrated_clipped,4,8,8.0,0.0028462858164839486,1.0,1.0,0.13677163517646207,0.43827137335756067,1.0,0.25,0.39583333333333337,0.6666666666666666,2.0794415416798357,0.125,0.0
smoke,4,1,8,diversity_constrained,6,8,8.0,-2.055333333333334,0.16666666666666663,0.0,1.3500000000000003,2.4964509925073783,1.0,0.25,0.39583333333333337,0.6666666666666666,2.0794415416798357,0.125,1.0
smoke,4,1,16,min_energy,6,16,16.0,-2.055333333333334,0.16666666666666663,0.0,1.3500000000000003,2.3106046497628507,1.0,0.25,0.47916666666666674,0.6529411764705882,2.772588722239781,0.0625,1.0
smoke,4,1,16,calibrated_clipped,4,16,16.0,0.0028462858164839486,1.0,1.0,0.13677163517646207,0.2524250306130328,1.0,0.25,0.47916666666666674,0.6529411764705882,2.772588722239781,0.0625,0.0
smoke,4,1,16,diversity_constrained,6,16,16.0,-2.055333333333334,0.16666666666666663,0.0,1.3500000000000003,2.3106046497628507,1.0,0.25,0.47916666666666674,0.6529411764705882,2.772588722239781,0.0625,1.0
smoke,4,1,32,min_energy,6,32,32.0,-2.055333333333334,0.16666666666666663,0.0,1.3500000000000003,2.2712259744283543,0.75,0.3125,0.5260416666666667,0.594574780058651,3.4657359027997265,0.03125,1.0
smoke,4,1,32,calibrated_clipped,19,32,32.0,0.10092815187566861,1.0,1.0,0.09590202887027084,0.11496448921935162,0.75,0.3125,0.5260416666666667,0.594574780058651,3.4657359027997265,0.03125,0.0
smoke,4,1,32,diversity_constrained,6,32,32.0,-2.055333333333334,0.16666666666666663,0.0,1.3500000000000003,2.2712259744283543,0.75,0.3125,0.5260416666666667,0.594574780058651,3.4657359027997265,0.03125,1.0
smoke,4,1,64,min_energy,6,64,64.0,-2.055333333333334,0.16666666666666663,0.0,1.3500000000000003,2.2356297759693153,1.0,0.359375,0.5234375,0.431456043956044,4.137222233967175,0.015625,1.0
smoke,4,1,64,calibrated_clipped,4,64,64.0,0.0028462858164839486,1.0,1.0,0.13677163517646207,0.17745015681949733,1.0,0.359375,0.5234375,0.431456043956044,4.137222233967175,0.015625,0.0
smoke,4,1,64,diversity_constrained,6,64,64.0,-2.055333333333334,0.16666666666666663,0.0,1.3500000000000003,2.2356297759693153,1.0,0.359375,0.5234375,0.431456043956044,4.137222233967175,0.015625,1.0
smoke,4,1,128,min_energy,6,128,128.0,-2.055333333333334,0.16666666666666663,0.0,1.3500000000000003,2.2107907136570346,1.0,0.4140625,0.5677083333333334,0.44069309650247207,4.841199839223365,0.0078125,1.0
smoke,4,1,128,calibrated_clipped,4,128,128.0,0.0028462858164839486,1.0,1.0,0.13677163517646207,0.15261109450721674,1.0,0.4140625,0.5677083333333334,0.44069309650247207,4.841199839223365,0.0078125,0.0
smoke,4,1,128,diversity_constrained,6,128,128.0,-2.055333333333334,0.16666666666666663,0.0,1.3500000000000003,2.2107907136570346,1.0,0.4140625,0.5677083333333334,0.44069309650247207,4.841199839223365,0.0078125,1.0
smoke,4,2,1,min_energy,0,1,1.0,0.669276420781286,0.0,0.0,0.1464135137556473,0.0,1.0,0.0,0.0,0.0,-0.0,1.0,0.0
smoke,4,2,1,calibrated_clipped,0,1,1.0,0.669276420781286,0.0,0.0,0.1464135137556473,0.0,1.0,0.0,0.0,0.0,-0.0,1.0,0.0
smoke,4,2,1,diversity_constrained,0,1,1.0,0.669276420781286,0.0,0.0,0.1464135137556473,0.0,1.0,0.0,0.0,0.0,-0.0,1.0,0.0
smoke,4,2,2,min_energy,1,2,2.0,-1.7773131746827315,0.0,0.0,1.1492534507420993,1.2232947977320088,1.0,0.0,0.0,1.0,0.6931471805599453,0.5,1.0
smoke,4,2,2,calibrated_clipped,1,2,2.0,-1.7773131746827315,0.0,0.0,1.1492534507420993,1.2232947977320088,1.0,0.0,0.0,1.0,0.6931471805599453,0.5,1.0
smoke,4,2,2,diversity_constrained,1,2,2.0,-1.7773131746827315,0.0,0.0,1.1492534507420993,1.2232947977320088,1.0,0.0,0.0,1.0,0.6931471805599453,0.5,1.0
smoke,4,2,4,min_energy,1,4,4.0,-1.7773131746827315,0.0,0.0,1.1492534507420993,0.9180397907578577,1.0,0.25,0.25,0.2,1.3862943611198906,0.25,1.0
smoke,4,2,4,calibrated_clipped,3,4,4.0,-1.77302408677078,0.0,0.0,1.1445913986638911,0.9137507028459062,1.0,0.25,0.25,0.2,1.3862943611198906,0.25,1.0
smoke,4,2,4,diversity_constrained,1,4,4.0,-1.7773131746827315,0.0,0.0,1.1492534507420993,0.9180397907578577,1.0,0.25,0.25,0.2,1.3862943611198906,0.25,1.0
smoke,4,2,8,min_energy,1,8,8.0,-1.7773131746827315,0.0,0.0,1.1492534507420993,1.857463377104947,1.0,0.375,0.5,0.07142857142857142,2.0794415416798357,0.125,1.0
smoke,4,2,8,calibrated_clipped,3,8,8.0,-1.77302408677078,0.0,0.0,1.1445913986638911,1.8531742891929954,1.0,0.375,0.5,0.07142857142857142,2.0794415416798357,0.125,1.0
smoke,4,2,8,diversity_constrained,1,8,8.0,-1.7773131746827315,0.0,0.0,1.1492534507420993,1.857463377104947,1.0,0.375,0.5,0.07142857142857142,2.0794415416798357,0.125,1.0
smoke,4,2,16,min_energy,8,16,16.0,-1.8926664074189266,0.16666666666666663,0.0,1.162318558788688,2.0566704493564805,1.0,0.25,0.4166666666666667,0.3205882352941177,2.772588722239781,0.0625,1.0
smoke,4,2,16,calibrated_clipped,2,16,16.0,0.05447731892103237,1.0,1.0,0.12453847686951573,0.10952672301652149,1.0,0.25,0.4166666666666667,0.3205882352941177,2.772588722239781,0.0625,0.0
smoke,4,2,16,diversity_constrained,8,16,16.0,-1.8926664074189266,0.16666666666666663,0.0,1.162318558788688,2.0566704493564805,1.0,0.25,0.4166666666666667,0.3205882352941177,2.772588722239781,0.0625,1.0
smoke,4,2,32,min_energy,18,32,32.0,-1.9520000000000008,0.0,0.0,1.3500000000000003,2.0570650510266972,1.0,0.3125,0.46875,0.23533724340175954,3.4657359027997265,0.03125,1.0
smoke,4,2,32,calibrated_clipped,27,32,32.0,-1.247922954758379,0.0,0.0,0.9312939494837972,1.3529880057850754,1.0,0.3125,0.46875,0.23533724340175954,3.4657359027997265,0.03125,1.0
smoke,4,2,32,diversity_constrained,8,32,32.0,-1.8926664074189266,0.16666666666666663,0.0,1.162318558788688,1.997731458445623,1.0,0.3125,0.46875,0.23533724340175954,3.4657359027997265,0.03125,1.0
smoke,4,2,64,min_energy,18,64,64.0,-1.9520000000000008,0.0,0.0,1.3500000000000003,2.0944764333118124,1.0,0.296875,0.48437500000000006,0.31547619047619047,4.115561384574677,0.03125,1.0
smoke,4,2,64,calibrated_clipped,43,64,64.0,-0.06543425082519222,1.0,1.0,0.17627331428736212,0.20791068413700364,1.0,0.296875,0.48437500000000006,0.31547619047619047,4.115561384574677,0.015625,0.0
smoke,4,2,64,diversity_constrained,8,64,64.0,-1.8926664074189266,0.16666666666666663,0.0,1.162318558788688,2.035142840730738,1.0,0.296875,0.48437500000000006,0.31547619047619047,4.115561384574677,0.015625,1.0
smoke,4,2,128,min_energy,18,128,128.0,-1.9520000000000008,0.0,0.0,1.3500000000000003,2.1132276677738737,1.0,0.3671875,0.51171875,0.4836110602453763,4.819538989830868,0.015625,1.0
smoke,4,2,128,calibrated_clipped,93,128,128.0,0.03053997020520261,1.0,1.0,0.12132151830545083,0.13068769756867005,1.0,0.3671875,0.51171875,0.4836110602453763,4.819538989830868,0.0078125,0.0
smoke,4,2,128,diversity_constrained,8,128,128.0,-1.8926664074189266,0.16666666666666663,0.0,1.162318558788688,2.053894075192799,1.0,0.3671875,0.51171875,0.4836110602453763,4.819538989830868,0.015625,1.0
smoke,4,3,1,min_energy,0,1,1.0,-1.7089923708721282,0.0,0.0,1.0749917074697042,0.0,1.0,0.0,0.0,0.0,-0.0,1.0,1.0
smoke,4,3,1,calibrated_clipped,0,1,1.0,-1.7089923708721282,0.0,0.0,1.0749917074697042,0.0,1.0,0.0,0.0,0.0,-0.0,1.0,1.0
smoke,4,3,1,diversity_constrained,0,1,1.0,-1.7089923708721282,0.0,0.0,1.0749917074697042,0.0,1.0,0.0,0.0,0.0,-0.0,1.0,1.0
smoke,4,3,2,min_energy,0,2,2.0,-1.7089923708721282,0.0,0.0,1.0749917074697042,0.8700981828108052,1.0,0.5,0.5,-1.0,0.6931471805599453,0.5,1.0
smoke,4,3,2,calibrated_clipped,0,2,2.0,-1.7089923708721282,0.0,0.0,1.0749917074697042,0.8700981828108052,1.0,0.5,0.5,-1.0,0.6931471805599453,0.5,1.0
smoke,4,3,2,diversity_constrained,0,2,2.0,-1.7089923708721282,0.0,0.0,1.0749917074697042,0.8700981828108052,1.0,0.5,0.5,-1.0,0.6931471805599453,0.5,1.0
smoke,4,3,4,min_energy,0,4,4.0,-1.7089923708721282,0.0,0.0,1.0749917074697042,1.732643845120849,1.0,0.5,0.5833333333333334,-0.2,1.3862943611198906,0.25,1.0
smoke,4,3,4,calibrated_clipped,3,4,4.0,0.016098953747959437,1.0,1.0,0.15668283747527856,0.007552520500761335,1.0,0.5,0.5833333333333334,-0.2,1.3862943611198906,0.25,0.0
smoke,4,3,4,diversity_constrained,0,4,4.0,-1.7089923708721282,0.0,0.0,1.0749917074697042,1.732643845120849,1.0,0.5,0.5833333333333334,-0.2,1.3862943611198906,0.25,1.0
smoke,4,3,8,min_energy,0,8,8.0,-1.7089923708721282,0.0,0.0,1.0749917074697042,1.7665726258528467,1.0,0.375,0.4166666666666667,0.0,2.0794415416798357,0.125,1.0
smoke,4,3,8,calibrated_clipped,1,8,8.0,0.031203994749482107,1.0,1.0,0.1336104506324278,0.02637626023123637,1.0,0.375,0.4166666666666667,0.0,2.0794415416798357,0.125,0.0
smoke,4,3,8,diversity_constrained,0,8,8.0,-1.7089923708721282,0.0,0.0,1.0749917074697042,1.7665726258528467,1.0,0.375,0.4166666666666667,0.0,2.0794415416798357,0.125,1.0
smoke,4,3,16,min_energy,0,16,16.0,-1.7089923708721282,0.0,0.0,1.0749917074697042,1.837890082223995,1.0,0.5,0.5208333333333334,0.008823529411764706,2.772588722239781,0.0625,1.0
smoke,4,3,16,calibrated_clipped,1,16,16.0,0.031203994749482107,1.0,1.0,0.1336104506324278,0.09769371660238477,1.0,0.5,0.5208333333333334,0.008823529411764706,2.772588722239781,0.0625,0.0
smoke,4,3,16,diversity_constrained,0,16,16.0,-1.7089923708721282,0.0,0.0,1.0749917074697042,1.837890082223995,1.0,0.5,0.5208333333333334,0.008823529411764706,2.772588722239781,0.0625,1.0
smoke,4,3,32,min_energy,21,32,32.0,-1.77302408677078,0.0,0.0,1.1445913986638911,1.9083426996024002,1.0,0.40625,0.453125,0.2928885630498534,3.4657359027997265,0.03125,1.0
smoke,4,3,32,calibrated_clipped,31,32,32.0,-0.06610598350067184,1.0,1.0,0.17868310334715876,0.201424596332292,1.0,0.40625,0.453125,0.2928885630498534,3.4657359027997265,0.03125,0.0
smoke,4,3,32,diversity_constrained,27,32,32.0,-1.7127889141093426,0.0,0.0,1.0682488196840676,1.8481075269409628,1.0,0.40625,0.453125,0.2928885630498534,3.4657359027997265,0.03125,1.0
smoke,4,3,64,min_energy,33,64,64.0,-1.9520000000000008,0.0,0.0,1.3500000000000003,2.0789573169124473,1.0,0.375,0.45833333333333337,0.2251831501831502,4.137222233967175,0.03125,1.0
smoke,4,3,64,calibrated_clipped,31,64,64.0,-0.06610598350067184,1.0,1.0,0.17868310334715876,0.19306330041311856,1.0,0.375,0.45833333333333337,0.2251831501831502,4.137222233967175,0.015625,0.0
smoke,4,3,64,diversity_constrained,58,64,64.0,-1.924279124559258,0.16666666666666663,0.0,1.1931228956013011,2.051236441471705,1.0,0.375,0.45833333333333337,0.2251831501831502,4.137222233967175,0.015625,1.0
smoke,4,3,128,min_energy,33,128,128.0,-1.9520000000000008,0.0,0.0,1.3500000000000003,2.101358763403918,1.0,0.375,0.49348958333333337,0.3183196758835378,4.8195389898308685,0.015625,1.0
smoke,4,3,128,calibrated_clipped,96,128,128.0,-0.016516045855108928,1.0,1.0,0.1316600243869234,0.16587480925902617,1.0,0.375,0.49348958333333337,0.3183196758835378,4.8195389898308685,0.0078125,0.0
smoke,4,3,128,diversity_constrained,58,128,128.0,-1.924279124559258,0.16666666666666663,0.0,1.1931228956013011,2.073637887963175,1.0,0.375,0.49348958333333337,0.3183196758835378,4.8195389898308685,0.0078125,1.0
smoke,5,0,1,min_energy,0,1,1.0,0.22918469807714165,0.16666666666666663,0.0,0.27081930404367766,0.0,1.0,0.0,0.16666666666666663,0.0,-0.0,1.0,0.0
smoke,5,0,1,calibrated_clipped,0,1,1.0,0.22918469807714165,0.16666666666666663,0.0,0.27081930404367766,0.0,1.0,0.0,0.16666666666666663,0.0,-0.0,1.0,0.0
smoke,5,0,1,diversity_constrained,0,1,1.0,0.22918469807714165,0.16666666666666663,0.0,0.27081930404367766,0.0,1.0,0.0,0.16666666666666663,0.0,-0.0,1.0,0.0
smoke,5,0,2,min_energy,0,2,2.0,0.22918469807714165,0.16666666666666663,0.0,0.27081930404367766,0.24499365382899568,1.0,0.0,0.08333333333333331,1.0,0.6931471805599453,0.5,0.0
smoke,5,0,2,calibrated_clipped,0,2,2.0,0.22918469807714165,0.16666666666666663,0.0,0.27081930404367766,0.24499365382899568,1.0,0.0,0.08333333333333331,1.0,0.6931471805599453,0.5,0.0
smoke,5,0,2,diversity_constrained,0,2,2.0,0.22918469807714165,0.16666666666666663,0.0,0.27081930404367766,0.24499365382899568,1.0,0.0,0.08333333333333331,1.0,0.6931471805599453,0.5,0.0
smoke,5,0,4,min_energy,2,4,4.0,-1.3227195649828905,0.0,0.0,0.9699524515190633,1.7318819967411627,1.0,0.0,0.04166666666666666,0.4,1.3862943611198906,0.25,1.0
smoke,5,0,4,calibrated_clipped,0,4,4.0,0.22918469807714165,0.16666666666666663,0.0,0.27081930404367766,0.17997773368113062,1.0,0.0,0.04166666666666666,0.4,1.3862943611198906,0.25,0.0
smoke,5,0,4,diversity_constrained,2,4,4.0,-1.3227195649828905,0.0,0.0,0.9699524515190633,1.7318819967411627,1.0,0.0,0.04166666666666666,0.4,1.3862943611198906,0.25,1.0
smoke,5,0,8,min_energy,2,8,8.0,-1.3227195649828905,0.0,0.0,0.9699524515190633,1.486132234926893,1.0,0.375,0.5,0.47619047619047616,2.0794415416798357,0.125,1.0
smoke,5,0,8,calibrated_clipped,7,8,8.0,-0.13946563988145946,1.0,1.0,0.19761417848919885,0.30287830982546204,1.0,0.375,0.5,0.47619047619047616,2.0794415416798357,0.125,0.0
smoke,5,0,8,diversity_constrained,2,8,8.0,-1.3227195649828905,0.0,0.0,0.9699524515190633,1.486132234926893,1.0,0.375,0.5,0.47619047619047616,2.0794415416798357,0.125,1.0
smoke,5,0,16,min_energy,9,16,16.0,-1.789333074085593,0.0,0.0,1.162318558788688,1.890435300255576,1.0,0.4375,0.5,0.38823529411764707,2.772588722239781,0.0625,1.0
smoke,5,0,16,calibrated_clipped,13,16,16.0,-0.010730010179825462,1.0,1.0,0.1552842126692384,0.11183223634980848,1.0,0.4375,0.5,0.38823529411764707,2.772588722239781,0.0625,0.0
smoke,5,0,16,diversity_constrained,9,16,16.0,-1.789333074085593,0.0,0.0,1.162318558788688,1.890435300255576,1.0,0.4375,0.5,0.38823529411764707,2.772588722239781,0.0625,1.0
smoke,5,0,32,min_energy,9,32,32.0,-1.789333074085593,0.0,0.0,1.162318558788688,1.9065758052527284,0.75,0.4375,0.4947916666666667,0.5377565982404692,3.4657359027997265,0.03125,1.0
smoke,5,0,32,calibrated_clipped,22,32,32.0,0.06238077310489555,1.0,1.0,0.12379061422681785,0.05486195806223977,0.75,0.4375,0.4947916666666667,0.5377565982404692,3.4657359027997265,0.03125,0.0
smoke,5,0,32,diversity_constrained,9,32,32.0,-1.789333074085593,0.0,0.0,1.162318558788688,1.9065758052527284,0.75,0.4375,0.4947916666666667,0.5377565982404692,3.4657359027997265,0.03125,1.0
smoke,5,0,64,min_energy,35,64,64.0,-1.860818077296014,0.16666666666666663,0.0,1.1277008086550873,1.988388428528268,0.8571428571428571,0.421875,0.5520833333333333,0.5282509157509158,4.1588830833596715,0.015625,1.0
smoke,5,0,64,calibrated_clipped,13,64,64.0,-0.010730010179825462,1.0,1.0,0.1552842126692384,0.13830036141207971,0.8571428571428571,0.421875,0.5520833333333333,0.5282509157509158,4.1588830833596715,0.015625,0.0
smoke,5,0,64,diversity_constrained,35,64,64.0,-1.860818077296014,0.16666666666666663,0.0,1.1277008086550873,1.988388428528268,0.8571428571428571,0.421875,0.5520833333333333,0.5282509157509158,4.1588830833596715,0.015625,1.0
smoke,5,0,128,min_energy,71,128,128.0,-2.012156485196649,0.16666666666666663,0.0,1.2989184457012322,2.153150668962841,1.0,0.3671875,0.49088541666666663,0.43409517487639626,4.830369414527117,0.0078125,1.0
smoke,5,0,128,calibrated_clipped,108,128,128.0,-0.07040225521645999,1.0,1.0,0.17390556183091074,0.2113964389826518,1.0,0.3671875,0.49088541666666663,0.43409517487639626,4.830369414527117,0.0078125,0.0
smoke,5,0,128,diversity_constrained,71,128,128.0,-2.012156485196649,0.16666666666666663,0.0,1.2989184457012322,2.153150668962841,1.0,0.3671875,0.49088541666666663,0.43409517487639626,4.830369414527117,0.0078125,1.0
smoke,5,1,1,min_energy,0,1,1.0,0.5582061845453905,0.16666666666666663,0.0,0.15978954971585754,0.0,1.0,0.0,0.16666666666666663,0.0,-0.0,1.0,0.0
smoke,5,1,1,calibrated_clipped,0,1,1.0,0.5582061845453905,0.16666666666666663,0.0,0.15978954971585754,0.0,1.0,0.0,0.16666666666666663,0.0,-0.0,1.0,0.0
smoke,5,1,1,diversity_constrained,0,1,1.0,0.5582061845453905,0.16666666666666663,0.0,0.15978954971585754,0.0,1.0,0.0,0.16666666666666663,0.0,-0.0,1.0,0.0
smoke,5,1,2,min_energy,0,2,2.0,0.5582061845453905,0.16666666666666663,0.0,0.15978954971585754,0.03389029021943957,1.0,0.0,0.08333333333333331,1.0,0.6931471805599453,0.5,0.0
smoke,5,1,2,calibrated_clipped,0,2,2.0,0.5582061845453905,0.16666666666666663,0.0,0.15978954971585754,0.03389029021943957,1.0,0.0,0.08333333333333331,1.0,0.6931471805599453,0.5,0.0
smoke,5,1,2,diversity_constrained,0,2,2.0,0.5582061845453905,0.16666666666666663,0.0,0.15978954971585754,0.03389029021943957,1.0,0.0,0.08333333333333331,1.0,0.6931471805599453,0.5,0.0
smoke,5,1,4,min_energy,2,4,4.0,0.17483621596924676,0.8333333333333334,0.0,0.12019360609918639,0.3940496269041917,1.0,0.0,0.25,1.0,1.3862943611198906,0.25,0.0
smoke,5,1,4,calibrated_clipped,2,4,4.0,0.17483621596924676,0.8333333333333334,0.0,0.12019360609918639,0.3940496269041917,1.0,0.0,0.25,1.0,1.3862943611198906,0.25,0.0
smoke,5,1,4,diversity_constrained,2,4,4.0,0.17483621596924676,0.8333333333333334,0.0,0.12019360609918639,0.3940496269041917,1.0,0.0,0.25,1.0,1.3862943611198906,0.25,0.0
smoke,5,1,8,min_energy,7,8,8.0,-2.055333333333333,0.16666666666666663,0.0,1.3499999999999999,2.566400326299159,1.0,0.125,0.3125,0.8333333333333334,2.0794415416798357,0.125,1.0
smoke,5,1,8,calibrated_clipped,4,8,8.0,0.1553714217044064,1.0,1.0,0.09197319597602045,0.3556955712614194,1.0,0.125,0.3125,0.8333333333333334,2.0794415416798357,0.125,0.0
smoke,5,1,8,diversity_constrained,7,8,8.0,-2.055333333333333,0.16666666666666663,0.0,1.3499999999999999,2.566400326299159,1.0,0.125,0.3125,0.8333333333333334,2.0794415416798357,0.125,1.0
smoke,5,1,16,min_energy,7,16,16.0,-2.055333333333333,0.16666666666666663,0.0,1.3499999999999999,2.6242191762067715,0.5,0.125,0.28125,0.5764705882352941,2.772588722239781,0.0625,1.0
smoke,5,1,16,calibrated_clipped,2,16,16.0,0.17483621596924676,0.8333333333333334,0.0,0.12019360609918639,0.3940496269041917,0.5,0.125,0.28125,0.5764705882352941,2.772588722239781,0.0625,0.0
smoke,5,1,16,diversity_constrained,7,16,16.0,-2.055333333333333,0.16666666666666663,0.0,1.3499999999999999,2.6242191762067715,0.5,0.125,0.28125,0.5764705882352941,2.772588722239781,0.0625,1.0
smoke,5,1,32,min_energy,7,32,32.0,-2.055333333333333,0.16666666666666663,0.0,1.3499999999999999,2.2537283953395626,1.0,0.375,0.46874999999999994,0.5483870967741935,3.4657359027997265,0.03125,1.0
smoke,5,1,32,calibrated_clipped,16,32,32.0,0.0492464582230723,1.0,1.0,0.11982968549832022,0.14914860378315709,1.0,0.375,0.46874999999999994,0.5483870967741935,3.4657359027997265,0.03125,0.0
smoke,5,1,32,diversity_constrained,26,32,32.0,-1.9524667806301335,0.33333333333333337,0.0,1.1095653412646374,2.150861842636363,1.0,0.375,0.46874999999999994,0.5483870967741935,3.4657359027997265,0.03125,1.0
smoke,5,1,64,min_energy,7,64,64.0,-2.055333333333333,0.16666666666666663,0.0,1.3499999999999999,2.247883723399709,1.0,0.375,0.47135416666666663,0.5624542124542125,4.1588830833596715,0.015625,1.0
smoke,5,1,64,calibrated_clipped,59,64,64.0,0.04358105741899933,1.0,1.0,0.1121746164501462,0.14896933264737644,1.0,0.375,0.47135416666666663,0.5624542124542125,4.1588830833596715,0.015625,0.0
smoke,5,1,64,diversity_constrained,26,64,64.0,-1.9524667806301335,0.33333333333333337,0.0,1.1095653412646374,2.145017170696509,1.0,0.375,0.47135416666666663,0.5624542124542125,4.1588830833596715,0.015625,1.0
smoke,5,1,128,min_energy,7,128,128.0,-2.055333333333333,0.16666666666666663,0.0,1.3499999999999999,2.2420666837095675,0.9230769230769231,0.3828125,0.4973958333333333,0.5355417963742904,4.852030263919617,0.0078125,1.0
smoke,5,1,128,calibrated_clipped,16,128,128.0,0.0492464582230723,1.0,1.0,0.11982968549832022,0.13748689215316237,0.9230769230769231,0.3828125,0.4973958333333333,0.5355417963742904,4.852030263919617,0.0078125,0.0
smoke,5,1,128,diversity_constrained,26,128,128.0,-1.9524667806301335,0.33333333333333337,0.0,1.1095653412646374,2.139200131006368,0.9230769230769231,0.3828125,0.4973958333333333,0.5355417963742904,4.852030263919617,0.0078125,1.0
smoke,5,2,1,min_energy,0,1,1.0,-0.03136558116294583,1.0,1.0,0.15660702962984877,0.0,0.0,1.0,1.0,0.0,-0.0,1.0,0.0
smoke,5,2,1,calibrated_clipped,0,1,1.0,-0.03136558116294583,1.0,1.0,0.15660702962984877,0.0,0.0,1.0,1.0,0.0,-0.0,1.0,0.0
smoke,5,2,1,diversity_constrained,0,1,1.0,-0.03136558116294583,1.0,1.0,0.15660702962984877,0.0,0.0,1.0,1.0,0.0,-0.0,1.0,0.0
smoke,5,2,2,min_energy,0,2,2.0,-0.03136558116294583,1.0,1.0,0.15660702962984877,0.10547652055060332,0.0,1.0,1.0,-1.0,0.6931471805599453,0.5,0.0
smoke,5,2,2,calibrated_clipped,0,2,2.0,-0.03136558116294583,1.0,1.0,0.15660702962984877,0.10547652055060332,0.0,1.0,1.0,-1.0,0.6931471805599453,0.5,0.0
smoke,5,2,2,diversity_constrained,0,2,2.0,-0.03136558116294583,1.0,1.0,0.15660702962984877,0.10547652055060332,0.0,1.0,1.0,-1.0,0.6931471805599453,0.5,0.0
smoke,5,2,4,min_energy,0,4,4.0,-0.03136558116294583,1.0,1.0,0.15660702962984877,0.3705106749207143,0.0,0.5,0.5833333333333334,0.8,1.3862943611198906,0.25,0.0
smoke,5,2,4,calibrated_clipped,0,4,4.0,-0.03136558116294583,1.0,1.0,0.15660702962984877,0.3705106749207143,0.0,0.5,0.5833333333333334,0.8,1.3862943611198906,0.25,0.0
smoke,5,2,4,diversity_constrained,0,4,4.0,-0.03136558116294583,1.0,1.0,0.15660702962984877,0.3705106749207143,0.0,0.5,0.5833333333333334,0.8,1.3862943611198906,0.25,0.0
smoke,5,2,8,min_energy,0,8,8.0,-0.03136558116294583,1.0,1.0,0.15660702962984877,0.2416849549740638,0.0,0.5,0.7291666666666667,0.8095238095238095,2.0794415416798357,0.125,0.0
smoke,5,2,8,calibrated_clipped,4,8,8.0,0.02198154060120982,1.0,1.0,0.13872122854501617,0.18833783320990816,0.0,0.5,0.7291666666666667,0.8095238095238095,2.0794415416798357,0.125,0.0
smoke,5,2,8,diversity_constrained,0,8,8.0,-0.03136558116294583,1.0,1.0,0.15660702962984877,0.2416849549740638,0.0,0.5,0.7291666666666667,0.8095238095238095,2.0794415416798357,0.125,0.0
smoke,5,2,16,min_energy,11,16,16.0,-1.8244674803023402,0.0,0.0,1.200508130763413,2.009059762705724,0.5,0.5,0.625,0.55,2.772588722239781,0.0625,1.0
smoke,5,2,16,calibrated_clipped,12,16,16.0,0.06088222182602191,1.0,1.0,0.12877928885217121,0.12371006057736184,0.5,0.5,0.625,0.55,2.772588722239781,0.0625,0.0
smoke,5,2,16,diversity_constrained,11,16,16.0,-1.8244674803023402,0.0,0.0,1.200508130763413,2.009059762705724,0.5,0.5,0.625,0.55,2.772588722239781,0.0625,1.0
smoke,5,2,32,min_energy,11,32,32.0,-1.8244674803023402,0.0,0.0,1.200508130763413,2.075036845454856,0.5,0.375,0.5,0.6466275659824047,3.4657359027997265,0.03125,1.0
smoke,5,2,32,calibrated_clipped,30,32,32.0,0.054414444567434495,1.0,1.0,0.11671942200090586,0.196154920585081,0.5,0.375,0.5,0.6466275659824047,3.4657359027997265,0.03125,0.0
smoke,5,2,32,diversity_constrained,11,32,32.0,-1.8244674803023402,0.0,0.0,1.200508130763413,2.075036845454856,0.5,0.375,0.5,0.6466275659824047,3.4657359027997265,0.03125,1.0
smoke,5,2,64,min_energy,44,64,64.0,-1.9520000000000008,0.0,0.0,1.3500000000000003,2.119322122740621,1.0,0.40625,0.5130208333333334,0.29784798534798534,4.107385632328355,0.015625,1.0
smoke,5,2,64,calibrated_clipped,0,64,64.0,-0.03136558116294583,1.0,1.0,0.15660702962984877,0.19868770390356633,1.0,0.40625,0.5130208333333334,0.29784798534798534,4.107385632328355,0.015625,0.0
smoke,5,2,64,diversity_constrained,45,64,64.0,-1.8393978229327508,0.16666666666666663,0.0,1.093548358260236,2.006719945673371,1.0,0.40625,0.5130208333333334,0.29784798534798534,4.107385632328355,0.015625,1.0
smoke,5,2,128,min_energy,44,128,128.0,-1.9520000000000008,0.0,0.0,1.3500000000000003,2.1324520775469993,1.0,0.3515625,0.48697916666666674,0.30149011170115364,4.793790264315209,0.015625,1.0
smoke,5,2,128,calibrated_clipped,100,128,128.0,-0.04424744026898989,1.0,1.0,0.158315793672568,0.22469951781598838,1.0,0.3515625,0.48697916666666674,0.30149011170115364,4.793790264315209,0.0078125,0.0
smoke,5,2,128,diversity_constrained,69,128,128.0,-1.8747886714763349,0.16666666666666663,0.0,1.1349810987720368,2.0552407490233335,1.0,0.3515625,0.48697916666666674,0.30149011170115364,4.793790264315209,0.0078125,1.0
smoke,5,3,1,min_energy,0,1,1.0,0.41614142505150253,0.16666666666666663,0.0,0.206796337381876,0.0,1.0,0.0,0.16666666666666663,0.0,-0.0,1.0,0.0
smoke,5,3,1,calibrated_clipped,0,1,1.0,0.41614142505150253,0.16666666666666663,0.0,0.206796337381876,0.0,1.0,0.0,0.16666666666666663,0.0,-0.0,1.0,0.0
smoke,5,3,1,diversity_constrained,0,1,1.0,0.41614142505150253,0.16666666666666663,0.0,0.206796337381876,0.0,1.0,0.0,0.16666666666666663,0.0,-0.0,1.0,0.0
smoke,5,3,2,min_energy,1,2,2.0,0.0711698843670514,1.0,1.0,0.11357685431622282,0.17248577034222556,0.0,0.5,0.5833333333333333,1.0,0.6931471805599453,0.5,0.0
smoke,5,3,2,calibrated_clipped,1,2,2.0,0.0711698843670514,1.0,1.0,0.11357685431622282,0.17248577034222556,0.0,0.5,0.5833333333333333,1.0,0.6931471805599453,0.5,0.0
smoke,5,3,2,diversity_constrained,1,2,2.0,0.0711698843670514,1.0,1.0,0.11357685431622282,0.17248577034222556,0.0,0.5,0.5833333333333333,1.0,0.6931471805599453,0.5,0.0
smoke,5,3,4,min_energy,1,4,4.0,0.0711698843670514,1.0,1.0,0.11357685431622282,0.1849869170385715,0.0,0.5,0.5416666666666666,0.8,1.3862943611198906,0.25,0.0
smoke,5,3,4,calibrated_clipped,1,4,4.0,0.0711698843670514,1.0,1.0,0.11357685431622282,0.1849869170385715,0.0,0.5,0.5416666666666666,0.8,1.3862943611198906,0.25,0.0
smoke,5,3,4,diversity_constrained,1,4,4.0,0.0711698843670514,1.0,1.0,0.11357685431622282,0.1849869170385715,0.0,0.5,0.5416666666666666,0.8,1.3862943611198906,0.25,0.0
smoke,5,3,8,min_energy,7,8,8.0,0.05343431429129135,0.5,0.0,0.24859971769555697,0.08048032383528785,1.0,0.5,0.5833333333333333,0.5952380952380952,2.0794415416798357,0.125,0.0
smoke,5,3,8,calibrated_clipped,1,8,8.0,0.0711698843670514,1.0,1.0,0.11357685431622282,0.06274475375952779,1.0,0.5,0.5833333333333333,0.5952380952380952,2.0794415416798357,0.125,0.0
smoke,5,3,8,diversity_constrained,1,8,8.0,0.0711698843670514,1.0,1.0,0.11357685431622282,0.06274475375952779,1.0,0.5,0.5833333333333333,0.5952380952380952,2.0794415416798357,0.125,0.0
smoke,5,3,16,min_energy,9,16,16.0,-1.8476874988329148,0.16666666666666663,0.0,1.1055233024204931,1.9225876466853435,1.0,0.4375,0.5520833333333333,0.07352941176470588,2.772588722239781,0.0625,1.0
smoke,5,3,16,calibrated_clipped,15,16,16.0,-1.3809568680017996,0.16666666666666663,0.0,0.9200348105479096,1.4558570158542286,1.0,0.4375,0.5520833333333333,0.07352941176470588,2.772588722239781,0.0625,1.0
smoke,5,3,16,diversity_constrained,9,16,16.0,-1.8476874988329148,0.16666666666666663,0.0,1.1055233024204931,1.9225876466853435,1.0,0.4375,0.5520833333333333,0.07352941176470588,2.772588722239781,0.0625,1.0
smoke,5,3,32,min_energy,9,32,32.0,-1.8476874988329148,0.16666666666666663,0.0,1.1055233024204931,2.0119963806016474,1.0,0.40625,0.46875,0.42338709677419356,3.4657359027997265,0.03125,1.0
smoke,5,3,32,calibrated_clipped,8,32,32.0,0.009428577174676668,1.0,1.0,0.1269281105922494,0.15488030459405597,1.0,0.40625,0.46875,0.42338709677419356,3.4657359027997265,0.03125,0.0
smoke,5,3,32,diversity_constrained,9,32,32.0,-1.8476874988329148,0.16666666666666663,0.0,1.1055233024204931,2.0119963806016474,1.0,0.40625,0.46875,0.42338709677419356,3.4657359027997265,0.03125,1.0
smoke,5,3,64,min_energy,9,64,64.0,-1.8476874988329148,0.16666666666666663,0.0,1.1055233024204931,2.007437096334923,1.0,0.375,0.47395833333333326,0.28809523809523807,4.1588830833596715,0.015625,1.0
smoke,5,3,64,calibrated_clipped,8,64,64.0,0.009428577174676668,1.0,1.0,0.1269281105922494,0.15032102032733144,1.0,0.375,0.47395833333333326,0.28809523809523807,4.1588830833596715,0.015625,0.0
smoke,5,3,64,diversity_constrained,9,64,64.0,-1.8476874988329148,0.16666666666666663,0.0,1.1055233024204931,2.007437096334923,1.0,0.375,0.47395833333333326,0.28809523809523807,4.1588830833596715,0.015625,1.0
smoke,5,3,128,min_energy,71,128,128.0,-1.9088231518633159,0.0,0.0,1.2989184457012322,2.061253968527603,1.0,0.4375,0.5403645833333334,0.3729571049258378,4.830369414527117,0.0078125,1.0
smoke,5,3,128,calibrated_clipped,121,128,128.0,-0.02836250903051208,1.0,1.0,0.14458675883173516,0.1807933256947989,1.0,0.4375,0.5403645833333334,0.3729571049258378,4.830369414527117,0.0078125,0.0
smoke,5,3,128,diversity_constrained,9,128,128.0,-1.8476874988329148,0.16666666666666663,0.0,1.1055233024204931,2.0001183154972018,1.0,0.4375,0.5403645833333334,0.3729571049258378,4.830369414527117,0.0078125,1.0
smoke,6,0,1,min_energy,0,1,1.0,0.4053651454760384,0.5,0.0,0.12126626630633985,0.0,1.0,0.0,0.5,0.0,-0.0,1.0,0.0
smoke,6,0,1,calibrated_clipped,0,1,1.0,0.4053651454760384,0.5,0.0,0.12126626630633985,0.0,1.0,0.0,0.5,0.0,-0.0,1.0,0.0
smoke,6,0,1,diversity_constrained,0,1,1.0,0.4053651454760384,0.5,0.0,0.12126626630633985,0.0,1.0,0.0,0.5,0.0,-0.0,1.0,0.0
smoke,6,0,2,min_energy,1,2,2.0,0.13431752901529637,1.0,1.0,0.0978366166460654,0.13552380823037102,0.0,0.5,0.75,1.0,0.6931471805599453,0.5,0.0
smoke,6,0,2,calibrated_clipped,1,2,2.0,0.13431752901529637,1.0,1.0,0.0978366166460654,0.13552380823037102,0.0,0.5,0.75,1.0,0.6931471805599453,0.5,0.0
smoke,6,0,2,diversity_constrained,1,2,2.0,0.13431752901529637,1.0,1.0,0.0978366166460654,0.13552380823037102,0.0,0.5,0.75,1.0,0.6931471805599453,0.5,0.0
smoke,6,0,4,min_energy,2,4,4.0,-0.002151215059972212,1.0,1.0,0.1551458082129766,0.20282951803503665,0.0,0.5,0.8333333333333334,1.0,1.3862943611198906,0.25,0.0
smoke,6,0,4,calibrated_clipped,2,4,4.0,-0.002151215059972212,1.0,1.0,0.1551458082129766,0.20282951803503665,0.0,0.5,0.8333333333333334,1.0,1.3862943611198906,0.25,0.0
smoke,6,0,4,diversity_constrained,2,4,4.0,-0.002151215059972212,1.0,1.0,0.1551458082129766,0.20282951803503665,0.0,0.5,0.8333333333333334,1.0,1.3862943611198906,0.25,0.0
smoke,6,0,8,min_energy,6,8,8.0,-1.4318298508508702,0.16666666666666663,0.0,0.9295241038365741,1.6325081538259347,1.0,0.375,0.5625,0.5952380952380952,2.0794415416798357,0.125,1.0
smoke,6,0,8,calibrated_clipped,5,8,8.0,0.03295658999972886,1.0,1.0,0.13341753930305503,0.16772171297533559,1.0,0.375,0.5625,0.5952380952380952,2.0794415416798357,0.125,0.0
smoke,6,0,8,diversity_constrained,6,8,8.0,-1.4318298508508702,0.16666666666666663,0.0,0.9295241038365741,1.6325081538259347,1.0,0.375,0.5625,0.5952380952380952,2.0794415416798357,0.125,1.0
smoke,6,0,16,min_energy,13,16,16.0,-2.055333333333334,0.16666666666666663,0.0,1.3500000000000003,2.215109834182296,1.0,0.375,0.53125,0.5911764705882353,2.772588722239781,0.0625,1.0
smoke,6,0,16,calibrated_clipped,5,16,16.0,0.03295658999972886,1.0,1.0,0.13341753930305503,0.12681991084923347,1.0,0.375,0.53125,0.5911764705882353,2.772588722239781,0.0625,0.0
smoke,6,0,16,diversity_constrained,13,16,16.0,-2.055333333333334,0.16666666666666663,0.0,1.3500000000000003,2.215109834182296,1.0,0.375,0.53125,0.5911764705882353,2.772588722239781,0.0625,1.0
smoke,6,0,32,min_energy,13,32,32.0,-2.055333333333334,0.16666666666666663,0.0,1.3500000000000003,2.1835251611642974,1.0,0.4375,0.6145833333333334,0.1774193548387097,3.4657359027997265,0.03125,1.0
smoke,6,0,32,calibrated_clipped,17,32,32.0,0.0036817993321050235,1.0,1.0,0.1388075982886361,0.12451002849885834,1.0,0.4375,0.6145833333333334,0.1774193548387097,3.4657359027997265,0.03125,0.0
smoke,6,0,32,diversity_constrained,13,32,32.0,-2.055333333333334,0.16666666666666663,0.0,1.3500000000000003,2.1835251611642974,1.0,0.4375,0.6145833333333334,0.1774193548387097,3.4657359027997265,0.03125,1.0
smoke,6,0,64,min_energy,13,64,64.0,-2.055333333333334,0.16666666666666663,0.0,1.3500000000000003,2.1953378950184534,1.0,0.375,0.5078125,0.3570970695970696,4.137222233967175,0.03125,1.0
smoke,6,0,64,calibrated_clipped,43,64,64.0,-0.015725513681810487,1.0,1.0,0.14862334221941065,0.15573007536692982,1.0,0.375,0.5078125,0.3570970695970696,4.137222233967175,0.015625,0.0
smoke,6,0,64,diversity_constrained,13,64,64.0,-2.055333333333334,0.16666666666666663,0.0,1.3500000000000003,2.1953378950184534,1.0,0.375,0.5078125,0.3570970695970696,4.137222233967175,0.03125,1.0
smoke,6,0,128,min_energy,13,128,128.0,-2.055333333333334,0.16666666666666663,0.0,1.3500000000000003,2.2207988447054325,1.0,0.359375,0.49088541666666663,0.3832574162241348,4.789702388192048,0.015625,1.0
smoke,6,0,128,calibrated_clipped,105,128,128.0,-0.04653826928758463,1.0,1.0,0.15995120608745422,0.21200378065968323,1.0,0.359375,0.49088541666666663,0.3832574162241348,4.789702388192048,0.0078125,0.0
smoke,6,0,128,diversity_constrained,13,128,128.0,-2.055333333333334,0.16666666666666663,0.0,1.3500000000000003,2.2207988447054325,1.0,0.359375,0.49088541666666663,0.3832574162241348,4.789702388192048,0.015625,1.0
smoke,6,1,1,min_energy,0,1,1.0,-1.380499918241437,0.16666666666666663,0.0,0.9538892955079925,0.0,1.0,0.0,0.16666666666666663,0.0,-0.0,1.0,1.0
smoke,6,1,1,calibrated_clipped,0,1,1.0,-1.380499918241437,0.16666666666666663,0.0,0.9538892955079925,0.0,1.0,0.0,0.16666666666666663,0.0,-0.0,1.0,1.0
smoke,6,1,1,diversity_constrained,0,1,1.0,-1.380499918241437,0.16666666666666663,0.0,0.9538892955079925,0.0,1.0,0.0,0.16666666666666663,0.0,-0.0,1.0,1.0
smoke,6,1,2,min_energy,0,2,2.0,-1.380499918241437,0.16666666666666663,0.0,0.9538892955079925,0.946847688245393,1.0,0.0,0.08333333333333331,1.0,0.6931471805599453,0.5,1.0
smoke,6,1,2,calibrated_clipped,0,2,2.0,-1.380499918241437,0.16666666666666663,0.0,0.9538892955079925,0.946847688245393,1.0,0.0,0.08333333333333331,1.0,0.6931471805599453,0.5,1.0
smoke,6,1,2,diversity_constrained,0,2,2.0,-1.380499918241437,0.16666666666666663,0.0,0.9538892955079925,0.946847688245393,1.0,0.0,0.08333333333333331,1.0,0.6931471805599453,0.5,1.0
smoke,6,1,4,min_energy,2,4,4.0,-1.7446119387424686,0.0,0.0,1.102839063850509,1.0390832847521536,1.0,0.25,0.29166666666666663,0.2,1.3862943611198906,0.25,1.0
smoke,6,1,4,calibrated_clipped,0,4,4.0,-1.380499918241437,0.16666666666666663,0.0,0.9538892955079925,0.674971264251122,1.0,0.25,0.29166666666666663,0.2,1.3862943611198906,0.25,1.0
smoke,6,1,4,diversity_constrained,2,4,4.0,-1.7446119387424686,0.0,0.0,1.102839063850509,1.0390832847521536,1.0,0.25,0.29166666666666663,0.2,1.3862943611198906,0.25,1.0
smoke,6,1,8,min_energy,2,8,8.0,-1.7446119387424686,0.0,0.0,1.102839063850509,1.7696685237303982,1.0,0.5,0.5208333333333333,0.0,2.0794415416798357,0.125,1.0
smoke,6,1,8,calibrated_clipped,0,8,8.0,-1.380499918241437,0.16666666666666663,0.0,0.9538892955079925,1.4055565032293666,1.0,0.5,0.5208333333333333,0.0,2.0794415416798357,0.125,1.0
smoke,6,1,8,diversity_constrained,2,8,8.0,-1.7446119387424686,0.0,0.0,1.102839063850509,1.7696685237303982,1.0,0.5,0.5208333333333333,0.0,2.0794415416798357,0.125,1.0
smoke,6,1,16,min_energy,12,16,16.0,-1.9278008136356737,0.16666666666666663,0.0,1.200508130763413,2.0225390124864764,1.0,0.5,0.5208333333333333,0.25882352941176473,2.772588722239781,0.0625,1.0
smoke,6,1,16,calibrated_clipped,3,16,16.0,-0.030557389739193107,1.0,1.0,0.1532824540298897,0.12529558858999576,1.0,0.5,0.5208333333333333,0.25882352941176473,2.772588722239781,0.0625,0.0
smoke,6,1,16,diversity_constrained,12,16,16.0,-1.9278008136356737,0.16666666666666663,0.0,1.200508130763413,2.0225390124864764,1.0,0.5,0.5208333333333333,0.25882352941176473,2.772588722239781,0.0625,1.0
smoke,6,1,32,min_energy,31,32,32.0,-1.952,0.0,0.0,1.3499999999999999,2.0663795062312182,1.0,0.4375,0.4739583333333333,0.44941348973607037,3.4657359027997265,0.03125,1.0
smoke,6,1,32,calibrated_clipped,3,32,32.0,-0.030557389739193107,1.0,1.0,0.1532824540298897,0.1449368959704114,1.0,0.4375,0.4739583333333333,0.44941348973607037,3.4657359027997265,0.03125,0.0
smoke,6,1,32,diversity_constrained,12,32,32.0,-1.9278008136356737,0.16666666666666663,0.0,1.200508130763413,2.042180319866892,1.0,0.4375,0.4739583333333333,0.44941348973607037,3.4657359027997265,0.03125,1.0
smoke,6,1,64,min_energy,31,64,64.0,-1.952,0.0,0.0,1.3499999999999999,2.0884536436031698,1.0,0.40625,0.47135416666666663,0.4094322344322344,4.1588830833596715,0.015625,1.0
smoke,6,1,64,calibrated_clipped,63,64,64.0,0.0005524370534561057,1.0,1.0,0.13992803047001307,0.13590120654971385,1.0,0.40625,0.47135416666666663,0.4094322344322344,4.1588830833596715,0.015625,0.0
smoke,6,1,64,diversity_constrained,12,64,64.0,-1.9278008136356737,0.16666666666666663,0.0,1.200508130763413,2.0642544572388437,1.0,0.40625,0.47135416666666663,0.4094322344322344,4.1588830833596715,0.015625,1.0
smoke,6,1,128,min_energy,89,128,128.0,-1.9572818921972697,0.33333333333333337,0.0,1.1093643755767424,2.0821065392091085,1.0,0.40625,0.5182291666666667,0.23718755722395166,4.79379026431521,0.0078125,1.0
smoke,6,1,128,calibrated_clipped,3,128,128.0,-0.030557389739193107,1.0,1.0,0.1532824540298897,0.15538203675103177,1.0,0.40625,0.5182291666666667,0.23718755722395166,4.79379026431521,0.0078125,0.0
smoke,6,1,128,diversity_constrained,89,128,128.0,-1.9572818921972697,0.33333333333333337,0.0,1.1093643755767424,2.0821065392091085,1.0,0.40625,0.5182291666666667,0.23718755722395166,4.79379026431521,0.0078125,1.0
smoke,6,2,1,min_energy,0,1,1.0,0.6372164872510362,0.0,0.0,0.15082546418631051,0.0,1.0,0.0,0.0,0.0,-0.0,1.0,0.0
smoke,6,2,1,calibrated_clipped,0,1,1.0,0.6372164872510362,0.0,0.0,0.15082546418631051,0.0,1.0,0.0,0.0,0.0,-0.0,1.0,0.0
smoke,6,2,1,diversity_constrained,0,1,1.0,0.6372164872510362,0.0,0.0,0.15082546418631051,0.0,1.0,0.0,0.0,0.0,-0.0,1.0,0.0
smoke,6,2,2,min_energy,1,2,2.0,0.17349910485303618,1.0,1.0,0.07348232985462741,0.23185869119900002,0.0,0.5,0.5,1.0,0.6931471805599453,0.5,0.0
smoke,6,2,2,calibrated_clipped,1,2,2.0,0.17349910485303618,1.0,1.0,0.07348232985462741,0.23185869119900002,0.0,0.5,0.5,1.0,0.6931471805599453,0.5,0.0
smoke,6,2,2,diversity_constrained,1,2,2.0,0.17349910485303618,1.0,1.0,0.07348232985462741,0.23185869119900002,0.0,0.5,0.5,1.0,0.6931471805599453,0.5,0.0
smoke,6,2,4,min_energy,2,4,4.0,0.09649566300076888,1.0,1.0,0.11191175752095812,0.3088621330512673,0.0,0.5,0.5,0.8,1.3862943611198906,0.25,0.0
smoke,6,2,4,calibrated_clipped,2,4,4.0,0.09649566300076888,1.0,1.0,0.11191175752095812,0.3088621330512673,0.0,0.5,0.5,0.8,1.3862943611198906,0.25,0.0
smoke,6,2,4,diversity_constrained,2,4,4.0,0.09649566300076888,1.0,1.0,0.11191175752095812,0.3088621330512673,0.0,0.5,0.5,0.8,1.3862943611198906,0.25,0.0
smoke,6,2,8,min_energy,5,8,8.0,0.04020254588077238,1.0,1.0,0.1331683391193432,0.3651552501712638,0.0,0.375,0.4791666666666667,0.7380952380952381,2.0794415416798357,0.125,0.0
smoke,6,2,8,calibrated_clipped,2,8,8.0,0.09649566300076888,1.0,1.0,0.11191175752095812,0.3088621330512673,0.0,0.375,0.4791666666666667,0.7380952380952381,2.0794415416798357,0.125,0.0
smoke,6,2,8,diversity_constrained,5,8,8.0,0.04020254588077238,1.0,1.0,0.1331683391193432,0.3651552501712638,0.0,0.375,0.4791666666666667,0.7380952380952381,2.0794415416798357,0.125,0.0
smoke,6,2,16,min_energy,11,16,16.0,-1.4480525355889204,0.16666666666666663,0.0,0.979175996874894,1.6162536337512763,1.0,0.375,0.4583333333333333,0.6794117647058824,2.772588722239781,0.0625,1.0
smoke,6,2,16,calibrated_clipped,10,16,16.0,0.06547810350528292,1.0,1.0,0.1079251210428146,0.10272299465707298,1.0,0.375,0.4583333333333333,0.6794117647058824,2.772588722239781,0.0625,0.0
smoke,6,2,16,diversity_constrained,11,16,16.0,-1.4480525355889204,0.16666666666666663,0.0,0.979175996874894,1.6162536337512763,1.0,0.375,0.4583333333333333,0.6794117647058824,2.772588722239781,0.0625,1.0
smoke,6,2,32,min_energy,21,32,32.0,-1.8123257042054615,0.16666666666666663,0.0,1.0749917074697042,2.1304477771063652,1.0,0.28125,0.36458333333333337,0.5692815249266863,3.4657359027997265,0.03125,1.0
smoke,6,2,32,calibrated_clipped,10,32,32.0,0.06547810350528292,1.0,1.0,0.1079251210428146,0.25264396939562084,1.0,0.28125,0.36458333333333337,0.5692815249266863,3.4657359027997265,0.03125,0.0
smoke,6,2,32,diversity_constrained,21,32,32.0,-1.8123257042054615,0.16666666666666663,0.0,1.0749917074697042,2.1304477771063652,1.0,0.28125,0.36458333333333337,0.5692815249266863,3.4657359027997265,0.03125,1.0
smoke,6,2,64,min_energy,56,64,64.0,-1.9520000000000008,0.0,0.0,1.3500000000000003,2.1104695944548677,1.0,0.390625,0.4895833333333333,0.5885989010989011,4.115561384574677,0.015625,1.0
smoke,6,2,64,calibrated_clipped,60,64,64.0,0.029161027436634172,1.0,1.0,0.13253943773005672,0.1293085670182328,1.0,0.390625,0.4895833333333333,0.5885989010989011,4.115561384574677,0.015625,0.0
smoke,6,2,64,diversity_constrained,55,64,64.0,-1.8526536176432769,0.16666666666666663,0.0,1.114182127214365,2.011123212098144,1.0,0.390625,0.4895833333333333,0.5885989010989011,4.115561384574677,0.015625,1.0
smoke,6,2,128,min_energy,85,128,128.0,-2.055333333333334,0.16666666666666663,0.0,1.3500000000000003,2.215436871857749,1.0,0.390625,0.5052083333333333,0.44774880974180553,4.80870856513462,0.0078125,1.0
smoke,6,2,128,calibrated_clipped,60,128,128.0,0.029161027436634172,1.0,1.0,0.13253943773005672,0.1309425110877811,1.0,0.390625,0.5052083333333333,0.44774880974180553,4.80870856513462,0.0078125,0.0
smoke,6,2,128,diversity_constrained,85,128,128.0,-2.055333333333334,0.16666666666666663,0.0,1.3500000000000003,2.215436871857749,1.0,0.390625,0.5052083333333333,0.44774880974180553,4.80870856513462,0.0078125,1.0
smoke,6,3,1,min_energy,0,1,1.0,0.058422704000002997,1.0,1.0,0.12463551327537202,0.0,0.0,1.0,1.0,0.0,-0.0,1.0,0.0
smoke,6,3,1,calibrated_clipped,0,1,1.0,0.058422704000002997,1.0,1.0,0.12463551327537202,0.0,0.0,1.0,1.0,0.0,-0.0,1.0,0.0
smoke,6,3,1,diversity_constrained,0,1,1.0,0.058422704000002997,1.0,1.0,0.12463551327537202,0.0,0.0,1.0,1.0,0.0,-0.0,1.0,0.0
smoke,6,3,2,min_energy,0,2,2.0,0.058422704000002997,1.0,1.0,0.12463551327537202,0.3060303137870644,0.0,0.5,0.5,1.0,0.6931471805599453,0.5,0.0
smoke,6,3,2,calibrated_clipped,0,2,2.0,0.058422704000002997,1.0,1.0,0.12463551327537202,0.3060303137870644,0.0,0.5,0.5,1.0,0.6931471805599453,0.5,0.0
smoke,6,3,2,diversity_constrained,0,2,2.0,0.058422704000002997,1.0,1.0,0.12463551327537202,0.3060303137870644,0.0,0.5,0.5,1.0,0.6931471805599453,0.5,0.0
smoke,6,3,4,min_energy,2,4,4.0,-1.8189576468133104,0.0,0.0,1.1909618690658508,1.9441270212306048,1.0,0.25,0.45833333333333337,0.4,1.3862943611198906,0.25,1.0
smoke,6,3,4,calibrated_clipped,0,4,4.0,0.058422704000002997,1.0,1.0,0.12463551327537202,0.06674667041729149,1.0,0.25,0.45833333333333337,0.4,1.3862943611198906,0.25,0.0
smoke,6,3,4,diversity_constrained,2,4,4.0,-1.8189576468133104,0.0,0.0,1.1909618690658508,1.9441270212306048,1.0,0.25,0.45833333333333337,0.4,1.3862943611198906,0.25,1.0
smoke,6,3,8,min_energy,2,8,8.0,-1.8189576468133104,0.0,0.0,1.1909618690658508,1.8937826391178179,1.0,0.375,0.4791666666666667,-0.14285714285714285,2.0794415416798357,0.125,1.0
smoke,6,3,8,calibrated_clipped,5,8,8.0,-1.202899594795358,0.0,0.0,0.8894432717402587,1.2777245870998655,1.0,0.375,0.4791666666666667,-0.14285714285714285,2.0794415416798357,0.125,1.0
smoke,6,3,8,diversity_constrained,2,8,8.0,-1.8189576468133104,0.0,0.0,1.1909618690658508,1.8937826391178179,1.0,0.375,0.4791666666666667,-0.14285714285714285,2.0794415416798357,0.125,1.0
smoke,6,3,16,min_energy,9,16,16.0,-2.1586666666666674,0.33333333333333337,0.0,1.3500000000000003,2.108042344671808,1.0,0.375,0.46875,-0.17647058823529413,2.772588722239781,0.0625,1.0
smoke,6,3,16,calibrated_clipped,10,16,16.0,-1.825779671445248,0.16666666666666663,0.0,1.081710446564334,1.7751553494503889,1.0,0.375,0.46875,-0.17647058823529413,2.772588722239781,0.0625,1.0
smoke,6,3,16,diversity_constrained,9,16,16.0,-2.1586666666666674,0.33333333333333337,0.0,1.3500000000000003,2.108042344671808,1.0,0.375,0.46875,-0.17647058823529413,2.772588722239781,0.0625,1.0
smoke,6,3,32,min_energy,9,32,32.0,-2.1586666666666674,0.33333333333333337,0.0,1.3500000000000003,2.2272222701716395,1.0,0.34375,0.4895833333333333,-0.13379765395894427,3.4657359027997265,0.03125,1.0
smoke,6,3,32,calibrated_clipped,10,32,32.0,-1.825779671445248,0.16666666666666663,0.0,1.081710446564334,1.8943352749502202,1.0,0.34375,0.4895833333333333,-0.13379765395894427,3.4657359027997265,0.03125,1.0
smoke,6,3,32,diversity_constrained,9,32,32.0,-2.1586666666666674,0.33333333333333337,0.0,1.3500000000000003,2.2272222701716395,1.0,0.34375,0.4895833333333333,-0.13379765395894427,3.4657359027997265,0.03125,1.0
smoke,6,3,64,min_energy,9,64,64.0,-2.1586666666666674,0.33333333333333337,0.0,1.3500000000000003,2.2634545019448296,1.0,0.40625,0.5494791666666667,0.19899267399267398,4.1588830833596715,0.015625,1.0
smoke,6,3,64,calibrated_clipped,49,64,64.0,-0.09222672630941102,1.0,1.0,0.18728888796458146,0.19701456158757297,1.0,0.40625,0.5494791666666667,0.19899267399267398,4.1588830833596715,0.015625,0.0
smoke,6,3,64,diversity_constrained,9,64,64.0,-2.1586666666666674,0.33333333333333337,0.0,1.3500000000000003,2.2634545019448296,1.0,0.40625,0.5494791666666667,0.19899267399267398,4.1588830833596715,0.015625,1.0
smoke,6,3,128,min_energy,9,128,128.0,-2.1586666666666674,0.33333333333333337,0.0,1.3500000000000003,2.2919238369349797,1.0,0.40625,0.54296875,0.4282354422266984,4.830369414527117,0.0078125,1.0
smoke,6,3,128,calibrated_clipped,88,128,128.0,0.01219641692116525,1.0,1.0,0.1332829896303239,0.12106075334714705,1.0,0.40625,0.54296875,0.4282354422266984,4.830369414527117,0.0078125,0.0
smoke,6,3,128,diversity_constrained,9,128,128.0,-2.1586666666666674,0.33333333333333337,0.0,1.3500000000000003,2.2919238369349797,1.0,0.40625,0.54296875,0.4282354422266984,4.830369414527117,0.0078125,1.0
smoke,7,0,1,min_energy,0,1,1.0,0.5197667587810251,0.0,0.0,0.205068942560972,0.0,1.0,0.0,0.0,0.0,-0.0,1.0,0.0
smoke,7,0,1,calibrated_clipped,0,1,1.0,0.5197667587810251,0.0,0.0,0.205068942560972,0.0,1.0,0.0,0.0,0.0,-0.0,1.0,0.0
smoke,7,0,1,diversity_constrained,0,1,1.0,0.5197667587810251,0.0,0.0,0.205068942560972,0.0,1.0,0.0,0.0,0.0,-0.0,1.0,0.0
smoke,7,0,2,min_energy,1,2,2.0,0.10173905274978906,1.0,1.0,0.09934263210379442,0.20901385301561798,0.0,0.5,0.5,1.0,0.6931471805599453,0.5,0.0
smoke,7,0,2,calibrated_clipped,1,2,2.0,0.10173905274978906,1.0,1.0,0.09934263210379442,0.20901385301561798,0.0,0.5,0.5,1.0,0.6931471805599453,0.5,0.0
smoke,7,0,2,diversity_constrained,1,2,2.0,0.10173905274978906,1.0,1.0,0.09934263210379442,0.20901385301561798,0.0,0.5,0.5,1.0,0.6931471805599453,0.5,0.0
smoke,7,0,4,min_energy,3,4,4.0,0.10107665121077977,1.0,1.0,0.10307267202291216,0.20967625455462727,0.0,0.5,0.5,0.8,1.3862943611198906,0.25,0.0
smoke,7,0,4,calibrated_clipped,3,4,4.0,0.10107665121077977,1.0,1.0,0.10307267202291216,0.20967625455462727,0.0,0.5,0.5,0.8,1.3862943611198906,0.25,0.0
smoke,7,0,4,diversity_constrained,3,4,4.0,0.10107665121077977,1.0,1.0,0.10307267202291216,0.20967625455462727,0.0,0.5,0.5,0.8,1.3862943611198906,0.25,0.0
smoke,7,0,8,min_energy,6,8,8.0,-1.6625420676972706,0.0,0.0,1.2122371571493031,1.7642113325679087,1.0,0.375,0.5,0.35714285714285715,2.0794415416798357,0.125,1.0
smoke,7,0,8,calibrated_clipped,3,8,8.0,0.10107665121077977,1.0,1.0,0.10307267202291216,0.0005926136598584236,1.0,0.375,0.5,0.35714285714285715,2.0794415416798357,0.125,0.0
smoke,7,0,8,diversity_constrained,6,8,8.0,-1.6625420676972706,0.0,0.0,1.2122371571493031,1.7642113325679087,1.0,0.375,0.5,0.35714285714285715,2.0794415416798357,0.125,1.0
smoke,7,0,16,min_energy,8,16,16.0,-1.8198653603757378,0.16666666666666663,0.0,1.0723174206982653,1.9212034244768712,1.0,0.5625,0.6354166666666666,0.4147058823529412,2.772588722239781,0.0625,1.0
smoke,7,0,16,calibrated_clipped,12,16,16.0,0.04031878189994619,1.0,1.0,0.12157450356464618,0.06101928220118736,1.0,0.5625,0.6354166666666666,0.4147058823529412,2.772588722239781,0.0625,0.0
smoke,7,0,16,diversity_constrained,8,16,16.0,-1.8198653603757378,0.16666666666666663,0.0,1.0723174206982653,1.9212034244768712,1.0,0.5625,0.6354166666666666,0.4147058823529412,2.772588722239781,0.0625,1.0
smoke,7,0,32,min_energy,26,32,32.0,-1.9307233182760957,0.33333333333333337,0.0,1.080496360445031,2.0342284479609987,1.0,0.4375,0.5520833333333333,0.28115835777126097,3.4657359027997265,0.03125,1.0
smoke,7,0,32,calibrated_clipped,12,32,32.0,0.04031878189994619,1.0,1.0,0.12157450356464618,0.06318634778495702,1.0,0.4375,0.5520833333333333,0.28115835777126097,3.4657359027997265,0.03125,0.0
smoke,7,0,32,diversity_constrained,26,32,32.0,-1.9307233182760957,0.33333333333333337,0.0,1.080496360445031,2.0342284479609987,1.0,0.4375,0.5520833333333333,0.28115835777126097,3.4657359027997265,0.03125,1.0
smoke,7,0,64,min_energy,56,64,64.0,-2.0376440697321905,0.33333333333333337,0.0,1.2039280072846605,2.1389464099250284,1.0,0.453125,0.5989583333333333,0.10476190476190476,4.137222233967175,0.015625,1.0
smoke,7,0,64,calibrated_clipped,19,64,64.0,-0.04065778214415777,1.0,1.0,0.14348355592258555,0.1419601223369957,1.0,0.453125,0.5989583333333333,0.10476190476190476,4.137222233967175,0.015625,0.0
smoke,7,0,64,diversity_constrained,56,64,64.0,-2.0376440697321905,0.33333333333333337,0.0,1.2039280072846605,2.1389464099250284,1.0,0.453125,0.5989583333333333,0.10476190476190476,4.137222233967175,0.015625,1.0
smoke,7,0,128,min_energy,56,128,128.0,-2.0376440697321905,0.33333333333333337,0.0,1.2039280072846605,2.1707737994212737,1.0,0.4296875,0.5729166666666667,0.31980749862662516,4.841199839223365,0.0078125,1.0
smoke,7,0,128,calibrated_clipped,19,128,128.0,-0.04065778214415777,1.0,1.0,0.14348355592258555,0.17378751183324098,1.0,0.4296875,0.5729166666666667,0.31980749862662516,4.841199839223365,0.0078125,0.0
smoke,7,0,128,diversity_constrained,56,128,128.0,-2.0376440697321905,0.33333333333333337,0.0,1.2039280072846605,2.1707737994212737,1.0,0.4296875,0.5729166666666667,0.31980749862662516,4.841199839223365,0.0078125,1.0
smoke,7,1,1,min_energy,0,1,1.0,0.13627325489140113,0.16666666666666663,0.0,0.3159237980041667,0.0,1.0,0.0,0.16666666666666663,0.0,-0.0,1.0,0.0
smoke,7,1,1,calibrated_clipped,0,1,1.0,0.13627325489140113,0.16666666666666663,0.0,0.3159237980041667,0.0,1.0,0.0,0.16666666666666663,0.0,-0.0,1.0,0.0
smoke,7,1,1,diversity_constrained,0,1,1.0,0.13627325489140113,0.16666666666666663,0.0,0.3159237980041667,0.0,1.0,0.0,0.16666666666666663,0.0,-0.0,1.0,0.0
smoke,7,1,2,min_energy,0,2,2.0,0.13627325489140113,0.16666666666666663,0.0,0.3159237980041667,0.32372627775920465,1.0,0.0,0.08333333333333331,1.0,0.6931471805599453,0.5,0.0
smoke,7,1,2,calibrated_clipped,0,2,2.0,0.13627325489140113,0.16666666666666663,0.0,0.3159237980041667,0.32372627775920465,1.0,0.0,0.08333333333333331,1.0,0.6931471805599453,0.5,0.0
smoke,7,1,2,diversity_constrained,0,2,2.0,0.13627325489140113,0.16666666666666663,0.0,0.3159237980041667,0.32372627775920465,1.0,0.0,0.08333333333333331,1.0,0.6931471805599453,0.5,0.0
smoke,7,1,4,min_energy,2,4,4.0,0.0342104989636503,1.0,1.0,0.12780413492154222,0.1199470605517362,0.0,0.5,0.5416666666666666,0.4,1.3862943611198906,0.25,0.0
smoke,7,1,4,calibrated_clipped,2,4,4.0,0.0342104989636503,1.0,1.0,0.12780413492154222,0.1199470605517362,0.0,0.5,0.5416666666666666,0.4,1.3862943611198906,0.25,0.0
smoke,7,1,4,diversity_constrained,2,4,4.0,0.0342104989636503,1.0,1.0,0.12780413492154222,0.1199470605517362,0.0,0.5,0.5416666666666666,0.4,1.3862943611198906,0.25,0.0
smoke,7,1,8,min_energy,5,8,8.0,-1.9424603737636401,0.16666666666666663,0.0,1.2127863087681194,2.046091615319336,1.0,0.5,0.5625,0.3333333333333333,2.0794415416798357,0.125,1.0
smoke,7,1,8,calibrated_clipped,2,8,8.0,0.0342104989636503,1.0,1.0,0.12780413492154222,0.06942074259204556,1.0,0.5,0.5625,0.3333333333333333,2.0794415416798357,0.125,0.0
smoke,7,1,8,diversity_constrained,5,8,8.0,-1.9424603737636401,0.16666666666666663,0.0,1.2127863087681194,2.046091615319336,1.0,0.5,0.5625,0.3333333333333333,2.0794415416798357,0.125,1.0
smoke,7,1,16,min_energy,5,16,16.0,-1.9424603737636401,0.16666666666666663,0.0,1.2127863087681194,2.118673064873887,1.0,0.3125,0.45833333333333337,0.34705882352941175,2.772588722239781,0.0625,1.0
smoke,7,1,16,calibrated_clipped,4,16,16.0,0.05480373926852136,1.0,1.0,0.11909531107475523,0.12140895184172562,1.0,0.3125,0.45833333333333337,0.34705882352941175,2.772588722239781,0.0625,0.0
smoke,7,1,16,diversity_constrained,5,16,16.0,-1.9424603737636401,0.16666666666666663,0.0,1.2127863087681194,2.118673064873887,1.0,0.3125,0.45833333333333337,0.34705882352941175,2.772588722239781,0.0625,1.0
smoke,7,1,32,min_energy,5,32,32.0,-1.9424603737636401,0.16666666666666663,0.0,1.2127863087681194,2.124161156018349,1.0,0.3125,0.4739583333333333,0.4534457478005865,3.4657359027997265,0.03125,1.0
smoke,7,1,32,calibrated_clipped,2,32,32.0,0.0342104989636503,1.0,1.0,0.12780413492154222,0.14749028329105857,1.0,0.3125,0.4739583333333333,0.4534457478005865,3.4657359027997265,0.03125,0.0
smoke,7,1,32,diversity_constrained,5,32,32.0,-1.9424603737636401,0.16666666666666663,0.0,1.2127863087681194,2.124161156018349,1.0,0.3125,0.4739583333333333,0.4534457478005865,3.4657359027997265,0.03125,1.0
smoke,7,1,64,min_energy,5,64,64.0,-1.9424603737636401,0.16666666666666663,0.0,1.2127863087681194,2.112568503643852,0.8571428571428571,0.40625,0.5651041666666666,0.43594322344322345,4.1588830833596715,0.015625,1.0
smoke,7,1,64,calibrated_clipped,2,64,64.0,0.0342104989636503,1.0,1.0,0.12780413492154222,0.13589763091656165,0.8571428571428571,0.40625,0.5651041666666666,0.43594322344322345,4.1588830833596715,0.015625,0.0
smoke,7,1,64,diversity_constrained,5,64,64.0,-1.9424603737636401,0.16666666666666663,0.0,1.2127863087681194,2.112568503643852,0.8571428571428571,0.40625,0.5651041666666666,0.43594322344322345,4.1588830833596715,0.015625,1.0
smoke,7,1,128,min_energy,71,128,128.0,-1.9520000000000008,0.0,0.0,1.3500000000000003,2.0936505061128847,1.0,0.359375,0.50390625,0.3359332082036257,4.841199839223365,0.0078125,1.0
smoke,7,1,128,calibrated_clipped,75,128,128.0,0.003466905197141122,1.0,1.0,0.13573374542556574,0.1381836009157428,1.0,0.359375,0.50390625,0.3359332082036257,4.841199839223365,0.0078125,0.0
smoke,7,1,128,diversity_constrained,5,128,128.0,-1.9424603737636401,0.16666666666666663,0.0,1.2127863087681194,2.084110879876524,1.0,0.359375,0.50390625,0.3359332082036257,4.841199839223365,0.0078125,1.0
smoke,7,2,1,min_energy,0,1,1.0,0.545039874584408,0.0,0.0,0.1864749167888725,0.0,1.0,0.0,0.0,0.0,-0.0,1.0,0.0
smoke,7,2,1,calibrated_clipped,0,1,1.0,0.545039874584408,0.0,0.0,0.1864749167888725,0.0,1.0,0.0,0.0,0.0,-0.0,1.0,0.0
smoke,7,2,1,diversity_constrained,0,1,1.0,0.545039874584408,0.0,0.0,0.1864749167888725,0.0,1.0,0.0,0.0,0.0,-0.0,1.0,0.0
smoke,7,2,2,min_energy,1,2,2.0,0.1796913609879608,1.0,1.0,0.07824642150158534,0.18267425679822358,0.0,0.5,0.5,1.0,0.6931471805599453,0.5,0.0
smoke,7,2,2,calibrated_clipped,1,2,2.0,0.1796913609879608,1.0,1.0,0.07824642150158534,0.18267425679822358,0.0,0.5,0.5,1.0,0.6931471805599453,0.5,0.0
smoke,7,2,2,diversity_constrained,1,2,2.0,0.1796913609879608,1.0,1.0,0.07824642150158534,0.18267425679822358,0.0,0.5,0.5,1.0,0.6931471805599453,0.5,0.0
smoke,7,2,4,min_energy,2,4,4.0,-1.6175794217505677,0.0,0.0,1.197338864100231,1.857435276325232,1.0,0.25,0.375,0.4,1.3862943611198906,0.25,1.0
smoke,7,2,4,calibrated_clipped,1,4,4.0,0.1796913609879608,1.0,1.0,0.07824642150158534,0.06016449358670359,1.0,0.25,0.375,0.4,1.3862943611198906,0.25,0.0
smoke,7,2,4,diversity_constrained,2,4,4.0,-1.6175794217505677,0.0,0.0,1.197338864100231,1.857435276325232,1.0,0.25,0.375,0.4,1.3862943611198906,0.25,1.0
smoke,7,2,8,min_energy,2,8,8.0,-1.6175794217505677,0.0,0.0,1.197338864100231,1.857435276325232,1.0,0.375,0.4375,0.35714285714285715,2.0794415416798357,0.125,1.0
smoke,7,2,8,calibrated_clipped,6,8,8.0,0.09039728300750231,1.0,1.0,0.10507275568526823,0.14945857156716208,1.0,0.375,0.4375,0.35714285714285715,2.0794415416798357,0.125,0.0
smoke,7,2,8,diversity_constrained,2,8,8.0,-1.6175794217505677,0.0,0.0,1.197338864100231,1.857435276325232,1.0,0.375,0.4375,0.35714285714285715,2.0794415416798357,0.125,1.0
smoke,7,2,16,min_energy,13,16,16.0,-1.9520000000000008,0.0,0.0,1.3500000000000003,2.294595331933168,1.0,0.25,0.29166666666666663,0.40588235294117647,2.685945324669788,0.125,1.0
smoke,7,2,16,calibrated_clipped,6,16,16.0,0.09039728300750231,1.0,1.0,0.10507275568526823,0.2521980489256646,1.0,0.25,0.29166666666666663,0.40588235294117647,2.685945324669788,0.0625,0.0
smoke,7,2,16,diversity_constrained,13,16,16.0,-1.9520000000000008,0.0,0.0,1.3500000000000003,2.294595331933168,1.0,0.25,0.29166666666666663,0.40588235294117647,2.685945324669788,0.125,1.0
smoke,7,2,32,min_energy,13,32,32.0,-1.9520000000000008,0.0,0.0,1.3500000000000003,2.133335324148016,1.0,0.40625,0.5104166666666666,0.5040322580645161,3.422414204014729,0.0625,1.0
smoke,7,2,32,calibrated_clipped,21,32,32.0,0.047562271106018066,1.0,1.0,0.11317021410063856,0.1337730530419973,1.0,0.40625,0.5104166666666666,0.5040322580645161,3.422414204014729,0.03125,0.0
smoke,7,2,32,diversity_constrained,18,32,32.0,-1.860818077296014,0.16666666666666663,0.0,1.1277008086550873,2.0421534014440295,1.0,0.40625,0.5104166666666666,0.5040322580645161,3.422414204014729,0.03125,1.0
smoke,7,2,64,min_energy,13,64,64.0,-1.9520000000000008,0.0,0.0,1.3500000000000003,2.1254169440832533,1.0,0.40625,0.5078125,0.4760531135531135,4.137222233967175,0.03125,1.0
smoke,7,2,64,calibrated_clipped,21,64,64.0,0.047562271106018066,1.0,1.0,0.11317021410063856,0.12585467297723443,1.0,0.40625,0.5078125,0.4760531135531135,4.137222233967175,0.015625,0.0
smoke,7,2,64,diversity_constrained,18,64,64.0,-1.860818077296014,0.16666666666666663,0.0,1.1277008086550873,2.0342350213792666,1.0,0.40625,0.5078125,0.4760531135531135,4.137222233967175,0.015625,1.0
smoke,7,2,128,min_energy,13,128,128.0,-1.9520000000000008,0.0,0.0,1.3500000000000003,2.1184677637840115,1.0,0.34375,0.46614583333333337,0.3429030855154734,4.797878140438369,0.03125,1.0
smoke,7,2,128,calibrated_clipped,105,128,128.0,0.0025220529159366263,1.0,1.0,0.1443423874355773,0.163945710868074,1.0,0.34375,0.46614583333333337,0.3429030855154734,4.797878140438369,0.0078125,0.0
smoke,7,2,128,diversity_constrained,121,128,128.0,-1.8361752183836548,0.16666666666666663,0.0,1.097357780193037,2.0026429821676652,1.0,0.34375,0.46614583333333337,0.3429030855154734,4.797878140438369,0.0078125,1.0
smoke,7,3,1,min_energy,0,1,1.0,-1.8429007798901513,0.16666666666666663,0.0,1.1045693589056318,0.0,1.0,0.0,0.16666666666666663,0.0,-0.0,1.0,1.0
smoke,7,3,1,calibrated_clipped,0,1,1.0,-1.8429007798901513,0.16666666666666663,0.0,1.1045693589056318,0.0,1.0,0.0,0.16666666666666663,0.0,-0.0,1.0,1.0
smoke,7,3,1,diversity_constrained,0,1,1.0,-1.8429007798901513,0.16666666666666663,0.0,1.1045693589056318,0.0,1.0,0.0,0.16666666666666663,0.0,-0.0,1.0,1.0
smoke,7,3,2,min_energy,0,2,2.0,-1.8429007798901513,0.16666666666666663,0.0,1.1045693589056318,0.990534830704126,1.0,0.0,0.5,-1.0,0.6931471805599453,0.5,1.0
smoke,7,3,2,calibrated_clipped,0,2,2.0,-1.8429007798901513,0.16666666666666663,0.0,1.1045693589056318,0.990534830704126,1.0,0.0,0.5,-1.0,0.6931471805599453,0.5,1.0
smoke,7,3,2,diversity_constrained,0,2,2.0,-1.8429007798901513,0.16666666666666663,0.0,1.1045693589056318,0.990534830704126,1.0,0.0,0.5,-1.0,0.6931471805599453,0.5,1.0
smoke,7,3,4,min_energy,0,4,4.0,-1.8429007798901513,0.16666666666666663,0.0,1.1045693589056318,0.3089074000901939,1.0,0.0,0.25,-0.4,1.3862943611198906,0.25,1.0
smoke,7,3,4,calibrated_clipped,0,4,4.0,-1.8429007798901513,0.16666666666666663,0.0,1.1045693589056318,0.3089074000901939,1.0,0.0,0.25,-0.4,1.3862943611198906,0.25,1.0
smoke,7,3,4,diversity_constrained,0,4,4.0,-1.8429007798901513,0.16666666666666663,0.0,1.1045693589056318,0.3089074000901939,1.0,0.0,0.25,-0.4,1.3862943611198906,0.25,1.0
smoke,7,3,8,min_energy,5,8,8.0,-1.9520000000000008,0.0,0.0,1.3500000000000003,1.3505643049174718,1.0,0.25,0.4791666666666667,-0.6428571428571429,2.0794415416798357,0.125,1.0
smoke,7,3,8,calibrated_clipped,0,8,8.0,-1.8429007798901513,0.16666666666666663,0.0,1.1045693589056318,1.2414650848076223,1.0,0.25,0.4791666666666667,-0.6428571428571429,2.0794415416798357,0.125,1.0
smoke,7,3,8,diversity_constrained,0,8,8.0,-1.8429007798901513,0.16666666666666663,0.0,1.1045693589056318,1.2414650848076223,1.0,0.25,0.4791666666666667,-0.6428571428571429,2.0794415416798357,0.125,1.0
smoke,7,3,16,min_energy,5,16,16.0,-1.9520000000000008,0.0,0.0,1.3500000000000003,2.0535562444350526,1.0,0.375,0.59375,-0.40294117647058825,2.772588722239781,0.0625,1.0
smoke,7,3,16,calibrated_clipped,3,16,16.0,-1.2949626728291346,0.0,0.0,0.9784401111725517,1.3965189172641865,1.0,0.375,0.59375,-0.40294117647058825,2.772588722239781,0.0625,1.0
smoke,7,3,16,diversity_constrained,0,16,16.0,-1.8429007798901513,0.16666666666666663,0.0,1.1045693589056318,1.9444570243252033,1.0,0.375,0.59375,-0.40294117647058825,2.772588722239781,0.0625,1.0
smoke,7,3,32,min_energy,5,32,32.0,-1.9520000000000008,0.0,0.0,1.3500000000000003,2.090064649499277,1.0,0.3125,0.5208333333333333,0.0032991202346041057,3.4657359027997265,0.03125,1.0
smoke,7,3,32,calibrated_clipped,30,32,32.0,-0.3273151140592392,1.0,1.0,0.28026993217894175,0.46537976355851524,1.0,0.3125,0.5208333333333333,0.0032991202346041057,3.4657359027997265,0.03125,0.0
smoke,7,3,32,diversity_constrained,0,32,32.0,-1.8429007798901513,0.16666666666666663,0.0,1.1045693589056318,1.9809654293894274,1.0,0.3125,0.5208333333333333,0.0032991202346041057,3.4657359027997265,0.03125,1.0
smoke,7,3,64,min_energy,5,64,64.0,-1.9520000000000008,0.0,0.0,1.3500000000000003,2.0889936743218995,1.0,0.4375,0.578125,0.2790750915750916,4.1588830833596715,0.015625,1.0
smoke,7,3,64,calibrated_clipped,44,64,64.0,-0.060752763443686325,1.0,1.0,0.17885901572708543,0.19774643776558484,1.0,0.4375,0.578125,0.2790750915750916,4.1588830833596715,0.015625,0.0
smoke,7,3,64,diversity_constrained,48,64,64.0,-1.880646508016065,0.16666666666666663,0.0,1.1492534507420993,2.0176401823379635,1.0,0.4375,0.578125,0.2790750915750916,4.1588830833596715,0.015625,1.0
smoke,7,3,128,min_energy,5,128,128.0,-1.9520000000000008,0.0,0.0,1.3500000000000003,2.0857921151907064,1.0,0.4296875,0.5924479166666666,0.3583592748580846,4.815451113707707,0.0078125,1.0
smoke,7,3,128,calibrated_clipped,94,128,128.0,-0.0047577744737944405,1.0,1.0,0.13583947250832243,0.13854988966450016,1.0,0.4296875,0.5924479166666666,0.3583592748580846,4.815451113707707,0.0078125,0.0
smoke,7,3,128,diversity_constrained,99,128,128.0,-1.8876912271841102,0.16666666666666663,0.0,1.156910754185627,2.021483342374816,1.0,0.4296875,0.5924479166666666,0.3583592748580846,4.815451113707707,0.0078125,1.0
smoke,8,0,1,min_energy,0,1,1.0,0.014370157475555576,1.0,1.0,0.13681853225369986,0.0,0.0,1.0,1.0,0.0,-0.0,1.0,0.0
smoke,8,0,1,calibrated_clipped,0,1,1.0,0.014370157475555576,1.0,1.0,0.13681853225369986,0.0,0.0,1.0,1.0,0.0,-0.0,1.0,0.0
smoke,8,0,1,diversity_constrained,0,1,1.0,0.014370157475555576,1.0,1.0,0.13681853225369986,0.0,0.0,1.0,1.0,0.0,-0.0,1.0,0.0
smoke,8,0,2,min_energy,0,2,2.0,0.014370157475555576,1.0,1.0,0.13681853225369986,0.007205822198062411,0.0,1.0,1.0,-1.0,0.6931471805599453,0.5,0.0
smoke,8,0,2,calibrated_clipped,0,2,2.0,0.014370157475555576,1.0,1.0,0.13681853225369986,0.007205822198062411,0.0,1.0,1.0,-1.0,0.6931471805599453,0.5,0.0
smoke,8,0,2,diversity_constrained,0,2,2.0,0.014370157475555576,1.0,1.0,0.13681853225369986,0.007205822198062411,0.0,1.0,1.0,-1.0,0.6931471805599453,0.5,0.0
smoke,8,0,4,min_energy,0,4,4.0,0.014370157475555576,1.0,1.0,0.13681853225369986,0.06318101464431376,0.0,0.75,0.75,0.2,1.3862943611198906,0.25,0.0
smoke,8,0,4,calibrated_clipped,1,4,4.0,0.028781801871680397,1.0,1.0,0.1287003777300148,0.04876937024818894,0.0,0.75,0.75,0.2,1.3862943611198906,0.25,0.0
smoke,8,0,4,diversity_constrained,0,4,4.0,0.014370157475555576,1.0,1.0,0.13681853225369986,0.06318101464431376,0.0,0.75,0.75,0.2,1.3862943611198906,0.25,0.0
smoke,8,0,8,min_energy,7,8,8.0,-0.171969546308518,1.0,1.0,0.20475677195564482,0.24952071842838733,0.0,0.5,0.625,0.7380952380952381,2.0794415416798357,0.125,0.0
smoke,8,0,8,calibrated_clipped,0,8,8.0,0.014370157475555576,1.0,1.0,0.13681853225369986,0.06318101464431376,0.0,0.5,0.625,0.7380952380952381,2.0794415416798357,0.125,0.0
smoke,8,0,8,diversity_constrained,7,8,8.0,-0.171969546308518,1.0,1.0,0.20475677195564482,0.24952071842838733,0.0,0.5,0.625,0.7380952380952381,2.0794415416798357,0.125,0.0
smoke,8,0,16,min_energy,12,16,16.0,-0.23741257895622248,1.0,1.0,0.25300674743099255,0.35007062502780784,0.0,0.4375,0.6041666666666667,0.8147058823529412,2.772588722239781,0.0625,0.0
smoke,8,0,16,calibrated_clipped,0,16,16.0,0.014370157475555576,1.0,1.0,0.13681853225369986,0.09828788859602981,0.0,0.4375,0.6041666666666667,0.8147058823529412,2.772588722239781,0.0625,0.0
smoke,8,0,16,diversity_constrained,12,16,16.0,-0.23741257895622248,1.0,1.0,0.25300674743099255,0.35007062502780784,0.0,0.4375,0.6041666666666667,0.8147058823529412,2.772588722239781,0.0625,0.0
smoke,8,0,32,min_energy,18,32,32.0,-1.893750776315723,0.16666666666666663,0.0,1.1598410941508186,2.017125921635187,0.75,0.375,0.5364583333333334,0.5109970674486803,3.4657359027997265,0.03125,1.0
smoke,8,0,32,calibrated_clipped,9,32,32.0,-0.12459666347948628,1.0,1.0,0.2015399346072012,0.24797180879895023,0.75,0.375,0.5364583333333334,0.5109970674486803,3.4657359027997265,0.03125,0.0
smoke,8,0,32,diversity_constrained,18,32,32.0,-1.893750776315723,0.16666666666666663,0.0,1.1598410941508186,2.017125921635187,0.75,0.375,0.5364583333333334,0.5109970674486803,3.4657359027997265,0.03125,1.0
smoke,8,0,64,min_energy,54,64,64.0,-2.030160134027622,0.33333333333333337,0.0,1.1958921087915517,2.1559225938453976,1.0,0.390625,0.5442708333333334,0.38044871794871793,4.1588830833596715,0.015625,1.0
smoke,8,0,64,calibrated_clipped,7,64,64.0,-0.171969546308518,1.0,1.0,0.20475677195564482,0.2977320061262937,1.0,0.390625,0.5442708333333334,0.38044871794871793,4.1588830833596715,0.015625,0.0
smoke,8,0,64,diversity_constrained,54,64,64.0,-2.030160134027622,0.33333333333333337,0.0,1.1958921087915517,2.1559225938453976,1.0,0.390625,0.5442708333333334,0.38044871794871793,4.1588830833596715,0.015625,1.0
smoke,8,0,128,min_energy,96,128,128.0,-2.055333333333334,0.16666666666666663,0.0,1.3500000000000003,2.1945390749627767,1.0,0.3046875,0.4830729166666667,0.4431136696575719,4.852030263919617,0.0078125,1.0
smoke,8,0,128,calibrated_clipped,9,128,128.0,-0.12459666347948628,1.0,1.0,0.2015399346072012,0.2638024051089292,1.0,0.3046875,0.4830729166666667,0.4431136696575719,4.852030263919617,0.0078125,0.0
smoke,8,0,128,diversity_constrained,54,128,128.0,-2.030160134027622,0.33333333333333337,0.0,1.1958921087915517,2.1693658756570646,1.0,0.3046875,0.4830729166666667,0.4431136696575719,4.852030263919617,0.0078125,1.0
smoke,8,1,1,min_energy,0,1,1.0,0.6334932588092946,0.0,0.0,0.1582090765755049,0.0,1.0,0.0,0.0,0.0,-0.0,1.0,0.0
smoke,8,1,1,calibrated_clipped,0,1,1.0,0.6334932588092946,0.0,0.0,0.1582090765755049,0.0,1.0,0.0,0.0,0.0,-0.0,1.0,0.0
smoke,8,1,1,diversity_constrained,0,1,1.0,0.6334932588092946,0.0,0.0,0.1582090765755049,0.0,1.0,0.0,0.0,0.0,-0.0,1.0,0.0
smoke,8,1,2,min_energy,1,2,2.0,0.38258949187555336,0.5,0.0,0.12044652402376417,0.12545188346687064,1.0,0.0,0.25,1.0,0.6931471805599453,0.5,0.0
smoke,8,1,2,calibrated_clipped,1,2,2.0,0.38258949187555336,0.5,0.0,0.12044652402376417,0.12545188346687064,1.0,0.0,0.25,1.0,0.6931471805599453,0.5,0.0
smoke,8,1,2,diversity_constrained,1,2,2.0,0.38258949187555336,0.5,0.0,0.12044652402376417,0.12545188346687064,1.0,0.0,0.25,1.0,0.6931471805599453,0.5,0.0
smoke,8,1,4,min_energy,3,4,4.0,0.13923879272124062,1.0,1.0,0.0930336586612147,0.27662867782595635,0.0,0.25,0.5,0.8,1.3862943611198906,0.25,0.0
smoke,8,1,4,calibrated_clipped,3,4,4.0,0.13923879272124062,1.0,1.0,0.0930336586612147,0.27662867782595635,0.0,0.25,0.5,0.8,1.3862943611198906,0.25,0.0
smoke,8,1,4,diversity_constrained,3,4,4.0,0.13923879272124062,1.0,1.0,0.0930336586612147,0.27662867782595635,0.0,0.25,0.5,0.8,1.3862943611198906,0.25,0.0
smoke,8,1,8,min_energy,5,8,8.0,0.08706355126405413,0.8333333333333334,0.0,0.1535603891722465,0.1897667488723468,1.0,0.25,0.6041666666666666,0.7619047619047619,2.0794415416798357,0.125,0.0
smoke,8,1,8,calibrated_clipped,3,8,8.0,0.13923879272124062,1.0,1.0,0.0930336586612147,0.1375915074151603,1.0,0.25,0.6041666666666666,0.7619047619047619,2.0794415416798357,0.125,0.0
smoke,8,1,8,diversity_constrained,5,8,8.0,0.08706355126405413,0.8333333333333334,0.0,0.1535603891722465,0.1897667488723468,1.0,0.25,0.6041666666666666,0.7619047619047619,2.0794415416798357,0.125,0.0
smoke,8,1,16,min_energy,8,16,16.0,-1.4311211626417086,0.16666666666666663,0.0,0.9613100255904715,1.6086611939206068,1.0,0.3125,0.6145833333333334,0.4235294117647059,2.772588722239781,0.0625,1.0
smoke,8,1,16,calibrated_clipped,12,16,16.0,0.060997001810687665,1.0,1.0,0.13700551657669263,0.11654302946821045,1.0,0.3125,0.6145833333333334,0.4235294117647059,2.772588722239781,0.0625,0.0
smoke,8,1,16,diversity_constrained,8,16,16.0,-1.4311211626417086,0.16666666666666663,0.0,0.9613100255904715,1.6086611939206068,1.0,0.3125,0.6145833333333334,0.4235294117647059,2.772588722239781,0.0625,1.0
smoke,8,1,32,min_energy,28,32,32.0,-1.7574847439626808,0.0,0.0,1.1277008086550873,1.9261236851962877,1.0,0.4375,0.6145833333333334,0.3581378299120235,3.4657359027997265,0.03125,1.0
smoke,8,1,32,calibrated_clipped,23,32,32.0,0.03620004488378469,1.0,1.0,0.13129364831244555,0.1324388963498222,1.0,0.4375,0.6145833333333334,0.3581378299120235,3.4657359027997265,0.03125,0.0
smoke,8,1,32,diversity_constrained,28,32,32.0,-1.7574847439626808,0.0,0.0,1.1277008086550873,1.9261236851962877,1.0,0.4375,0.6145833333333334,0.3581378299120235,3.4657359027997265,0.03125,1.0
smoke,8,1,64,min_energy,36,64,64.0,-1.89398830145161,0.16666666666666663,0.0,1.1601980878755969,2.0692663670229288,1.0,0.359375,0.5052083333333334,0.49340659340659343,4.1588830833596715,0.015625,1.0
smoke,8,1,64,calibrated_clipped,47,64,64.0,0.04955643273690455,1.0,1.0,0.13033984436877485,0.1257216328344142,1.0,0.359375,0.5052083333333334,0.49340659340659343,4.1588830833596715,0.015625,0.0
smoke,8,1,64,diversity_constrained,36,64,64.0,-1.89398830145161,0.16666666666666663,0.0,1.1601980878755969,2.0692663670229288,1.0,0.359375,0.5052083333333334,0.49340659340659343,4.1588830833596715,0.015625,1.0
smoke,8,1,128,min_energy,89,128,128.0,-1.9520000000000008,0.0,0.0,1.3500000000000003,2.126793258341008,1.0,0.34375,0.49609375,0.502168787767808,4.808708565134618,0.0078125,1.0
smoke,8,1,128,calibrated_clipped,93,128,128.0,-0.03922017457792817,1.0,1.0,0.14206941805103965,0.21401343291893535,1.0,0.34375,0.49609375,0.502168787767808,4.808708565134618,0.0078125,0.0
smoke,8,1,128,diversity_constrained,123,128,128.0,-1.9295920734143608,0.33333333333333337,0.0,1.0792667464648844,2.104385331755368,1.0,0.34375,0.49609375,0.502168787767808,4.808708565134618,0.0078125,1.0
smoke,8,2,1,min_energy,0,1,1.0,-1.798383083739446,0.0,0.0,1.1721555258037453,0.0,1.0,0.0,0.0,0.0,-0.0,1.0,1.0
smoke,8,2,1,calibrated_clipped,0,1,1.0,-1.798383083739446,0.0,0.0,1.1721555258037453,0.0,1.0,0.0,0.0,0.0,-0.0,1.0,1.0
smoke,8,2,1,diversity_constrained,0,1,1.0,-1.798383083739446,0.0,0.0,1.1721555258037453,0.0,1.0,0.0,0.0,0.0,-0.0,1.0,1.0
smoke,8,2,2,min_energy,0,2,2.0,-1.798383083739446,0.0,0.0,1.1721555258037453,0.9442165160081037,1.0,0.5,0.5,-1.0,0.6931471805599453,0.5,1.0
smoke,8,2,2,calibrated_clipped,0,2,2.0,-1.798383083739446,0.0,0.0,1.1721555258037453,0.9442165160081037,1.0,0.5,0.5,-1.0,0.6931471805599453,0.5,1.0
smoke,8,2,2,diversity_constrained,0,2,2.0,-1.798383083739446,0.0,0.0,1.1721555258037453,0.9442165160081037,1.0,0.5,0.5,-1.0,0.6931471805599453,0.5,1.0
smoke,8,2,4,min_energy,0,4,4.0,-1.798383083739446,0.0,0.0,1.1721555258037453,1.8874092489319363,1.0,0.75,0.75,-0.8,1.3862943611198906,0.25,1.0
smoke,8,2,4,calibrated_clipped,2,4,4.0,0.08800238210821897,1.0,1.0,0.11099477589798999,0.001023783084271243,1.0,0.75,0.75,-0.8,1.3862943611198906,0.25,0.0
smoke,8,2,4,diversity_constrained,0,4,4.0,-1.798383083739446,0.0,0.0,1.1721555258037453,1.8874092489319363,1.0,0.75,0.75,-0.8,1.3862943611198906,0.25,1.0
smoke,8,2,8,min_energy,0,8,8.0,-1.798383083739446,0.0,0.0,1.1721555258037453,1.8493468472953483,1.0,0.75,0.75,-0.42857142857142855,2.0794415416798357,0.125,1.0
smoke,8,2,8,calibrated_clipped,7,8,8.0,-0.04667515937956761,1.0,1.0,0.14852121923237238,0.09763892293546973,1.0,0.75,0.75,-0.42857142857142855,2.0794415416798357,0.125,0.0
smoke,8,2,8,diversity_constrained,0,8,8.0,-1.798383083739446,0.0,0.0,1.1721555258037453,1.8493468472953483,1.0,0.75,0.75,-0.42857142857142855,2.0794415416798357,0.125,1.0
smoke,8,2,16,min_energy,13,16,16.0,-1.895305815696133,0.16666666666666663,0.0,1.1595550697619361,1.9590864190650084,1.0,0.4375,0.5104166666666666,-0.1,2.685945324669788,0.0625,1.0
smoke,8,2,16,calibrated_clipped,13,16,16.0,-1.895305815696133,0.16666666666666663,0.0,1.1595550697619361,1.9590864190650084,1.0,0.4375,0.5104166666666666,-0.1,2.685945324669788,0.0625,1.0
smoke,8,2,16,diversity_constrained,13,16,16.0,-1.895305815696133,0.16666666666666663,0.0,1.1595550697619361,1.9590864190650084,1.0,0.4375,0.5104166666666666,-0.1,2.685945324669788,0.0625,1.0
smoke,8,2,32,min_energy,29,32,32.0,-1.9520000000000008,0.0,0.0,1.3500000000000003,2.036731682986513,1.0,0.5625,0.6302083333333333,-0.09200879765395895,3.422414204014729,0.03125,1.0
smoke,8,2,32,calibrated_clipped,31,32,32.0,-1.3982583790632097,0.16666666666666663,0.0,0.9463569100193535,1.482990062049722,1.0,0.5625,0.6302083333333333,-0.09200879765395895,3.422414204014729,0.03125,1.0
smoke,8,2,32,diversity_constrained,13,32,32.0,-1.895305815696133,0.16666666666666663,0.0,1.1595550697619361,1.9800374986826454,1.0,0.5625,0.6302083333333333,-0.09200879765395895,3.422414204014729,0.03125,1.0
smoke,8,2,64,min_energy,29,64,64.0,-1.9520000000000008,0.0,0.0,1.3500000000000003,2.0421303047870834,1.0,0.5,0.609375,0.11341575091575092,4.093900535182178,0.03125,1.0
smoke,8,2,64,calibrated_clipped,7,64,64.0,-0.04667515937956761,1.0,1.0,0.14852121923237238,0.13680546416664996,1.0,0.5,0.609375,0.11341575091575092,4.093900535182178,0.015625,0.0
smoke,8,2,64,diversity_constrained,13,64,64.0,-1.895305815696133,0.16666666666666663,0.0,1.1595550697619361,1.9854361204832154,1.0,0.5,0.609375,0.11341575091575092,4.093900535182178,0.015625,1.0
smoke,8,2,128,min_energy,78,128,128.0,-1.9865413881091112,0.33333333333333337,0.0,1.1520377406983089,2.0804019547660655,1.0,0.4453125,0.5416666666666666,0.14549761948361106,4.761298990226463,0.015625,1.0
smoke,8,2,128,calibrated_clipped,77,128,128.0,-0.14523656875032273,1.0,1.0,0.21186390172923883,0.23909713540727714,1.0,0.4453125,0.5416666666666666,0.14549761948361106,4.761298990226463,0.0078125,0.0
smoke,8,2,128,diversity_constrained,78,128,128.0,-1.9865413881091112,0.33333333333333337,0.0,1.1520377406983089,2.0804019547660655,1.0,0.4453125,0.5416666666666666,0.14549761948361106,4.761298990226463,0.015625,1.0
smoke,8,3,1,min_energy,0,1,1.0,0.09841728004100235,1.0,1.0,0.11024331506994085,0.0,0.0,1.0,1.0,0.0,-0.0,1.0,0.0
smoke,8,3,1,calibrated_clipped,0,1,1.0,0.09841728004100235,1.0,1.0,0.11024331506994085,0.0,0.0,1.0,1.0,0.0,-0.0,1.0,0.0
smoke,8,3,1,diversity_constrained,0,1,1.0,0.09841728004100235,1.0,1.0,0.11024331506994085,0.0,0.0,1.0,1.0,0.0,-0.0,1.0,0.0
smoke,8,3,2,min_energy,1,2,2.0,0.05924931684225905,1.0,1.0,0.12351360357105294,0.01958398159937165,0.0,1.0,1.0,1.0,0.6931471805599453,0.5,0.0
smoke,8,3,2,calibrated_clipped,1,2,2.0,0.05924931684225905,1.0,1.0,0.12351360357105294,0.01958398159937165,0.0,1.0,1.0,1.0,0.6931471805599453,0.5,0.0
smoke,8,3,2,diversity_constrained,1,2,2.0,0.05924931684225905,1.0,1.0,0.12351360357105294,0.01958398159937165,0.0,1.0,1.0,1.0,0.6931471805599453,0.5,0.0
smoke,8,3,4,min_energy,2,4,4.0,0.023256207491515395,1.0,1.0,0.1540698560927494,0.0555770909501153,0.0,0.75,0.75,1.0,1.3862943611198906,0.25,0.0
smoke,8,3,4,calibrated_clipped,1,4,4.0,0.05924931684225905,1.0,1.0,0.12351360357105294,0.01958398159937165,0.0,0.75,0.75,1.0,1.3862943611198906,0.25,0.0
smoke,8,3,4,diversity_constrained,2,4,4.0,0.023256207491515395,1.0,1.0,0.1540698560927494,0.0555770909501153,0.0,0.75,0.75,1.0,1.3862943611198906,0.25,0.0
smoke,8,3,8,min_energy,5,8,8.0,-1.7773131746827315,0.0,0.0,1.1492534507420993,1.8736497167126196,1.0,0.625,0.625,0.30952380952380953,2.0794415416798357,0.125,1.0
smoke,8,3,8,calibrated_clipped,2,8,8.0,0.023256207491515395,1.0,1.0,0.1540698560927494,0.07308033453837263,1.0,0.625,0.625,0.30952380952380953,2.0794415416798357,0.125,0.0
smoke,8,3,8,diversity_constrained,5,8,8.0,-1.7773131746827315,0.0,0.0,1.1492534507420993,1.8736497167126196,1.0,0.625,0.625,0.30952380952380953,2.0794415416798357,0.125,1.0
smoke,8,3,16,min_energy,5,16,16.0,-1.7773131746827315,0.0,0.0,1.1492534507420993,1.9014243250231222,0.5,0.5625,0.625,0.4647058823529412,2.772588722239781,0.0625,1.0
smoke,8,3,16,calibrated_clipped,2,16,16.0,0.023256207491515395,1.0,1.0,0.1540698560927494,0.10085494284887532,0.5,0.5625,0.625,0.4647058823529412,2.772588722239781,0.0625,0.0
smoke,8,3,16,diversity_constrained,5,16,16.0,-1.7773131746827315,0.0,0.0,1.1492534507420993,1.9014243250231222,0.5,0.5625,0.625,0.4647058823529412,2.772588722239781,0.0625,1.0
smoke,8,3,32,min_energy,18,32,32.0,-1.9520000000000008,0.0,0.0,1.3500000000000003,2.0964326515636404,1.0,0.40625,0.5416666666666667,0.3980938416422287,3.4657359027997265,0.03125,1.0
smoke,8,3,32,calibrated_clipped,26,32,32.0,0.011205358636963812,1.0,1.0,0.15019947041225834,0.1332272929266759,1.0,0.40625,0.5416666666666667,0.3980938416422287,3.4657359027997265,0.03125,0.0
smoke,8,3,32,diversity_constrained,18,32,32.0,-1.9520000000000008,0.0,0.0,1.3500000000000003,2.0964326515636404,1.0,0.40625,0.5416666666666667,0.3980938416422287,3.4657359027997265,0.03125,1.0
smoke,8,3,64,min_energy,18,64,64.0,-1.9520000000000008,0.0,0.0,1.3500000000000003,2.1311553434254713,1.0,0.28125,0.4322916666666667,0.3242673992673993,4.137222233967175,0.015625,1.0
smoke,8,3,64,calibrated_clipped,32,64,64.0,-0.03799123549125218,1.0,1.0,0.15498364921829103,0.2171465789167228,1.0,0.28125,0.4322916666666667,0.3242673992673993,4.137222233967175,0.015625,0.0
smoke,8,3,64,diversity_constrained,18,64,64.0,-1.9520000000000008,0.0,0.0,1.3500000000000003,2.1311553434254713,1.0,0.28125,0.4322916666666667,0.3242673992673993,4.137222233967175,0.015625,1.0
smoke,8,3,128,min_energy,18,128,128.0,-1.9520000000000008,0.0,0.0,1.3500000000000003,2.1303466194450063,1.0,0.3203125,0.50390625,0.43157732100347923,4.830369414527117,0.0078125,1.0
smoke,8,3,128,calibrated_clipped,65,128,128.0,-0.0032821917400866485,1.0,1.0,0.15237664417693755,0.1816288111850919,1.0,0.3203125,0.50390625,0.43157732100347923,4.830369414527117,0.0078125,0.0
smoke,8,3,128,diversity_constrained,88,128,128.0,-1.8981431421223323,0.16666666666666663,0.0,1.1671845747706506,2.0764897615673377,1.0,0.3203125,0.50390625,0.43157732100347923,4.830369414527117,0.0078125,1.0
smoke,9,0,1,min_energy,0,1,1.0,0.14601320583123995,1.0,1.0,0.10220872843441246,0.0,0.0,1.0,1.0,0.0,-0.0,1.0,0.0
smoke,9,0,1,calibrated_clipped,0,1,1.0,0.14601320583123995,1.0,1.0,0.10220872843441246,0.0,0.0,1.0,1.0,0.0,-0.0,1.0,0.0
smoke,9,0,1,diversity_constrained,0,1,1.0,0.14601320583123995,1.0,1.0,0.10220872843441246,0.0,0.0,1.0,1.0,0.0,-0.0,1.0,0.0
smoke,9,0,2,min_energy,0,2,2.0,0.14601320583123995,1.0,1.0,0.10220872843441246,0.0375085000942218,0.0,1.0,1.0,-1.0,0.6931471805599453,0.5,0.0
smoke,9,0,2,calibrated_clipped,0,2,2.0,0.14601320583123995,1.0,1.0,0.10220872843441246,0.0375085000942218,0.0,1.0,1.0,-1.0,0.6931471805599453,0.5,0.0
smoke,9,0,2,diversity_constrained,0,2,2.0,0.14601320583123995,1.0,1.0,0.10220872843441246,0.0375085000942218,0.0,1.0,1.0,-1.0,0.6931471805599453,0.5,0.0
smoke,9,0,4,min_energy,0,4,4.0,0.14601320583123995,1.0,1.0,0.10220872843441246,0.07570756741441209,0.0,0.5,0.7083333333333334,0.8,1.3862943611198906,0.25,0.0
smoke,9,0,4,calibrated_clipped,0,4,4.0,0.14601320583123995,1.0,1.0,0.10220872843441246,0.07570756741441209,0.0,0.5,0.7083333333333334,0.8,1.3862943611198906,0.25,0.0
smoke,9,0,4,diversity_constrained,0,4,4.0,0.14601320583123995,1.0,1.0,0.10220872843441246,0.07570756741441209,0.0,0.5,0.7083333333333334,0.8,1.3862943611198906,0.25,0.0
smoke,9,0,8,min_energy,4,8,8.0,0.025800492874811613,1.0,1.0,0.13633149580457035,0.13155562621701528,0.0,0.625,0.8333333333333334,0.8333333333333334,2.0794415416798357,0.125,0.0
smoke,9,0,8,calibrated_clipped,5,8,8.0,0.11481931695077864,1.0,1.0,0.10461834959869537,0.042536802141048255,0.0,0.625,0.8333333333333334,0.8333333333333334,2.0794415416798357,0.125,0.0
smoke,9,0,8,diversity_constrained,4,8,8.0,0.025800492874811613,1.0,1.0,0.13633149580457035,0.13155562621701528,0.0,0.625,0.8333333333333334,0.8333333333333334,2.0794415416798357,0.125,0.0
smoke,9,0,16,min_energy,4,16,16.0,0.025800492874811613,1.0,1.0,0.13633149580457035,0.13047867444338268,0.5,0.5625,0.78125,0.7,2.772588722239781,0.0625,0.0
smoke,9,0,16,calibrated_clipped,5,16,16.0,0.11481931695077864,1.0,1.0,0.10461834959869537,0.04145985036741566,0.5,0.5625,0.78125,0.7,2.772588722239781,0.0625,0.0
smoke,9,0,16,diversity_constrained,4,16,16.0,0.025800492874811613,1.0,1.0,0.13633149580457035,0.13047867444338268,0.5,0.5625,0.78125,0.7,2.772588722239781,0.0625,0.0
smoke,9,0,32,min_energy,19,32,32.0,-1.9520000000000008,0.0,0.0,1.3500000000000003,2.1135821235056755,0.5,0.4375,0.609375,0.4563782991202346,3.4657359027997265,0.03125,1.0
smoke,9,0,32,calibrated_clipped,15,32,32.0,0.09013206538707912,1.0,1.0,0.116572555808468,0.07145005811859552,0.5,0.4375,0.609375,0.4563782991202346,3.4657359027997265,0.03125,0.0
smoke,9,0,32,diversity_constrained,16,32,32.0,-1.830977403065524,0.0,0.0,1.2039280072846605,1.9925595265711986,0.5,0.4375,0.609375,0.4563782991202346,3.4657359027997265,0.03125,1.0
smoke,9,0,64,min_energy,19,64,64.0,-1.9520000000000008,0.0,0.0,1.3500000000000003,2.1135821235056755,0.5714285714285714,0.4375,0.5859375,0.5898809523809524,4.1588830833596715,0.015625,1.0
smoke,9,0,64,calibrated_clipped,62,64,64.0,0.047184849202639885,1.0,1.0,0.11720224681767914,0.11439727430303476,0.5714285714285714,0.4375,0.5859375,0.5898809523809524,4.1588830833596715,0.015625,0.0
smoke,9,0,64,diversity_constrained,16,64,64.0,-1.830977403065524,0.0,0.0,1.2039280072846605,1.9925595265711986,0.5714285714285714,0.4375,0.5859375,0.5898809523809524,4.1588830833596715,0.015625,1.0
smoke,9,0,128,min_energy,19,128,128.0,-1.9520000000000008,0.0,0.0,1.3500000000000003,2.1006444427402315,1.0,0.4296875,0.5885416666666667,0.4333283739241897,4.841199839223365,0.0078125,1.0
smoke,9,0,128,calibrated_clipped,62,128,128.0,0.047184849202639885,1.0,1.0,0.11720224681767914,0.10145959353759065,1.0,0.4296875,0.5885416666666667,0.4333283739241897,4.841199839223365,0.0078125,0.0
smoke,9,0,128,diversity_constrained,97,128,128.0,-1.9268268006942886,0.16666666666666663,0.0,1.1958921087915517,2.075471243434519,1.0,0.4296875,0.5885416666666667,0.4333283739241897,4.841199839223365,0.0078125,1.0
smoke,9,1,1,min_energy,0,1,1.0,0.16039117584266693,1.0,1.0,0.08833613616080267,0.0,0.0,1.0,1.0,0.0,-0.0,1.0,0.0
smoke,9,1,1,calibrated_clipped,0,1,1.0,0.16039117584266693,1.0,1.0,0.08833613616080267,0.0,0.0,1.0,1.0,0.0,-0.0,1.0,0.0
smoke,9,1,1,diversity_constrained,0,1,1.0,0.16039117584266693,1.0,1.0,0.08833613616080267,0.0,0.0,1.0,1.0,0.0,-0.0,1.0,0.0
smoke,9,1,2,min_energy,1,2,2.0,0.15045216119257612,0.8333333333333334,0.0,0.127597848543231,0.004969507325045391,1.0,0.5,0.9166666666666667,-1.0,0.6931471805599453,0.5,0.0
smoke,9,1,2,calibrated_clipped,0,2,2.0,0.16039117584266693,1.0,1.0,0.08833613616080267,-0.004969507325045419,1.0,0.5,0.9166666666666667,-1.0,0.6931471805599453,0.5,0.0
smoke,9,1,2,diversity_constrained,1,2,2.0,0.15045216119257612,0.8333333333333334,0.0,0.127597848543231,0.004969507325045391,1.0,0.5,0.9166666666666667,-1.0,0.6931471805599453,0.5,0.0
smoke,9,1,4,min_energy,3,4,4.0,-0.2200124820085797,0.0,0.0,0.5043254927124924,0.3754341505262012,1.0,0.25,0.6666666666666667,-0.8,1.3862943611198906,0.25,0.0
smoke,9,1,4,calibrated_clipped,0,4,4.0,0.16039117584266693,1.0,1.0,0.08833613616080267,-0.004969507325045419,1.0,0.25,0.6666666666666667,-0.8,1.3862943611198906,0.25,0.0
smoke,9,1,4,diversity_constrained,3,4,4.0,-0.2200124820085797,0.0,0.0,0.5043254927124924,0.3754341505262012,1.0,0.25,0.6666666666666667,-0.8,1.3862943611198906,0.25,0.0
smoke,9,1,8,min_energy,3,8,8.0,-0.2200124820085797,0.0,0.0,0.5043254927124924,0.39946051364206314,1.0,0.25,0.6458333333333334,0.19047619047619047,2.0794415416798357,0.125,0.0
smoke,9,1,8,calibrated_clipped,5,8,8.0,-0.014894955371636716,1.0,1.0,0.166233491759557,0.19434298700512012,1.0,0.25,0.6458333333333334,0.19047619047619047,2.0794415416798357,0.125,0.0
smoke,9,1,8,diversity_constrained,3,8,8.0,-0.2200124820085797,0.0,0.0,0.5043254927124924,0.39946051364206314,1.0,0.25,0.6458333333333334,0.19047619047619047,2.0794415416798357,0.125,0.0
smoke,9,1,16,min_energy,13,16,16.0,-1.8416260304884806,0.16666666666666663,0.0,1.0989347498721953,2.003002806267266,1.0,0.3125,0.5208333333333334,0.21176470588235294,2.772588722239781,0.0625,1.0
smoke,9,1,16,calibrated_clipped,5,16,16.0,-0.014894955371636716,1.0,1.0,0.166233491759557,0.17627173115042208,1.0,0.3125,0.5208333333333334,0.21176470588235294,2.772588722239781,0.0625,0.0
smoke,9,1,16,diversity_constrained,13,16,16.0,-1.8416260304884806,0.16666666666666663,0.0,1.0989347498721953,2.003002806267266,1.0,0.3125,0.5208333333333334,0.21176470588235294,2.772588722239781,0.0625,1.0
smoke,9,1,32,min_energy,30,32,32.0,-1.8736068883464443,0.16666666666666663,0.0,1.133696551891721,2.0309877835823493,1.0,0.40625,0.515625,0.5678152492668622,3.4657359027997265,0.03125,1.0
smoke,9,1,32,calibrated_clipped,5,32,32.0,-0.014894955371636716,1.0,1.0,0.166233491759557,0.17227585060754166,1.0,0.40625,0.515625,0.5678152492668622,3.4657359027997265,0.03125,0.0
smoke,9,1,32,diversity_constrained,30,32,32.0,-1.8736068883464443,0.16666666666666663,0.0,1.133696551891721,2.0309877835823493,1.0,0.40625,0.515625,0.5678152492668622,3.4657359027997265,0.03125,1.0
smoke,9,1,64,min_energy,58,64,64.0,-1.932444101089168,0.33333333333333337,0.0,1.093236341763588,2.0833221148689915,1.0,0.375,0.45833333333333337,0.3418956043956044,4.137222233967175,0.015625,1.0
smoke,9,1,64,calibrated_clipped,33,64,64.0,-0.16203893250662174,1.0,1.0,0.21935893708346574,0.3129169462864454,1.0,0.375,0.45833333333333337,0.3418956043956044,4.137222233967175,0.015625,0.0
smoke,9,1,64,diversity_constrained,51,64,64.0,-1.8471468890949252,0.16666666666666663,0.0,1.1019712562625996,1.9980249028747488,1.0,0.375,0.45833333333333337,0.3418956043956044,4.137222233967175,0.015625,1.0
smoke,9,1,128,min_energy,71,128,128.0,-2.055333333333333,0.16666666666666663,0.0,1.3499999999999999,2.2062113471131566,1.0,0.3984375,0.5299479166666667,0.3249347646951108,4.830369414527117,0.0078125,1.0
smoke,9,1,128,calibrated_clipped,22,128,128.0,-0.09647285531976885,1.0,1.0,0.19105861538561694,0.24735086909959253,1.0,0.3984375,0.5299479166666667,0.3249347646951108,4.830369414527117,0.0078125,0.0
smoke,9,1,128,diversity_constrained,71,128,128.0,-2.055333333333333,0.16666666666666663,0.0,1.3499999999999999,2.2062113471131566,1.0,0.3984375,0.5299479166666667,0.3249347646951108,4.830369414527117,0.0078125,1.0
smoke,9,2,1,min_energy,0,1,1.0,-1.9520000000000008,0.0,0.0,1.3500000000000003,0.0,1.0,0.0,0.0,0.0,-0.0,1.0,1.0
smoke,9,2,1,calibrated_clipped,0,1,1.0,-1.9520000000000008,0.0,0.0,1.3500000000000003,0.0,1.0,0.0,0.0,0.0,-0.0,1.0,1.0
smoke,9,2,1,diversity_constrained,0,1,1.0,-1.9520000000000008,0.0,0.0,1.3500000000000003,0.0,1.0,0.0,0.0,0.0,-0.0,1.0,1.0
smoke,9,2,2,min_energy,0,2,2.0,-1.9520000000000008,0.0,0.0,1.3500000000000003,1.2666367225300201,1.0,0.0,0.0,-1.0,0.6931471805599453,0.5,1.0
smoke,9,2,2,calibrated_clipped,0,2,2.0,-1.9520000000000008,0.0,0.0,1.3500000000000003,1.2666367225300201,1.0,0.0,0.0,-1.0,0.6931471805599453,0.5,1.0
smoke,9,2,2,diversity_constrained,0,2,2.0,-1.9520000000000008,0.0,0.0,1.3500000000000003,1.2666367225300201,1.0,0.0,0.0,-1.0,0.6931471805599453,0.5,1.0
smoke,9,2,4,min_energy,0,4,4.0,-1.9520000000000008,0.0,0.0,1.3500000000000003,2.6267744630457006,1.0,0.0,0.0,-1.0,1.3862943611198906,0.25,1.0
smoke,9,2,4,calibrated_clipped,1,4,4.0,0.5812734450600395,0.0,0.0,0.16837566329812814,0.09350101798566024,1.0,0.0,0.0,-1.0,1.3862943611198906,0.25,0.0
smoke,9,2,4,diversity_constrained,0,4,4.0,-1.9520000000000008,0.0,0.0,1.3500000000000003,2.6267744630457006,1.0,0.0,0.0,-1.0,1.3862943611198906,0.25,1.0
smoke,9,2,8,min_energy,7,8,8.0,-2.055333333333334,0.16666666666666663,0.0,1.3500000000000003,2.330317059734332,1.0,0.125,0.14583333333333331,0.2619047619047619,2.0794415416798357,0.125,1.0
smoke,9,2,8,calibrated_clipped,5,8,8.0,-1.789333074085593,0.0,0.0,1.162318558788688,2.064316800486591,1.0,0.125,0.14583333333333331,0.2619047619047619,2.0794415416798357,0.125,1.0
smoke,9,2,8,diversity_constrained,7,8,8.0,-2.055333333333334,0.16666666666666663,0.0,1.3500000000000003,2.330317059734332,1.0,0.125,0.14583333333333331,0.2619047619047619,2.0794415416798357,0.125,1.0
smoke,9,2,16,min_energy,7,16,16.0,-2.055333333333334,0.16666666666666663,0.0,1.3500000000000003,2.197330546482227,1.0,0.25,0.36458333333333337,0.22941176470588234,2.772588722239781,0.0625,1.0
smoke,9,2,16,calibrated_clipped,5,16,16.0,-1.789333074085593,0.0,0.0,1.162318558788688,1.931330287234486,1.0,0.25,0.36458333333333337,0.22941176470588234,2.772588722239781,0.0625,1.0
smoke,9,2,16,diversity_constrained,7,16,16.0,-2.055333333333334,0.16666666666666663,0.0,1.3500000000000003,2.197330546482227,1.0,0.25,0.36458333333333337,0.22941176470588234,2.772588722239781,0.0625,1.0
smoke,9,2,32,min_energy,7,32,32.0,-2.055333333333334,0.16666666666666663,0.0,1.3500000000000003,2.262740375814686,1.0,0.34375,0.4583333333333333,0.4842375366568915,3.4657359027997265,0.03125,1.0
smoke,9,2,32,calibrated_clipped,16,32,32.0,0.04700813109549659,1.0,1.0,0.11835488443929225,0.16039891138585538,1.0,0.34375,0.4583333333333333,0.4842375366568915,3.4657359027997265,0.03125,0.0
smoke,9,2,32,diversity_constrained,7,32,32.0,-2.055333333333334,0.16666666666666663,0.0,1.3500000000000003,2.262740375814686,1.0,0.34375,0.4583333333333333,0.4842375366568915,3.4657359027997265,0.03125,1.0
smoke,9,2,64,min_energy,7,64,64.0,-2.055333333333334,0.16666666666666663,0.0,1.3500000000000003,2.291662426203398,1.0,0.3125,0.42447916666666663,0.4800824175824176,4.1588830833596715,0.015625,1.0
smoke,9,2,64,calibrated_clipped,38,64,64.0,0.028148124152047038,1.0,1.0,0.12538740415443125,0.2081809687180169,1.0,0.3125,0.42447916666666663,0.4800824175824176,4.1588830833596715,0.015625,0.0
smoke,9,2,64,diversity_constrained,52,64,64.0,-1.9426913750724446,0.16666666666666663,0.0,1.213037397147255,2.1790204679425087,1.0,0.3125,0.42447916666666663,0.4800824175824176,4.1588830833596715,0.015625,1.0
smoke,9,2,128,min_energy,7,128,128.0,-2.055333333333334,0.16666666666666663,0.0,1.3500000000000003,2.220713405202483,1.0,0.3515625,0.49609375,0.3881843984618202,4.852030263919617,0.0078125,1.0
smoke,9,2,128,calibrated_clipped,38,128,128.0,0.028148124152047038,1.0,1.0,0.12538740415443125,0.1372319477171023,1.0,0.3515625,0.49609375,0.3881843984618202,4.852030263919617,0.0078125,0.0
smoke,9,2,128,diversity_constrained,52,128,128.0,-1.9426913750724446,0.16666666666666663,0.0,1.213037397147255,2.1080714469415938,1.0,0.3515625,0.49609375,0.3881843984618202,4.852030263919617,0.0078125,1.0
smoke,9,3,1,min_energy,0,1,1.0,0.6491549423919681,0.0,0.0,0.1421244321316851,0.0,1.0,0.0,0.0,0.0,-0.0,1.0,0.0
smoke,9,3,1,calibrated_clipped,0,1,1.0,0.6491549423919681,0.0,0.0,0.1421244321316851,0.0,1.0,0.0,0.0,0.0,-0.0,1.0,0.0
smoke,9,3,1,diversity_constrained,0,1,1.0,0.6491549423919681,0.0,0.0,0.1421244321316851,0.0,1.0,0.0,0.0,0.0,-0.0,1.0,0.0
smoke,9,3,2,min_energy,0,2,2.0,0.6491549423919681,0.0,0.0,0.1421244321316851,0.047053114962946396,1.0,0.0,0.0,-1.0,0.6931471805599453,0.5,0.0
smoke,9,3,2,calibrated_clipped,0,2,2.0,0.6491549423919681,0.0,0.0,0.1421244321316851,0.047053114962946396,1.0,0.0,0.0,-1.0,0.6931471805599453,0.5,0.0
smoke,9,3,2,diversity_constrained,0,2,2.0,0.6491549423919681,0.0,0.0,0.1421244321316851,0.047053114962946396,1.0,0.0,0.0,-1.0,0.6931471805599453,0.5,0.0
smoke,9,3,4,min_energy,3,4,4.0,-1.8055748560857983,0.0,0.0,1.1763165431762626,2.1471447978333593,1.0,0.25,0.25,0.6,1.3862943611198906,0.25,1.0
smoke,9,3,4,calibrated_clipped,2,4,4.0,0.033984941103153705,1.0,1.0,0.13440243103586336,0.30758500064440725,1.0,0.25,0.25,0.6,1.3862943611198906,0.25,0.0
smoke,9,3,4,diversity_constrained,3,4,4.0,-1.8055748560857983,0.0,0.0,1.1763165431762626,2.1471447978333593,1.0,0.25,0.25,0.6,1.3862943611198906,0.25,1.0
smoke,9,3,8,min_energy,3,8,8.0,-1.8055748560857983,0.0,0.0,1.1763165431762626,1.8497285141493895,1.0,0.625,0.625,0.3333333333333333,2.0794415416798357,0.125,1.0
smoke,9,3,8,calibrated_clipped,6,8,8.0,0.04003363822156419,1.0,1.0,0.12441577925130509,0.004120019842027187,1.0,0.625,0.625,0.3333333333333333,2.0794415416798357,0.125,0.0
smoke,9,3,8,diversity_constrained,3,8,8.0,-1.8055748560857983,0.0,0.0,1.1763165431762626,1.8497285141493895,1.0,0.625,0.625,0.3333333333333333,2.0794415416798357,0.125,1.0
smoke,9,3,16,min_energy,3,16,16.0,-1.8055748560857983,0.0,0.0,1.1763165431762626,1.8833154982099733,1.0,0.625,0.7291666666666667,0.21470588235294116,2.772588722239781,0.0625,1.0
smoke,9,3,16,calibrated_clipped,6,16,16.0,0.04003363822156419,1.0,1.0,0.12441577925130509,0.03770700390261084,1.0,0.625,0.7291666666666667,0.21470588235294116,2.772588722239781,0.0625,0.0
smoke,9,3,16,diversity_constrained,3,16,16.0,-1.8055748560857983,0.0,0.0,1.1763165431762626,1.8833154982099733,1.0,0.625,0.7291666666666667,0.21470588235294116,2.772588722239781,0.0625,1.0
smoke,9,3,32,min_energy,18,32,32.0,-1.8391270404303066,0.0,0.0,1.2127863087681194,1.9124589822010594,1.0,0.625,0.6979166666666667,0.18548387096774194,3.4657359027997265,0.03125,1.0
smoke,9,3,32,calibrated_clipped,26,32,32.0,-0.10553446963339676,1.0,1.0,0.18096040330406585,0.1788664114041495,1.0,0.625,0.6979166666666667,0.18548387096774194,3.4657359027997265,0.03125,0.0
smoke,9,3,32,diversity_constrained,18,32,32.0,-1.8391270404303066,0.0,0.0,1.2127863087681194,1.9124589822010594,1.0,0.625,0.6979166666666667,0.18548387096774194,3.4657359027997265,0.03125,1.0
smoke,9,3,64,min_energy,18,64,64.0,-1.8391270404303066,0.0,0.0,1.2127863087681194,1.9124589822010594,1.0,0.578125,0.6458333333333333,0.2992216117216117,4.137222233967175,0.015625,1.0
smoke,9,3,64,calibrated_clipped,37,64,64.0,-0.022028744113100237,1.0,1.0,0.13545133695404252,0.09536068588385299,1.0,0.578125,0.6458333333333333,0.2992216117216117,4.137222233967175,0.015625,0.0
smoke,9,3,64,diversity_constrained,18,64,64.0,-1.8391270404303066,0.0,0.0,1.2127863087681194,1.9124589822010594,1.0,0.578125,0.6458333333333333,0.2992216117216117,4.137222233967175,0.015625,1.0
smoke,9,3,128,min_energy,100,128,128.0,-2.005049750406113,0.33333333333333337,0.0,1.1721555258037453,2.10590366210547,1.0,0.421875,0.5377604166666667,0.28444309650247207,4.808708565134619,0.0078125,1.0
smoke,9,3,128,calibrated_clipped,26,128,128.0,-0.10553446963339676,1.0,1.0,0.18096040330406585,0.20638838133275383,1.0,0.421875,0.5377604166666667,0.28444309650247207,4.808708565134619,0.0078125,0.0
smoke,9,3,128,diversity_constrained,100,128,128.0,-2.005049750406113,0.33333333333333337,0.0,1.1721555258037453,2.10590366210547,1.0,0.421875,0.5377604166666667,0.28444309650247207,4.808708565134619,0.0078125,1.0
smoke,10,0,1,min_energy,0,1,1.0,0.2664420203260377,0.8333333333333334,0.0,0.08494263356391758,0.0,1.0,0.0,0.8333333333333334,0.0,-0.0,1.0,0.0
smoke,10,0,1,calibrated_clipped,0,1,1.0,0.2664420203260377,0.8333333333333334,0.0,0.08494263356391758,0.0,1.0,0.0,0.8333333333333334,0.0,-0.0,1.0,0.0
smoke,10,0,1,diversity_constrained,0,1,1.0,0.2664420203260377,0.8333333333333334,0.0,0.08494263356391758,0.0,1.0,0.0,0.8333333333333334,0.0,-0.0,1.0,0.0
smoke,10,0,2,min_energy,0,2,2.0,0.2664420203260377,0.8333333333333334,0.0,0.08494263356391758,0.015808520549227323,1.0,0.0,0.75,1.0,0.6931471805599453,0.5,0.0
smoke,10,0,2,calibrated_clipped,0,2,2.0,0.2664420203260377,0.8333333333333334,0.0,0.08494263356391758,0.015808520549227323,1.0,0.0,0.75,1.0,0.6931471805599453,0.5,0.0
smoke,10,0,2,diversity_constrained,0,2,2.0,0.2664420203260377,0.8333333333333334,0.0,0.08494263356391758,0.015808520549227323,1.0,0.0,0.75,1.0,0.6931471805599453,0.5,0.0
smoke,10,0,4,min_energy,2,4,4.0,0.09301089486296711,1.0,1.0,0.0991502165245226,0.11992914640769993,0.0,0.5,0.875,0.8,1.3862943611198906,0.25,0.0
smoke,10,0,4,calibrated_clipped,2,4,4.0,0.09301089486296711,1.0,1.0,0.0991502165245226,0.11992914640769993,0.0,0.5,0.875,0.8,1.3862943611198906,0.25,0.0
smoke,10,0,4,diversity_constrained,2,4,4.0,0.09301089486296711,1.0,1.0,0.0991502165245226,0.11992914640769993,0.0,0.5,0.875,0.8,1.3862943611198906,0.25,0.0
smoke,10,0,8,min_energy,7,8,8.0,0.09028078033246315,1.0,1.0,0.11122511934857893,0.1226592609382039,0.0,0.5,0.6875,0.9285714285714286,2.0794415416798357,0.125,0.0
smoke,10,0,8,calibrated_clipped,2,8,8.0,0.09301089486296711,1.0,1.0,0.0991502165245226,0.11992914640769993,0.0,0.5,0.6875,0.9285714285714286,2.0794415416798357,0.125,0.0
smoke,10,0,8,diversity_constrained,7,8,8.0,0.09028078033246315,1.0,1.0,0.11122511934857893,0.1226592609382039,0.0,0.5,0.6875,0.9285714285714286,2.0794415416798357,0.125,0.0
smoke,10,0,16,min_energy,10,16,16.0,-2.055333333333334,0.16666666666666663,0.0,1.3500000000000003,2.19860349847461,1.0,0.4375,0.5833333333333334,0.5323529411764706,2.772588722239781,0.0625,1.0
smoke,10,0,16,calibrated_clipped,2,16,16.0,0.09301089486296711,1.0,1.0,0.0991502165245226,0.05025927027830894,1.0,0.4375,0.5833333333333334,0.5323529411764706,2.772588722239781,0.0625,0.0
smoke,10,0,16,diversity_constrained,10,16,16.0,-2.055333333333334,0.16666666666666663,0.0,1.3500000000000003,2.19860349847461,1.0,0.4375,0.5833333333333334,0.5323529411764706,2.772588722239781,0.0625,1.0
smoke,10,0,32,min_energy,25,32,32.0,-2.1586666666666674,0.33333333333333337,0.0,1.3500000000000003,2.3362286650263475,1.0,0.3125,0.48958333333333337,0.5894428152492669,3.4657359027997265,0.03125,1.0
smoke,10,0,32,calibrated_clipped,11,32,32.0,-0.010635597051557448,1.0,1.0,0.13510811180583412,0.18819759541123743,1.0,0.3125,0.48958333333333337,0.5894428152492669,3.4657359027997265,0.03125,0.0
smoke,10,0,32,diversity_constrained,25,32,32.0,-2.1586666666666674,0.33333333333333337,0.0,1.3500000000000003,2.3362286650263475,1.0,0.3125,0.48958333333333337,0.5894428152492669,3.4657359027997265,0.03125,1.0
smoke,10,0,64,min_energy,25,64,64.0,-2.1586666666666674,0.33333333333333337,0.0,1.3500000000000003,2.316856957133205,1.0,0.375,0.5208333333333334,0.43113553113553116,4.107385632328355,0.015625,1.0
smoke,10,0,64,calibrated_clipped,60,64,64.0,0.026157425577682122,1.0,1.0,0.12967496268247444,0.13203286488885574,1.0,0.375,0.5208333333333334,0.43113553113553116,4.107385632328355,0.015625,0.0
smoke,10,0,64,diversity_constrained,25,64,64.0,-2.1586666666666674,0.33333333333333337,0.0,1.3500000000000003,2.316856957133205,1.0,0.375,0.5208333333333334,0.43113553113553116,4.107385632328355,0.015625,1.0
smoke,10,0,128,min_energy,25,128,128.0,-2.1586666666666674,0.33333333333333337,0.0,1.3500000000000003,2.2806220255848535,1.0,0.40625,0.5286458333333334,0.5367263321735946,4.826281538403956,0.0078125,1.0
smoke,10,0,128,calibrated_clipped,11,128,128.0,-0.010635597051557448,1.0,1.0,0.13510811180583412,0.13259095596974338,1.0,0.40625,0.5286458333333334,0.5367263321735946,4.826281538403956,0.0078125,0.0
smoke,10,0,128,diversity_constrained,25,128,128.0,-2.1586666666666674,0.33333333333333337,0.0,1.3500000000000003,2.2806220255848535,1.0,0.40625,0.5286458333333334,0.5367263321735946,4.826281538403956,0.0078125,1.0
smoke,10,1,1,min_energy,0,1,1.0,0.4200890626684949,0.0,0.0,0.2338396763808683,0.0,1.0,0.0,0.0,0.0,-0.0,1.0,0.0
smoke,10,1,1,calibrated_clipped,0,1,1.0,0.4200890626684949,0.0,0.0,0.2338396763808683,0.0,1.0,0.0,0.0,0.0,-0.0,1.0,0.0
smoke,10,1,1,diversity_constrained,0,1,1.0,0.4200890626684949,0.0,0.0,0.2338396763808683,0.0,1.0,0.0,0.0,0.0,-0.0,1.0,0.0
smoke,10,1,2,min_energy,0,2,2.0,0.4200890626684949,0.0,0.0,0.2338396763808683,0.08413954431284887,1.0,0.0,0.08333333333333331,-1.0,0.6931471805599453,0.5,0.0
smoke,10,1,2,calibrated_clipped,0,2,2.0,0.4200890626684949,0.0,0.0,0.2338396763808683,0.08413954431284887,1.0,0.0,0.08333333333333331,-1.0,0.6931471805599453,0.5,0.0
smoke,10,1,2,diversity_constrained,0,2,2.0,0.4200890626684949,0.0,0.0,0.2338396763808683,0.08413954431284887,1.0,0.0,0.08333333333333331,-1.0,0.6931471805599453,0.5,0.0
smoke,10,1,4,min_energy,3,4,4.0,0.1338848232879299,1.0,1.0,0.1052224186360557,0.16027805221310965,0.0,0.5,0.5416666666666666,0.8,1.3862943611198906,0.25,0.0
smoke,10,1,4,calibrated_clipped,3,4,4.0,0.1338848232879299,1.0,1.0,0.1052224186360557,0.16027805221310965,0.0,0.5,0.5416666666666666,0.8,1.3862943611198906,0.25,0.0
smoke,10,1,4,diversity_constrained,3,4,4.0,0.1338848232879299,1.0,1.0,0.1052224186360557,0.16027805221310965,0.0,0.5,0.5416666666666666,0.8,1.3862943611198906,0.25,0.0
smoke,10,1,8,min_energy,3,8,8.0,0.1338848232879299,1.0,1.0,0.1052224186360557,0.17768220313871752,0.0,0.5,0.5208333333333333,0.6190476190476191,2.0794415416798357,0.125,0.0
smoke,10,1,8,calibrated_clipped,2,8,8.0,0.1682366883335842,1.0,1.0,0.0858588081316461,0.1433303380930632,0.0,0.5,0.5208333333333333,0.6190476190476191,2.0794415416798357,0.125,0.0
smoke,10,1,8,diversity_constrained,3,8,8.0,0.1338848232879299,1.0,1.0,0.1052224186360557,0.17768220313871752,0.0,0.5,0.5208333333333333,0.6190476190476191,2.0794415416798357,0.125,0.0
smoke,10,1,16,min_energy,12,16,16.0,-1.3143126045934075,0.0,0.0,0.9702238368071745,1.4908050275501497,0.5,0.5,0.6041666666666667,0.5470588235294118,2.772588722239781,0.0625,1.0
smoke,10,1,16,calibrated_clipped,9,16,16.0,0.1117737102401819,1.0,1.0,0.09957078874764308,0.06471871271656016,0.5,0.5,0.6041666666666667,0.5470588235294118,2.772588722239781,0.0625,0.0
smoke,10,1,16,diversity_constrained,12,16,16.0,-1.3143126045934075,0.0,0.0,0.9702238368071745,1.4908050275501497,0.5,0.5,0.6041666666666667,0.5470588235294118,2.772588722239781,0.0625,1.0
smoke,10,1,32,min_energy,12,32,32.0,-1.3143126045934075,0.0,0.0,0.9702238368071745,1.4701768972761537,0.5,0.53125,0.6197916666666666,0.6334310850439883,3.4657359027997265,0.03125,1.0
smoke,10,1,32,calibrated_clipped,17,32,32.0,0.0683587875466131,1.0,1.0,0.11402319847516725,0.0875055051361331,0.5,0.53125,0.6197916666666666,0.6334310850439883,3.4657359027997265,0.03125,0.0
smoke,10,1,32,diversity_constrained,12,32,32.0,-1.3143126045934075,0.0,0.0,0.9702238368071745,1.4701768972761537,0.5,0.53125,0.6197916666666666,0.6334310850439883,3.4657359027997265,0.03125,1.0
smoke,10,1,64,min_energy,37,64,64.0,-1.9017164170727792,0.16666666666666663,0.0,1.1721555258037453,2.0548755718537386,0.8571428571428571,0.46875,0.578125,0.5297619047619048,4.1588830833596715,0.015625,1.0
smoke,10,1,64,calibrated_clipped,41,64,64.0,0.027554163475872834,1.0,1.0,0.12368008575130156,0.12560499130508676,0.8571428571428571,0.46875,0.578125,0.5297619047619048,4.1588830833596715,0.015625,0.0
smoke,10,1,64,diversity_constrained,37,64,64.0,-1.9017164170727792,0.16666666666666663,0.0,1.1721555258037453,2.0548755718537386,0.8571428571428571,0.46875,0.578125,0.5297619047619048,4.1588830833596715,0.015625,1.0
smoke,10,1,128,min_energy,73,128,128.0,-1.9520000000000008,0.0,0.0,1.3500000000000003,2.104085192346412,1.0,0.4296875,0.54296875,0.5104262039919428,4.841199839223365,0.0078125,1.0
smoke,10,1,128,calibrated_clipped,41,128,128.0,0.027554163475872834,1.0,1.0,0.12368008575130156,0.12453102887053824,1.0,0.4296875,0.54296875,0.5104262039919428,4.841199839223365,0.0078125,0.0
smoke,10,1,128,diversity_constrained,125,128,128.0,-1.8995470852106284,0.16666666666666663,0.0,1.1661414299061503,2.0516322775570397,1.0,0.4296875,0.54296875,0.5104262039919428,4.841199839223365,0.0078125,1.0
smoke,10,2,1,min_energy,0,1,1.0,0.12891873485961206,1.0,1.0,0.08665272777306028,0.0,0.0,1.0,1.0,0.0,-0.0,1.0,0.0
smoke,10,2,1,calibrated_clipped,0,1,1.0,0.12891873485961206,1.0,1.0,0.08665272777306028,0.0,0.0,1.0,1.0,0.0,-0.0,1.0,0.0
smoke,10,2,1,diversity_constrained,0,1,1.0,0.12891873485961206,1.0,1.0,0.08665272777306028,0.0,0.0,1.0,1.0,0.0,-0.0,1.0,0.0
smoke,10,2,2,min_energy,0,2,2.0,0.12891873485961206,1.0,1.0,0.08665272777306028,0.2868147810887506,0.0,0.5,0.5,1.0,0.6931471805599453,0.5,0.0
smoke,10,2,2,calibrated_clipped,0,2,2.0,0.12891873485961206,1.0,1.0,0.08665272777306028,0.2868147810887506,0.0,0.5,0.5,1.0,0.6931471805599453,0.5,0.0
smoke,10,2,2,diversity_constrained,0,2,2.0,0.12891873485961206,1.0,1.0,0.08665272777306028,0.2868147810887506,0.0,0.5,0.5,1.0,0.6931471805599453,0.5,0.0
smoke,10,2,4,min_energy,2,4,4.0,-0.12767014395046827,1.0,1.0,0.19440537006888423,0.2336710171974915,0.0,0.75,0.75,0.8,1.3862943611198906,0.25,0.0
smoke,10,2,4,calibrated_clipped,2,4,4.0,-0.12767014395046827,1.0,1.0,0.19440537006888423,0.2336710171974915,0.0,0.75,0.75,0.8,1.3862943611198906,0.25,0.0
smoke,10,2,4,diversity_constrained,2,4,4.0,-0.12767014395046827,1.0,1.0,0.19440537006888423,0.2336710171974915,0.0,0.75,0.75,0.8,1.3862943611198906,0.25,0.0
smoke,10,2,8,min_energy,5,8,8.0,-1.8393580417391115,0.0,0.0,1.213037397147255,1.9832426976467574,1.0,0.5,0.5,0.35714285714285715,2.0794415416798357,0.125,1.0
smoke,10,2,8,calibrated_clipped,2,8,8.0,-0.12767014395046827,1.0,1.0,0.19440537006888423,0.2715547998581142,1.0,0.5,0.5,0.35714285714285715,2.0794415416798357,0.125,0.0
smoke,10,2,8,diversity_constrained,5,8,8.0,-1.8393580417391115,0.0,0.0,1.213037397147255,1.9832426976467574,1.0,0.5,0.5,0.35714285714285715,2.0794415416798357,0.125,1.0
smoke,10,2,16,min_energy,11,16,16.0,-1.952,0.0,0.0,1.3499999999999999,2.0626399268846,1.0,0.5,0.6041666666666667,0.24411764705882352,2.772588722239781,0.0625,1.0
smoke,10,2,16,calibrated_clipped,2,16,16.0,-0.12767014395046827,1.0,1.0,0.19440537006888423,0.23831007083506842,1.0,0.5,0.6041666666666667,0.24411764705882352,2.772588722239781,0.0625,0.0
smoke,10,2,16,diversity_constrained,5,16,16.0,-1.8393580417391115,0.0,0.0,1.213037397147255,1.9499979686237117,1.0,0.5,0.6041666666666667,0.24411764705882352,2.772588722239781,0.0625,1.0
smoke,10,2,32,min_energy,11,32,32.0,-1.952,0.0,0.0,1.3499999999999999,2.0680926576337795,0.75,0.5,0.5520833333333334,0.4406158357771261,3.4657359027997265,0.03125,1.0
smoke,10,2,32,calibrated_clipped,28,32,32.0,-0.01875137880838739,1.0,1.0,0.12913853369254147,0.1348440364421671,0.75,0.5,0.5520833333333334,0.4406158357771261,3.4657359027997265,0.03125,0.0
smoke,10,2,32,diversity_constrained,5,32,32.0,-1.8393580417391115,0.0,0.0,1.213037397147255,1.9554506993728913,0.75,0.5,0.5520833333333334,0.4406158357771261,3.4657359027997265,0.03125,1.0
smoke,10,2,64,min_energy,52,64,64.0,-2.1586666666666674,0.33333333333333337,0.0,1.3500000000000003,2.309867872925409,1.0,0.40625,0.48177083333333337,0.5538003663003663,4.1588830833596715,0.015625,1.0
smoke,10,2,64,calibrated_clipped,28,64,64.0,-0.01875137880838739,1.0,1.0,0.12913853369254147,0.16995258506712896,1.0,0.40625,0.48177083333333337,0.5538003663003663,4.1588830833596715,0.015625,0.0
smoke,10,2,64,diversity_constrained,52,64,64.0,-2.1586666666666674,0.33333333333333337,0.0,1.3500000000000003,2.309867872925409,1.0,0.40625,0.48177083333333337,0.5538003663003663,4.1588830833596715,0.015625,1.0
smoke,10,2,128,min_energy,52,128,128.0,-2.1586666666666674,0.33333333333333337,0.0,1.3500000000000003,2.31011810104356,1.0,0.4140625,0.49739583333333337,0.5050013733748397,4.841199839223365,0.0078125,1.0
smoke,10,2,128,calibrated_clipped,28,128,128.0,-0.01875137880838739,1.0,1.0,0.12913853369254147,0.1702028131852797,1.0,0.4140625,0.49739583333333337,0.5050013733748397,4.841199839223365,0.0078125,0.0
smoke,10,2,128,diversity_constrained,52,128,128.0,-2.1586666666666674,0.33333333333333337,0.0,1.3500000000000003,2.31011810104356,1.0,0.4140625,0.49739583333333337,0.5050013733748397,4.841199839223365,0.0078125,1.0
smoke,10,3,1,min_energy,0,1,1.0,-0.024228058818264835,1.0,1.0,0.14328225319110316,0.0,0.0,1.0,1.0,0.0,-0.0,1.0,0.0
smoke,10,3,1,calibrated_clipped,0,1,1.0,-0.024228058818264835,1.0,1.0,0.14328225319110316,0.0,0.0,1.0,1.0,0.0,-0.0,1.0,0.0
smoke,10,3,1,diversity_constrained,0,1,1.0,-0.024228058818264835,1.0,1.0,0.14328225319110316,0.0,0.0,1.0,1.0,0.0,-0.0,1.0,0.0
smoke,10,3,2,min_energy,1,2,2.0,-1.2727864224776544,0.0,0.0,0.907434441640753,0.6242791818296948,1.0,0.5,0.5,-1.0,0.6931471805599453,0.5,1.0
smoke,10,3,2,calibrated_clipped,1,2,2.0,-1.2727864224776544,0.0,0.0,0.907434441640753,0.6242791818296948,1.0,0.5,0.5,-1.0,0.6931471805599453,0.5,1.0
smoke,10,3,2,diversity_constrained,1,2,2.0,-1.2727864224776544,0.0,0.0,0.907434441640753,0.6242791818296948,1.0,0.5,0.5,-1.0,0.6931471805599453,0.5,1.0
smoke,10,3,4,min_energy,1,4,4.0,-1.2727864224776544,0.0,0.0,0.907434441640753,1.4252769898840842,1.0,0.25,0.4583333333333333,-0.2,1.3862943611198906,0.25,1.0
smoke,10,3,4,calibrated_clipped,0,4,4.0,-0.024228058818264835,1.0,1.0,0.14328225319110316,0.17671862622469464,1.0,0.25,0.4583333333333333,-0.2,1.3862943611198906,0.25,0.0
smoke,10,3,4,diversity_constrained,1,4,4.0,-1.2727864224776544,0.0,0.0,0.907434441640753,1.4252769898840842,1.0,0.25,0.4583333333333333,-0.2,1.3862943611198906,0.25,1.0
smoke,10,3,8,min_energy,5,8,8.0,-1.7574847439626808,0.0,0.0,1.1277008086550873,1.8458459434094359,1.0,0.375,0.4791666666666667,-0.23809523809523808,2.0794415416798357,0.125,1.0
smoke,10,3,8,calibrated_clipped,0,8,8.0,-0.024228058818264835,1.0,1.0,0.14328225319110316,0.11258925826501995,1.0,0.375,0.4791666666666667,-0.23809523809523808,2.0794415416798357,0.125,0.0
smoke,10,3,8,diversity_constrained,5,8,8.0,-1.7574847439626808,0.0,0.0,1.1277008086550873,1.8458459434094359,1.0,0.375,0.4791666666666667,-0.23809523809523808,2.0794415416798357,0.125,1.0
smoke,10,3,16,min_energy,5,16,16.0,-1.7574847439626808,0.0,0.0,1.1277008086550873,1.863533257743167,1.0,0.375,0.5208333333333334,-0.12058823529411765,2.772588722239781,0.0625,1.0
smoke,10,3,16,calibrated_clipped,1,16,16.0,-1.2727864224776544,0.0,0.0,0.907434441640753,1.3788349362581405,1.0,0.375,0.5208333333333334,-0.12058823529411765,2.772588722239781,0.0625,1.0
smoke,10,3,16,diversity_constrained,5,16,16.0,-1.7574847439626808,0.0,0.0,1.1277008086550873,1.863533257743167,1.0,0.375,0.5208333333333334,-0.12058823529411765,2.772588722239781,0.0625,1.0
smoke,10,3,32,min_energy,5,32,32.0,-1.7574847439626808,0.0,0.0,1.1277008086550873,1.874118658244223,1.0,0.375,0.5104166666666667,0.2686950146627566,3.4657359027997265,0.03125,1.0
smoke,10,3,32,calibrated_clipped,0,32,32.0,-0.024228058818264835,1.0,1.0,0.14328225319110316,0.14086197309980714,1.0,0.375,0.5104166666666667,0.2686950146627566,3.4657359027997265,0.03125,0.0
smoke,10,3,32,diversity_constrained,5,32,32.0,-1.7574847439626808,0.0,0.0,1.1277008086550873,1.874118658244223,1.0,0.375,0.5104166666666667,0.2686950146627566,3.4657359027997265,0.03125,1.0
smoke,10,3,64,min_energy,35,64,64.0,-1.8681039274662385,0.16666666666666663,0.0,1.1257387880891259,1.9815921917146666,1.0,0.3125,0.4453125,0.17518315018315017,4.0857247829358565,0.015625,1.0
smoke,10,3,64,calibrated_clipped,0,64,64.0,-0.024228058818264835,1.0,1.0,0.14328225319110316,0.1377163230666929,1.0,0.3125,0.4453125,0.17518315018315017,4.0857247829358565,0.015625,0.0
smoke,10,3,64,diversity_constrained,35,64,64.0,-1.8681039274662385,0.16666666666666663,0.0,1.1257387880891259,1.9815921917146666,1.0,0.3125,0.4453125,0.17518315018315017,4.0857247829358565,0.015625,1.0
smoke,10,3,128,min_energy,111,128,128.0,-1.9131802841567618,0.16666666666666663,0.0,1.180960124412817,2.0357577371809077,1.0,0.390625,0.5390625,0.2574391137154367,4.815451113707707,0.0078125,1.0
smoke,10,3,128,calibrated_clipped,0,128,128.0,-0.024228058818264835,1.0,1.0,0.14328225319110316,0.14680551184241067,1.0,0.390625,0.5390625,0.2574391137154367,4.815451113707707,0.0078125,0.0
smoke,10,3,128,diversity_constrained,35,128,128.0,-1.8681039274662385,0.16666666666666663,0.0,1.1257387880891259,1.9906813804903845,1.0,0.390625,0.5390625,0.2574391137154367,4.815451113707707,0.0078125,1.0
smoke,11,0,1,min_energy,0,1,1.0,0.12989181056243818,0.8333333333333334,0.0,0.12223837320256914,0.0,1.0,0.0,0.8333333333333334,0.0,-0.0,1.0,0.0
smoke,11,0,1,calibrated_clipped,0,1,1.0,0.12989181056243818,0.8333333333333334,0.0,0.12223837320256914,0.0,1.0,0.0,0.8333333333333334,0.0,-0.0,1.0,0.0
smoke,11,0,1,diversity_constrained,0,1,1.0,0.12989181056243818,0.8333333333333334,0.0,0.12223837320256914,0.0,1.0,0.0,0.8333333333333334,0.0,-0.0,1.0,0.0
smoke,11,0,2,min_energy,1,2,2.0,0.001710426132001751,1.0,1.0,0.14818379667455603,0.06409069221521821,0.0,0.5,0.9166666666666667,1.0,0.6931471805599453,0.5,0.0
smoke,11,0,2,calibrated_clipped,1,2,2.0,0.001710426132001751,1.0,1.0,0.14818379667455603,0.06409069221521821,0.0,0.5,0.9166666666666667,1.0,0.6931471805599453,0.5,0.0
smoke,11,0,2,diversity_constrained,1,2,2.0,0.001710426132001751,1.0,1.0,0.14818379667455603,0.06409069221521821,0.0,0.5,0.9166666666666667,1.0,0.6931471805599453,0.5,0.0
smoke,11,0,4,min_energy,2,4,4.0,-0.13597855581303503,1.0,1.0,0.21521100495074982,0.201779674160255,0.0,0.5,0.7083333333333334,1.0,1.3862943611198906,0.25,0.0
smoke,11,0,4,calibrated_clipped,1,4,4.0,0.001710426132001751,1.0,1.0,0.14818379667455603,0.06409069221521821,0.0,0.5,0.7083333333333334,1.0,1.3862943611198906,0.25,0.0
smoke,11,0,4,diversity_constrained,2,4,4.0,-0.13597855581303503,1.0,1.0,0.21521100495074982,0.201779674160255,0.0,0.5,0.7083333333333334,1.0,1.3862943611198906,0.25,0.0
smoke,11,0,8,min_energy,5,8,8.0,-1.7667807579523962,0.0,0.0,1.132370389078691,1.8245988489150817,1.0,0.5,0.6041666666666667,0.3333333333333333,2.0794415416798357,0.125,1.0
smoke,11,0,8,calibrated_clipped,4,8,8.0,-0.020355988381675634,1.0,1.0,0.13395278345597375,0.0781740793443611,1.0,0.5,0.6041666666666667,0.3333333333333333,2.0794415416798357,0.125,0.0
smoke,11,0,8,diversity_constrained,5,8,8.0,-1.7667807579523962,0.0,0.0,1.132370389078691,1.8245988489150817,1.0,0.5,0.6041666666666667,0.3333333333333333,2.0794415416798357,0.125,1.0
smoke,11,0,16,min_energy,5,16,16.0,-1.7667807579523962,0.0,0.0,1.132370389078691,1.896927823229476,0.5,0.4375,0.6041666666666667,0.48823529411764705,2.772588722239781,0.0625,1.0
smoke,11,0,16,calibrated_clipped,4,16,16.0,-0.020355988381675634,1.0,1.0,0.13395278345597375,0.1505030536587555,0.5,0.4375,0.6041666666666667,0.48823529411764705,2.772588722239781,0.0625,0.0
smoke,11,0,16,diversity_constrained,5,16,16.0,-1.7667807579523962,0.0,0.0,1.132370389078691,1.896927823229476,0.5,0.4375,0.6041666666666667,0.48823529411764705,2.772588722239781,0.0625,1.0
smoke,11,0,32,min_energy,29,32,32.0,-1.9278008136356737,0.16666666666666663,0.0,1.200508130763413,2.082963621058637,1.0,0.375,0.5677083333333334,0.5054985337243402,3.4657359027997265,0.03125,1.0
smoke,11,0,32,calibrated_clipped,4,32,32.0,-0.020355988381675634,1.0,1.0,0.13395278345597375,0.1755187958046389,1.0,0.375,0.5677083333333334,0.5054985337243402,3.4657359027997265,0.03125,0.0
smoke,11,0,32,diversity_constrained,29,32,32.0,-1.9278008136356737,0.16666666666666663,0.0,1.200508130763413,2.082963621058637,1.0,0.375,0.5677083333333334,0.5054985337243402,3.4657359027997265,0.03125,1.0
smoke,11,0,64,min_energy,29,64,64.0,-1.9278008136356737,0.16666666666666663,0.0,1.200508130763413,2.082963621058637,1.0,0.4375,0.546875,0.47692307692307695,4.1588830833596715,0.015625,1.0
smoke,11,0,64,calibrated_clipped,4,64,64.0,-0.020355988381675634,1.0,1.0,0.13395278345597375,0.1755187958046389,1.0,0.4375,0.546875,0.47692307692307695,4.1588830833596715,0.015625,0.0
smoke,11,0,64,diversity_constrained,29,64,64.0,-1.9278008136356737,0.16666666666666663,0.0,1.200508130763413,2.082963621058637,1.0,0.4375,0.546875,0.47692307692307695,4.1588830833596715,0.015625,1.0
smoke,11,0,128,min_energy,29,128,128.0,-1.9278008136356737,0.16666666666666663,0.0,1.200508130763413,2.078708611089918,0.8461538461538461,0.4609375,0.5911458333333333,0.5405832265152902,4.841199839223365,0.0078125,1.0
smoke,11,0,128,calibrated_clipped,88,128,128.0,0.038176797431011864,1.0,1.0,0.12016853607577821,0.11273100002323246,0.8461538461538461,0.4609375,0.5911458333333333,0.5405832265152902,4.841199839223365,0.0078125,0.0
smoke,11,0,128,diversity_constrained,29,128,128.0,-1.9278008136356737,0.16666666666666663,0.0,1.200508130763413,2.078708611089918,0.8461538461538461,0.4609375,0.5911458333333333,0.5405832265152902,4.841199839223365,0.0078125,1.0
smoke,11,1,1,min_energy,0,1,1.0,0.028125233921667152,1.0,1.0,0.1398216825811315,0.0,0.0,1.0,1.0,0.0,-0.0,1.0,0.0
smoke,11,1,1,calibrated_clipped,0,1,1.0,0.028125233921667152,1.0,1.0,0.1398216825811315,0.0,0.0,1.0,1.0,0.0,-0.0,1.0,0.0
smoke,11,1,1,diversity_constrained,0,1,1.0,0.028125233921667152,1.0,1.0,0.1398216825811315,0.0,0.0,1.0,1.0,0.0,-0.0,1.0,0.0
smoke,11,1,2,min_energy,0,2,2.0,0.028125233921667152,1.0,1.0,0.1398216825811315,0.35843188800591314,0.0,0.5,0.5,1.0,0.6931471805599453,0.5,0.0
smoke,11,1,2,calibrated_clipped,0,2,2.0,0.028125233921667152,1.0,1.0,0.1398216825811315,0.35843188800591314,0.0,0.5,0.5,1.0,0.6931471805599453,0.5,0.0
smoke,11,1,2,diversity_constrained,0,2,2.0,0.028125233921667152,1.0,1.0,0.1398216825811315,0.35843188800591314,0.0,0.5,0.5,1.0,0.6931471805599453,0.5,0.0
smoke,11,1,4,min_energy,0,4,4.0,0.028125233921667152,1.0,1.0,0.1398216825811315,0.16690245371210627,0.0,0.5,0.6666666666666667,0.8,1.3862943611198906,0.25,0.0
smoke,11,1,4,calibrated_clipped,0,4,4.0,0.028125233921667152,1.0,1.0,0.1398216825811315,0.16690245371210627,0.0,0.5,0.6666666666666667,0.8,1.3862943611198906,0.25,0.0
smoke,11,1,4,diversity_constrained,0,4,4.0,0.028125233921667152,1.0,1.0,0.1398216825811315,0.16690245371210627,0.0,0.5,0.6666666666666667,0.8,1.3862943611198906,0.25,0.0
smoke,11,1,8,min_energy,5,8,8.0,-2.055333333333334,0.16666666666666663,0.0,1.3500000000000003,2.2503610209671074,1.0,0.25,0.3541666666666667,0.47619047619047616,2.0794415416798357,0.125,1.0
smoke,11,1,8,calibrated_clipped,0,8,8.0,0.028125233921667152,1.0,1.0,0.1398216825811315,0.16690245371210627,1.0,0.25,0.3541666666666667,0.47619047619047616,2.0794415416798357,0.125,0.0
smoke,11,1,8,diversity_constrained,5,8,8.0,-2.055333333333334,0.16666666666666663,0.0,1.3500000000000003,2.2503610209671074,1.0,0.25,0.3541666666666667,0.47619047619047616,2.0794415416798357,0.125,1.0
smoke,11,1,16,min_energy,5,16,16.0,-2.055333333333334,0.16666666666666663,0.0,1.3500000000000003,2.214498419844514,1.0,0.25,0.3645833333333333,0.25882352941176473,2.772588722239781,0.0625,1.0
smoke,11,1,16,calibrated_clipped,13,16,16.0,-1.3740043634572534,0.0,0.0,0.9389941784834329,1.5331694499684336,1.0,0.25,0.3645833333333333,0.25882352941176473,2.772588722239781,0.0625,1.0
smoke,11,1,16,diversity_constrained,5,16,16.0,-2.055333333333334,0.16666666666666663,0.0,1.3500000000000003,2.214498419844514,1.0,0.25,0.3645833333333333,0.25882352941176473,2.772588722239781,0.0625,1.0
smoke,11,1,32,min_energy,5,32,32.0,-2.055333333333334,0.16666666666666663,0.0,1.3500000000000003,2.1603963902607064,1.0,0.34375,0.453125,0.013196480938416423,3.4657359027997265,0.03125,1.0
smoke,11,1,32,calibrated_clipped,20,32,32.0,-1.5044912078330608,0.16666666666666663,0.0,0.9652171465027841,1.609554264760433,1.0,0.34375,0.453125,0.013196480938416423,3.4657359027997265,0.03125,1.0
smoke,11,1,32,diversity_constrained,5,32,32.0,-2.055333333333334,0.16666666666666663,0.0,1.3500000000000003,2.1603963902607064,1.0,0.34375,0.453125,0.013196480938416423,3.4657359027997265,0.03125,1.0
smoke,11,1,64,min_energy,5,64,64.0,-2.055333333333334,0.16666666666666663,0.0,1.3500000000000003,2.1741944232086317,1.0,0.359375,0.4635416666666667,0.09514652014652014,4.1588830833596715,0.015625,1.0
smoke,11,1,64,calibrated_clipped,13,64,64.0,-1.3740043634572534,0.0,0.0,0.9389941784834329,1.492865453332551,1.0,0.359375,0.4635416666666667,0.09514652014652014,4.1588830833596715,0.015625,1.0
smoke,11,1,64,diversity_constrained,5,64,64.0,-2.055333333333334,0.16666666666666663,0.0,1.3500000000000003,2.1741944232086317,1.0,0.359375,0.4635416666666667,0.09514652014652014,4.1588830833596715,0.015625,1.0
smoke,11,1,128,min_energy,5,128,128.0,-2.055333333333334,0.16666666666666663,0.0,1.3500000000000003,2.1805156329119972,1.0,0.390625,0.49348958333333337,0.23797152536165536,4.830369414527117,0.0078125,1.0
smoke,11,1,128,calibrated_clipped,23,128,128.0,-0.16504712048059075,1.0,1.0,0.22551921348405632,0.2902294200592539,1.0,0.390625,0.49348958333333337,0.23797152536165536,4.830369414527117,0.0078125,0.0
smoke,11,1,128,diversity_constrained,5,128,128.0,-2.055333333333334,0.16666666666666663,0.0,1.3500000000000003,2.1805156329119972,1.0,0.390625,0.49348958333333337,0.23797152536165536,4.830369414527117,0.0078125,1.0
smoke,11,2,1,min_energy,0,1,1.0,0.05458877148991685,1.0,1.0,0.11775633875009311,0.0,0.0,1.0,1.0,0.0,-0.0,1.0,0.0
smoke,11,2,1,calibrated_clipped,0,1,1.0,0.05458877148991685,1.0,1.0,0.11775633875009311,0.0,0.0,1.0,1.0,0.0,-0.0,1.0,0.0
smoke,11,2,1,diversity_constrained,0,1,1.0,0.05458877148991685,1.0,1.0,0.11775633875009311,0.0,0.0,1.0,1.0,0.0,-0.0,1.0,0.0
smoke,11,2,2,min_energy,1,2,2.0,-0.19645652513699316,1.0,1.0,0.22577338065618027,0.125522648313455,0.0,1.0,1.0,1.0,0.6931471805599453,0.5,0.0
smoke,11,2,2,calibrated_clipped,1,2,2.0,-0.19645652513699316,1.0,1.0,0.22577338065618027,0.125522648313455,0.0,1.0,1.0,1.0,0.6931471805599453,0.5,0.0
smoke,11,2,2,diversity_constrained,1,2,2.0,-0.19645652513699316,1.0,1.0,0.22577338065618027,0.125522648313455,0.0,1.0,1.0,1.0,0.6931471805599453,0.5,0.0
smoke,11,2,4,min_energy,1,4,4.0,-0.19645652513699316,1.0,1.0,0.22577338065618027,0.24044920735349506,0.0,1.0,1.0,0.0,1.3862943611198906,0.25,0.0
smoke,11,2,4,calibrated_clipped,3,4,4.0,0.03339659294308697,1.0,1.0,0.1308330129916557,0.01059608927341494,0.0,1.0,1.0,0.0,1.3862943611198906,0.25,0.0
smoke,11,2,4,diversity_constrained,1,4,4.0,-0.19645652513699316,1.0,1.0,0.22577338065618027,0.24044920735349506,0.0,1.0,1.0,0.0,1.3862943611198906,0.25,0.0
smoke,11,2,8,min_energy,4,8,8.0,-1.3327404309640327,0.0,0.0,0.9393564951112926,1.3767331131805347,1.0,0.625,0.75,0.14285714285714285,2.0794415416798357,0.125,1.0
smoke,11,2,8,calibrated_clipped,1,8,8.0,-0.19645652513699316,1.0,1.0,0.22577338065618027,0.24044920735349506,1.0,0.625,0.75,0.14285714285714285,2.0794415416798357,0.125,0.0
smoke,11,2,8,diversity_constrained,4,8,8.0,-1.3327404309640327,0.0,0.0,0.9393564951112926,1.3767331131805347,1.0,0.625,0.75,0.14285714285714285,2.0794415416798357,0.125,1.0
smoke,11,2,16,min_energy,10,16,16.0,-1.83129008517698,0.16666666666666663,0.0,1.092047852794477,1.9770381495276776,1.0,0.375,0.5625,0.4411764705882353,2.772588722239781,0.0625,1.0
smoke,11,2,16,calibrated_clipped,1,16,16.0,-0.19645652513699316,1.0,1.0,0.22577338065618027,0.34220458948769095,1.0,0.375,0.5625,0.4411764705882353,2.772588722239781,0.0625,0.0
smoke,11,2,16,diversity_constrained,10,16,16.0,-1.83129008517698,0.16666666666666663,0.0,1.092047852794477,1.9770381495276776,1.0,0.375,0.5625,0.4411764705882353,2.772588722239781,0.0625,1.0
smoke,11,2,32,min_energy,18,32,32.0,-1.840063999293904,0.0,0.0,1.213903556544757,1.9568799415907079,1.0,0.375,0.5364583333333333,0.23533724340175954,3.4657359027997265,0.03125,1.0
smoke,11,2,32,calibrated_clipped,1,32,32.0,-0.19645652513699316,1.0,1.0,0.22577338065618027,0.31327246743379694,1.0,0.375,0.5364583333333333,0.23533724340175954,3.4657359027997265,0.03125,0.0
smoke,11,2,32,diversity_constrained,18,32,32.0,-1.840063999293904,0.0,0.0,1.213903556544757,1.9568799415907079,1.0,0.375,0.5364583333333333,0.23533724340175954,3.4657359027997265,0.03125,1.0
smoke,11,2,64,min_energy,18,64,64.0,-1.840063999293904,0.0,0.0,1.213903556544757,2.0263660708400475,1.0,0.296875,0.4739583333333333,0.47660256410256413,4.1588830833596715,0.015625,1.0
smoke,11,2,64,calibrated_clipped,6,64,64.0,-0.08637907646694092,1.0,1.0,0.1840960144509571,0.27268114801308446,1.0,0.296875,0.4739583333333333,0.47660256410256413,4.1588830833596715,0.015625,0.0
smoke,11,2,64,diversity_constrained,18,64,64.0,-1.840063999293904,0.0,0.0,1.213903556544757,2.0263660708400475,1.0,0.296875,0.4739583333333333,0.47660256410256413,4.1588830833596715,0.015625,1.0
smoke,11,2,128,min_energy,64,128,128.0,-2.055333333333334,0.16666666666666663,0.0,1.3500000000000003,2.1823783961121728,1.0,0.28125,0.453125,0.305558734663981,4.830369414527117,0.0078125,1.0
smoke,11,2,128,calibrated_clipped,98,128,128.0,-0.2986390712099347,1.0,1.0,0.27895512469875156,0.4256841339887737,1.0,0.28125,0.453125,0.305558734663981,4.830369414527117,0.0078125,0.0
smoke,11,2,128,diversity_constrained,64,128,128.0,-2.055333333333334,0.16666666666666663,0.0,1.3500000000000003,2.1823783961121728,1.0,0.28125,0.453125,0.305558734663981,4.830369414527117,0.0078125,1.0
smoke,11,3,1,min_energy,0,1,1.0,-1.303440821785382,0.0,0.0,0.9545835928333745,0.0,1.0,0.0,0.0,0.0,-0.0,1.0,1.0
smoke,11,3,1,calibrated_clipped,0,1,1.0,-1.303440821785382,0.0,0.0,0.9545835928333745,0.0,1.0,0.0,0.0,0.0,-0.0,1.0,1.0
smoke,11,3,1,diversity_constrained,0,1,1.0,-1.303440821785382,0.0,0.0,0.9545835928333745,0.0,1.0,0.0,0.0,0.0,-0.0,1.0,1.0
smoke,11,3,2,min_energy,1,2,2.0,-1.872950838058473,0.16666666666666663,0.0,1.1408885920925431,0.28475500813654553,1.0,0.0,0.08333333333333331,1.0,0.6931471805599453,0.5,1.0
smoke,11,3,2,calibrated_clipped,1,2,2.0,-1.872950838058473,0.16666666666666663,0.0,1.1408885920925431,0.28475500813654553,1.0,0.0,0.08333333333333331,1.0,0.6931471805599453,0.5,1.0
smoke,11,3,2,diversity_constrained,1,2,2.0,-1.872950838058473,0.16666666666666663,0.0,1.1408885920925431,0.28475500813654553,1.0,0.0,0.08333333333333331,1.0,0.6931471805599453,0.5,1.0
smoke,11,3,4,min_energy,1,4,4.0,-1.872950838058473,0.16666666666666663,0.0,1.1408885920925431,1.259799678769557,1.0,0.25,0.29166666666666663,0.0,1.3862943611198906,0.25,1.0
smoke,11,3,4,calibrated_clipped,1,4,4.0,-1.872950838058473,0.16666666666666663,0.0,1.1408885920925431,1.259799678769557,1.0,0.25,0.29166666666666663,0.0,1.3862943611198906,0.25,1.0
smoke,11,3,4,diversity_constrained,1,4,4.0,-1.872950838058473,0.16666666666666663,0.0,1.1408885920925431,1.259799678769557,1.0,0.25,0.29166666666666663,0.0,1.3862943611198906,0.25,1.0
smoke,11,3,8,min_energy,1,8,8.0,-1.872950838058473,0.16666666666666663,0.0,1.1408885920925431,1.9271760998572303,1.0,0.375,0.41666666666666663,0.16666666666666666,2.0794415416798357,0.125,1.0
smoke,11,3,8,calibrated_clipped,7,8,8.0,-0.016638650766885865,1.0,1.0,0.15239281525052262,0.07086391256564309,1.0,0.375,0.41666666666666663,0.16666666666666666,2.0794415416798357,0.125,0.0
smoke,11,3,8,diversity_constrained,1,8,8.0,-1.872950838058473,0.16666666666666663,0.0,1.1408885920925431,1.9271760998572303,1.0,0.375,0.41666666666666663,0.16666666666666666,2.0794415416798357,0.125,1.0
smoke,11,3,16,min_energy,1,16,16.0,-1.872950838058473,0.16666666666666663,0.0,1.1408885920925431,2.007449551271783,1.0,0.5625,0.5833333333333333,-0.0029411764705882353,2.772588722239781,0.0625,1.0
smoke,11,3,16,calibrated_clipped,7,16,16.0,-0.016638650766885865,1.0,1.0,0.15239281525052262,0.151137363980196,1.0,0.5625,0.5833333333333333,-0.0029411764705882353,2.772588722239781,0.0625,0.0
smoke,11,3,16,diversity_constrained,1,16,16.0,-1.872950838058473,0.16666666666666663,0.0,1.1408885920925431,2.007449551271783,1.0,0.5625,0.5833333333333333,-0.0029411764705882353,2.772588722239781,0.0625,1.0
smoke,11,3,32,min_energy,1,32,32.0,-1.872950838058473,0.16666666666666663,0.0,1.1408885920925431,2.0198472264734004,1.0,0.40625,0.453125,0.2958211143695015,3.4657359027997265,0.03125,1.0
smoke,11,3,32,calibrated_clipped,7,32,32.0,-0.016638650766885865,1.0,1.0,0.15239281525052262,0.16353503918181345,1.0,0.40625,0.453125,0.2958211143695015,3.4657359027997265,0.03125,0.0
smoke,11,3,32,diversity_constrained,1,32,32.0,-1.872950838058473,0.16666666666666663,0.0,1.1408885920925431,2.0198472264734004,1.0,0.40625,0.453125,0.2958211143695015,3.4657359027997265,0.03125,1.0
smoke,11,3,64,min_energy,1,64,64.0,-1.872950838058473,0.16666666666666663,0.0,1.1408885920925431,2.0670063895378847,1.0,0.328125,0.4453125,0.39065934065934066,4.1588830833596715,0.015625,1.0
smoke,11,3,64,calibrated_clipped,7,64,64.0,-0.016638650766885865,1.0,1.0,0.15239281525052262,0.21069420224629745,1.0,0.328125,0.4453125,0.39065934065934066,4.1588830833596715,0.015625,0.0
smoke,11,3,64,diversity_constrained,41,64,64.0,-1.8262587400810273,0.16666666666666663,0.0,1.0792667464648844,2.020314291560439,1.0,0.328125,0.4453125,0.39065934065934066,4.1588830833596715,0.015625,1.0
smoke,11,3,128,min_energy,1,128,128.0,-1.872950838058473,0.16666666666666663,0.0,1.1408885920925431,2.046581847587026,1.0,0.359375,0.5104166666666666,0.4215860190441311,4.852030263919617,0.0078125,1.0
smoke,11,3,128,calibrated_clipped,103,128,128.0,0.028080738362564216,1.0,1.0,0.13622012670480002,0.1455502711659888,1.0,0.359375,0.5104166666666666,0.4215860190441311,4.852030263919617,0.0078125,0.0
smoke,11,3,128,diversity_constrained,41,128,128.0,-1.8262587400810273,0.16666666666666663,0.0,1.0792667464648844,1.9998897496095802,1.0,0.359375,0.5104166666666666,0.4215860190441311,4.852030263919617,0.0078125,1.0
smoke,12,0,1,min_energy,0,1,1.0,0.03524014848242734,1.0,1.0,0.1340354171526664,0.0,0.0,1.0,1.0,0.0,-0.0,1.0,0.0
smoke,12,0,1,calibrated_clipped,0,1,1.0,0.03524014848242734,1.0,1.0,0.1340354171526664,0.0,0.0,1.0,1.0,0.0,-0.0,1.0,0.0
smoke,12,0,1,diversity_constrained,0,1,1.0,0.03524014848242734,1.0,1.0,0.1340354171526664,0.0,0.0,1.0,1.0,0.0,-0.0,1.0,0.0
smoke,12,0,2,min_energy,0,2,2.0,0.03524014848242734,1.0,1.0,0.1340354171526664,0.344360251225428,0.0,0.5,0.5,1.0,0.6931471805599453,0.5,0.0
smoke,12,0,2,calibrated_clipped,0,2,2.0,0.03524014848242734,1.0,1.0,0.1340354171526664,0.344360251225428,0.0,0.5,0.5,1.0,0.6931471805599453,0.5,0.0
smoke,12,0,2,diversity_constrained,0,2,2.0,0.03524014848242734,1.0,1.0,0.1340354171526664,0.344360251225428,0.0,0.5,0.5,1.0,0.6931471805599453,0.5,0.0
smoke,12,0,4,min_energy,0,4,4.0,0.03524014848242734,1.0,1.0,0.1340354171526664,0.6777993946135847,0.0,0.25,0.25,0.4,1.3862943611198906,0.25,0.0
smoke,12,0,4,calibrated_clipped,0,4,4.0,0.03524014848242734,1.0,1.0,0.1340354171526664,0.6777993946135847,0.0,0.25,0.25,0.4,1.3862943611198906,0.25,0.0
smoke,12,0,4,diversity_constrained,0,4,4.0,0.03524014848242734,1.0,1.0,0.1340354171526664,0.6777993946135847,0.0,0.25,0.25,0.4,1.3862943611198906,0.25,0.0
smoke,12,0,8,min_energy,6,8,8.0,-1.7089923708721282,0.0,0.0,1.0749917074697042,2.1017955435930245,1.0,0.375,0.375,0.5952380952380952,2.0794415416798357,0.125,1.0
smoke,12,0,8,calibrated_clipped,0,8,8.0,0.03524014848242734,1.0,1.0,0.1340354171526664,0.3575630242384689,1.0,0.375,0.375,0.5952380952380952,2.0794415416798357,0.125,0.0
smoke,12,0,8,diversity_constrained,6,8,8.0,-1.7089923708721282,0.0,0.0,1.0749917074697042,2.1017955435930245,1.0,0.375,0.375,0.5952380952380952,2.0794415416798357,0.125,1.0
smoke,12,0,16,min_energy,10,16,16.0,-2.1586666666666674,0.33333333333333337,0.0,1.3500000000000003,2.3836273172620808,1.0,0.375,0.4479166666666667,0.5117647058823529,2.772588722239781,0.0625,1.0
smoke,12,0,16,calibrated_clipped,12,16,16.0,0.06316162140764542,1.0,1.0,0.1286424408059134,0.1617990291877681,1.0,0.375,0.4479166666666667,0.5117647058823529,2.772588722239781,0.0625,0.0
smoke,12,0,16,diversity_constrained,10,16,16.0,-2.1586666666666674,0.33333333333333337,0.0,1.3500000000000003,2.3836273172620808,1.0,0.375,0.4479166666666667,0.5117647058823529,2.772588722239781,0.0625,1.0
smoke,12,0,32,min_energy,10,32,32.0,-2.1586666666666674,0.33333333333333337,0.0,1.3500000000000003,2.2782908087882947,0.75,0.46875,0.5677083333333334,0.5109970674486803,3.4657359027997265,0.03125,1.0
smoke,12,0,32,calibrated_clipped,25,32,32.0,-0.04677842193181176,1.0,1.0,0.14967146389192743,0.16640256405343906,0.75,0.46875,0.5677083333333334,0.5109970674486803,3.4657359027997265,0.03125,0.0
smoke,12,0,32,diversity_constrained,10,32,32.0,-2.1586666666666674,0.33333333333333337,0.0,1.3500000000000003,2.2782908087882947,0.75,0.46875,0.5677083333333334,0.5109970674486803,3.4657359027997265,0.03125,1.0
smoke,12,0,64,min_energy,10,64,64.0,-2.1586666666666674,0.33333333333333337,0.0,1.3500000000000003,2.297693193349071,1.0,0.46875,0.5598958333333333,0.448992673992674,4.1588830833596715,0.015625,1.0
smoke,12,0,64,calibrated_clipped,55,64,64.0,-0.01998599963354271,1.0,1.0,0.1356207157386013,0.1590125263159466,1.0,0.46875,0.5598958333333333,0.448992673992674,4.1588830833596715,0.015625,0.0
smoke,12,0,64,diversity_constrained,10,64,64.0,-2.1586666666666674,0.33333333333333337,0.0,1.3500000000000003,2.297693193349071,1.0,0.46875,0.5598958333333333,0.448992673992674,4.1588830833596715,0.015625,1.0
smoke,12,0,128,min_energy,10,128,128.0,-2.1586666666666674,0.33333333333333337,0.0,1.3500000000000003,2.294263436462915,1.0,0.4453125,0.5533854166666667,0.469139122871269,4.841199839223365,0.0078125,1.0
smoke,12,0,128,calibrated_clipped,109,128,128.0,0.007290327933408466,1.0,1.0,0.13084847370738484,0.12830644186283915,1.0,0.4453125,0.5533854166666667,0.469139122871269,4.841199839223365,0.0078125,0.0
smoke,12,0,128,diversity_constrained,10,128,128.0,-2.1586666666666674,0.33333333333333337,0.0,1.3500000000000003,2.294263436462915,1.0,0.4453125,0.5533854166666667,0.469139122871269,4.841199839223365,0.0078125,1.0
smoke,12,1,1,min_energy,0,1,1.0,0.09000286781070614,1.0,1.0,0.11588862370587176,0.0,0.0,1.0,1.0,0.0,-0.0,1.0,0.0
smoke,12,1,1,calibrated_clipped,0,1,1.0,0.09000286781070614,1.0,1.0,0.11588862370587176,0.0,0.0,1.0,1.0,0.0,-0.0,1.0,0.0
smoke,12,1,1,diversity_constrained,0,1,1.0,0.09000286781070614,1.0,1.0,0.11588862370587176,0.0,0.0,1.0,1.0,0.0,-0.0,1.0,0.0
smoke,12,1,2,min_energy,0,2,2.0,0.09000286781070614,1.0,1.0,0.11588862370587176,0.03475783495074754,0.0,0.5,0.9166666666666667,1.0,0.6931471805599453,0.5,0.0
smoke,12,1,2,calibrated_clipped,0,2,2.0,0.09000286781070614,1.0,1.0,0.11588862370587176,0.03475783495074754,0.0,0.5,0.9166666666666667,1.0,0.6931471805599453,0.5,0.0
smoke,12,1,2,diversity_constrained,0,2,2.0,0.09000286781070614,1.0,1.0,0.11588862370587176,0.03475783495074754,0.0,0.5,0.9166666666666667,1.0,0.6931471805599453,0.5,0.0
smoke,12,1,4,min_energy,0,4,4.0,0.09000286781070614,1.0,1.0,0.11588862370587176,0.3428540160371463,0.0,0.25,0.45833333333333337,1.0,1.3862943611198906,0.25,0.0
smoke,12,1,4,calibrated_clipped,0,4,4.0,0.09000286781070614,1.0,1.0,0.11588862370587176,0.3428540160371463,0.0,0.25,0.45833333333333337,1.0,1.3862943611198906,0.25,0.0
smoke,12,1,4,diversity_constrained,0,4,4.0,0.09000286781070614,1.0,1.0,0.11588862370587176,0.3428540160371463,0.0,0.25,0.45833333333333337,1.0,1.3862943611198906,0.25,0.0
smoke,12,1,8,min_energy,6,8,8.0,-1.3754496274390706,0.16666666666666663,0.0,0.9150858331680359,1.5596274570870383,1.0,0.25,0.3958333333333333,0.8571428571428571,2.0794415416798357,0.125,1.0
smoke,12,1,8,calibrated_clipped,5,8,8.0,0.03894479675864696,1.0,1.0,0.1163660371985279,0.14523303288932074,1.0,0.25,0.3958333333333333,0.8571428571428571,2.0794415416798357,0.125,0.0
smoke,12,1,8,diversity_constrained,6,8,8.0,-1.3754496274390706,0.16666666666666663,0.0,0.9150858331680359,1.5596274570870383,1.0,0.25,0.3958333333333333,0.8571428571428571,2.0794415416798357,0.125,1.0
smoke,12,1,16,min_energy,12,16,16.0,-1.7182653036683897,0.0,0.0,1.0796361996395536,1.8815302116547774,1.0,0.3125,0.44791666666666663,0.5529411764705883,2.772588722239781,0.0625,1.0
smoke,12,1,16,calibrated_clipped,5,16,16.0,0.03894479675864696,1.0,1.0,0.1163660371985279,0.12432011122774064,1.0,0.3125,0.44791666666666663,0.5529411764705883,2.772588722239781,0.0625,0.0
smoke,12,1,16,diversity_constrained,12,16,16.0,-1.7182653036683897,0.0,0.0,1.0796361996395536,1.8815302116547774,1.0,0.3125,0.44791666666666663,0.5529411764705883,2.772588722239781,0.0625,1.0
smoke,12,1,32,min_energy,24,32,32.0,-1.765072302930838,0.0,0.0,1.1280430170196851,1.9235960630613986,1.0,0.34375,0.4635416666666667,0.3390762463343108,3.4657359027997265,0.03125,1.0
smoke,12,1,32,calibrated_clipped,17,32,32.0,-0.07604445118853446,1.0,1.0,0.18344280738305252,0.23456821131909528,1.0,0.34375,0.4635416666666667,0.3390762463343108,3.4657359027997265,0.03125,0.0
smoke,12,1,32,diversity_constrained,23,32,32.0,-1.7424859688047647,0.0,0.0,1.1005282269617003,1.9010097289353256,1.0,0.34375,0.4635416666666667,0.3390762463343108,3.4657359027997265,0.03125,1.0
smoke,12,1,64,min_energy,50,64,64.0,-1.952,0.0,0.0,1.3499999999999999,2.110523760130561,1.0,0.28125,0.39322916666666663,0.014972527472527473,4.115561384574677,0.015625,1.0
smoke,12,1,64,calibrated_clipped,6,64,64.0,-1.3754496274390706,0.16666666666666663,0.0,0.9150858331680359,1.5339733875696315,1.0,0.28125,0.39322916666666663,0.014972527472527473,4.115561384574677,0.015625,1.0
smoke,12,1,64,diversity_constrained,55,64,64.0,-1.8310448416169274,0.16666666666666663,0.0,1.0864453153280167,1.989568601747488,1.0,0.28125,0.39322916666666663,0.014972527472527473,4.115561384574677,0.015625,1.0
smoke,12,1,128,min_energy,50,128,128.0,-1.952,0.0,0.0,1.3499999999999999,2.1052034698302537,1.0,0.328125,0.4817708333333333,0.23833775865226148,4.830369414527117,0.0078125,1.0
smoke,12,1,128,calibrated_clipped,17,128,128.0,-0.07604445118853446,1.0,1.0,0.18344280738305252,0.22924792101878821,1.0,0.328125,0.4817708333333333,0.23833775865226148,4.830369414527117,0.0078125,0.0
smoke,12,1,128,diversity_constrained,111,128,128.0,-1.9328443289252049,0.16666666666666663,0.0,1.2044091849318759,2.0860477987554584,1.0,0.328125,0.4817708333333333,0.23833775865226148,4.830369414527117,0.0078125,1.0
smoke,12,2,1,min_energy,0,1,1.0,0.18275818813364042,1.0,1.0,0.08130925768811008,0.0,0.0,1.0,1.0,0.0,-0.0,1.0,0.0
smoke,12,2,1,calibrated_clipped,0,1,1.0,0.18275818813364042,1.0,1.0,0.08130925768811008,0.0,0.0,1.0,1.0,0.0,-0.0,1.0,0.0
smoke,12,2,1,diversity_constrained,0,1,1.0,0.18275818813364042,1.0,1.0,0.08130925768811008,0.0,0.0,1.0,1.0,0.0,-0.0,1.0,0.0
smoke,12,2,2,min_energy,1,2,2.0,-1.8244674803023402,0.0,0.0,1.200508130763413,1.0036128342179902,1.0,0.5,0.5,-1.0,0.6931471805599453,0.5,1.0
smoke,12,2,2,calibrated_clipped,1,2,2.0,-1.8244674803023402,0.0,0.0,1.200508130763413,1.0036128342179902,1.0,0.5,0.5,-1.0,0.6931471805599453,0.5,1.0
smoke,12,2,2,diversity_constrained,1,2,2.0,-1.8244674803023402,0.0,0.0,1.200508130763413,1.0036128342179902,1.0,0.5,0.5,-1.0,0.6931471805599453,0.5,1.0
smoke,12,2,4,min_energy,1,4,4.0,-1.8244674803023402,0.0,0.0,1.200508130763413,1.8964098197110073,1.0,0.75,0.75,-0.8,1.3862943611198906,0.25,1.0
smoke,12,2,4,calibrated_clipped,2,4,4.0,-0.03887350931630605,1.0,1.0,0.14522031425255186,0.11081584872497323,1.0,0.75,0.75,-0.8,1.3862943611198906,0.25,0.0
smoke,12,2,4,diversity_constrained,1,4,4.0,-1.8244674803023402,0.0,0.0,1.200508130763413,1.8964098197110073,1.0,0.75,0.75,-0.8,1.3862943611198906,0.25,1.0
smoke,12,2,8,min_energy,1,8,8.0,-1.8244674803023402,0.0,0.0,1.200508130763413,1.8578963678019116,1.0,0.625,0.6458333333333333,-0.7380952380952381,2.0794415416798357,0.125,1.0
smoke,12,2,8,calibrated_clipped,5,8,8.0,-1.7773131746827315,0.0,0.0,1.1492534507420993,1.810742062182303,1.0,0.625,0.6458333333333333,-0.7380952380952381,2.0794415416798357,0.125,1.0
smoke,12,2,8,diversity_constrained,1,8,8.0,-1.8244674803023402,0.0,0.0,1.200508130763413,1.8578963678019116,1.0,0.625,0.6458333333333333,-0.7380952380952381,2.0794415416798357,0.125,1.0
smoke,12,2,16,min_energy,1,16,16.0,-1.8244674803023402,0.0,0.0,1.200508130763413,1.9121653069588578,1.0,0.625,0.6458333333333333,-0.029411764705882353,2.772588722239781,0.0625,1.0
smoke,12,2,16,calibrated_clipped,2,16,16.0,-0.03887350931630605,1.0,1.0,0.14522031425255186,0.12657133597282355,1.0,0.625,0.6458333333333333,-0.029411764705882353,2.772588722239781,0.0625,0.0
smoke,12,2,16,diversity_constrained,1,16,16.0,-1.8244674803023402,0.0,0.0,1.200508130763413,1.9121653069588578,1.0,0.625,0.6458333333333333,-0.029411764705882353,2.772588722239781,0.0625,1.0
smoke,12,2,32,min_energy,1,32,32.0,-1.8244674803023402,0.0,0.0,1.200508130763413,1.944292340085783,1.0,0.5625,0.703125,0.1660557184750733,3.4657359027997265,0.03125,1.0
smoke,12,2,32,calibrated_clipped,2,32,32.0,-0.03887350931630605,1.0,1.0,0.14522031425255186,0.15869836909974885,1.0,0.5625,0.703125,0.1660557184750733,3.4657359027997265,0.03125,0.0
smoke,12,2,32,diversity_constrained,1,32,32.0,-1.8244674803023402,0.0,0.0,1.200508130763413,1.944292340085783,1.0,0.5625,0.703125,0.1660557184750733,3.4657359027997265,0.03125,1.0
smoke,12,2,64,min_energy,1,64,64.0,-1.8244674803023402,0.0,0.0,1.200508130763413,1.9911944628993026,0.7142857142857143,0.46875,0.5859375,0.5167124542124543,4.1588830833596715,0.015625,1.0
smoke,12,2,64,calibrated_clipped,2,64,64.0,-0.03887350931630605,1.0,1.0,0.14522031425255186,0.20560049191326857,0.7142857142857143,0.46875,0.5859375,0.5167124542124543,4.1588830833596715,0.015625,0.0
smoke,12,2,64,diversity_constrained,1,64,64.0,-1.8244674803023402,0.0,0.0,1.200508130763413,1.9911944628993026,0.7142857142857143,0.46875,0.5859375,0.5167124542124543,4.1588830833596715,0.015625,1.0
smoke,12,2,128,min_energy,94,128,128.0,-1.9762841713918062,0.33333333333333337,0.0,1.1408885920925431,2.128558448075588,0.8461538461538461,0.421875,0.5651041666666667,0.5857100347921627,4.852030263919617,0.0078125,1.0
smoke,12,2,128,calibrated_clipped,15,128,128.0,0.047707715438084206,1.0,1.0,0.12325081448436322,0.10456656124569787,0.8461538461538461,0.421875,0.5651041666666667,0.5857100347921627,4.852030263919617,0.0078125,0.0
smoke,12,2,128,diversity_constrained,94,128,128.0,-1.9762841713918062,0.33333333333333337,0.0,1.1408885920925431,2.128558448075588,0.8461538461538461,0.421875,0.5651041666666667,0.5857100347921627,4.852030263919617,0.0078125,1.0
smoke,12,3,1,min_energy,0,1,1.0,0.2620046633485256,0.8333333333333334,0.0,0.08684175693059175,0.0,1.0,0.0,0.8333333333333334,0.0,-0.0,1.0,0.0
smoke,12,3,1,calibrated_clipped,0,1,1.0,0.2620046633485256,0.8333333333333334,0.0,0.08684175693059175,0.0,1.0,0.0,0.8333333333333334,0.0,-0.0,1.0,0.0
smoke,12,3,1,diversity_constrained,0,1,1.0,0.2620046633485256,0.8333333333333334,0.0,0.08684175693059175,0.0,1.0,0.0,0.8333333333333334,0.0,-0.0,1.0,0.0
smoke,12,3,2,min_energy,0,2,2.0,0.2620046633485256,0.8333333333333334,0.0,0.08684175693059175,0.18182174322695893,1.0,0.0,0.4166666666666667,1.0,0.6931471805599453,0.5,0.0
smoke,12,3,2,calibrated_clipped,0,2,2.0,0.2620046633485256,0.8333333333333334,0.0,0.08684175693059175,0.18182174322695893,1.0,0.0,0.4166666666666667,1.0,0.6931471805599453,0.5,0.0
smoke,12,3,2,diversity_constrained,0,2,2.0,0.2620046633485256,0.8333333333333334,0.0,0.08684175693059175,0.18182174322695893,1.0,0.0,0.4166666666666667,1.0,0.6931471805599453,0.5,0.0
smoke,12,3,4,min_energy,2,4,4.0,0.1057475138171267,1.0,1.0,0.11158301777988787,0.27928622808450615,0.0,0.25,0.45833333333333337,1.0,1.3862943611198906,0.25,0.0
smoke,12,3,4,calibrated_clipped,2,4,4.0,0.1057475138171267,1.0,1.0,0.11158301777988787,0.27928622808450615,0.0,0.25,0.45833333333333337,1.0,1.3862943611198906,0.25,0.0
smoke,12,3,4,diversity_constrained,2,4,4.0,0.1057475138171267,1.0,1.0,0.11158301777988787,0.27928622808450615,0.0,0.25,0.45833333333333337,1.0,1.3862943611198906,0.25,0.0
smoke,12,3,8,min_energy,6,8,8.0,-1.798383083739446,0.0,0.0,1.1721555258037453,1.9822591723222722,1.0,0.375,0.4791666666666667,0.6904761904761905,2.0794415416798357,0.125,1.0
smoke,12,3,8,calibrated_clipped,7,8,8.0,0.08517182074164682,1.0,1.0,0.113793272854887,0.09870426784117935,1.0,0.375,0.4791666666666667,0.6904761904761905,2.0794415416798357,0.125,0.0
smoke,12,3,8,diversity_constrained,6,8,8.0,-1.798383083739446,0.0,0.0,1.1721555258037453,1.9822591723222722,1.0,0.375,0.4791666666666667,0.6904761904761905,2.0794415416798357,0.125,1.0
smoke,12,3,16,min_energy,8,16,16.0,-1.9520000000000008,0.0,0.0,1.3500000000000003,2.2054064234553246,1.0,0.25,0.39583333333333337,0.43529411764705883,2.772588722239781,0.0625,1.0
smoke,12,3,16,calibrated_clipped,5,16,16.0,0.10382460802936443,1.0,1.0,0.0990036613679078,0.14958181542595939,1.0,0.25,0.39583333333333337,0.43529411764705883,2.772588722239781,0.0625,0.0
smoke,12,3,16,diversity_constrained,8,16,16.0,-1.9520000000000008,0.0,0.0,1.3500000000000003,2.2054064234553246,1.0,0.25,0.39583333333333337,0.43529411764705883,2.772588722239781,0.0625,1.0
smoke,12,3,32,min_energy,8,32,32.0,-1.9520000000000008,0.0,0.0,1.3500000000000003,2.2054064234553246,0.5,0.3125,0.43750000000000006,0.7001466275659824,3.4657359027997265,0.03125,1.0
smoke,12,3,32,calibrated_clipped,7,32,32.0,0.08517182074164682,1.0,1.0,0.113793272854887,0.16823460271367702,0.5,0.3125,0.43750000000000006,0.7001466275659824,3.4657359027997265,0.03125,0.0
smoke,12,3,32,diversity_constrained,8,32,32.0,-1.9520000000000008,0.0,0.0,1.3500000000000003,2.2054064234553246,0.5,0.3125,0.43750000000000006,0.7001466275659824,3.4657359027997265,0.03125,1.0
smoke,12,3,64,min_energy,8,64,64.0,-1.9520000000000008,0.0,0.0,1.3500000000000003,2.1829492855455204,0.5714285714285714,0.328125,0.45833333333333337,0.7151098901098901,4.1588830833596715,0.015625,1.0
smoke,12,3,64,calibrated_clipped,25,64,64.0,0.036376200215440406,1.0,1.0,0.13750784030247973,0.1945730853300791,0.5714285714285714,0.328125,0.45833333333333337,0.7151098901098901,4.1588830833596715,0.015625,0.0
smoke,12,3,64,diversity_constrained,58,64,64.0,-1.8676754275964063,0.16666666666666663,0.0,1.1349568218274506,2.098624713141926,0.5714285714285714,0.328125,0.45833333333333337,0.7151098901098901,4.1588830833596715,0.015625,1.0
smoke,12,3,128,min_energy,85,128,128.0,-2.030524767012269,0.33333333333333337,0.0,1.1961896347630063,2.2319538780024013,0.7692307692307693,0.3828125,0.4921875,0.6172976561069401,4.852030263919617,0.0078125,1.0
smoke,12,3,128,calibrated_clipped,110,128,128.0,0.012620070625541713,1.0,1.0,0.1278658722238838,0.18880904036459056,0.7692307692307693,0.3828125,0.4921875,0.6172976561069401,4.852030263919617,0.0078125,0.0
smoke,12,3,128,diversity_constrained,85,128,128.0,-2.030524767012269,0.33333333333333337,0.0,1.1961896347630063,2.2319538780024013,0.7692307692307693,0.3828125,0.4921875,0.6172976561069401,4.852030263919617,0.0078125,1.0
smoke,13,0,1,min_energy,0,1,1.0,0.7045535009621451,0.0,0.0,0.11380031694918191,0.0,1.0,0.0,0.0,0.0,-0.0,1.0,0.0
smoke,13,0,1,calibrated_clipped,0,1,1.0,0.7045535009621451,0.0,0.0,0.11380031694918191,0.0,1.0,0.0,0.0,0.0,-0.0,1.0,0.0
smoke,13,0,1,diversity_constrained,0,1,1.0,0.7045535009621451,0.0,0.0,0.11380031694918191,0.0,1.0,0.0,0.0,0.0,-0.0,1.0,0.0
smoke,13,0,2,min_energy,0,2,2.0,0.7045535009621451,0.0,0.0,0.11380031694918191,0.014809358625802016,1.0,0.0,0.0,-1.0,0.6931471805599453,0.5,0.0
smoke,13,0,2,calibrated_clipped,0,2,2.0,0.7045535009621451,0.0,0.0,0.11380031694918191,0.014809358625802016,1.0,0.0,0.0,-1.0,0.6931471805599453,0.5,0.0
smoke,13,0,2,diversity_constrained,0,2,2.0,0.7045535009621451,0.0,0.0,0.11380031694918191,0.014809358625802016,1.0,0.0,0.0,-1.0,0.6931471805599453,0.5,0.0
smoke,13,0,4,min_energy,2,4,4.0,-0.037306594074307566,1.0,1.0,0.1494365743455764,0.42418379246542054,0.0,0.5,0.5,0.6,1.3862943611198906,0.25,0.0
smoke,13,0,4,calibrated_clipped,2,4,4.0,-0.037306594074307566,1.0,1.0,0.1494365743455764,0.42418379246542054,0.0,0.5,0.5,0.6,1.3862943611198906,0.25,0.0
smoke,13,0,4,diversity_constrained,2,4,4.0,-0.037306594074307566,1.0,1.0,0.1494365743455764,0.42418379246542054,0.0,0.5,0.5,0.6,1.3862943611198906,0.25,0.0
smoke,13,0,8,min_energy,7,8,8.0,-1.344537243531183,0.0,0.0,0.9335701809599618,1.462350773825536,1.0,0.5,0.6041666666666667,0.38095238095238093,2.0794415416798357,0.125,1.0
smoke,13,0,8,calibrated_clipped,2,8,8.0,-0.037306594074307566,1.0,1.0,0.1494365743455764,0.1551201243686605,1.0,0.5,0.6041666666666667,0.38095238095238093,2.0794415416798357,0.125,0.0
smoke,13,0,8,diversity_constrained,7,8,8.0,-1.344537243531183,0.0,0.0,0.9335701809599618,1.462350773825536,1.0,0.5,0.6041666666666667,0.38095238095238093,2.0794415416798357,0.125,1.0
smoke,13,0,16,min_energy,7,16,16.0,-1.344537243531183,0.0,0.0,0.9335701809599618,1.498054064581541,0.5,0.375,0.5833333333333334,0.6088235294117647,2.772588722239781,0.0625,1.0
smoke,13,0,16,calibrated_clipped,3,16,16.0,0.06920089582008085,1.0,1.0,0.12464055955482019,0.08431592523027712,0.5,0.375,0.5833333333333334,0.6088235294117647,2.772588722239781,0.0625,0.0
smoke,13,0,16,diversity_constrained,7,16,16.0,-1.344537243531183,0.0,0.0,0.9335701809599618,1.498054064581541,0.5,0.375,0.5833333333333334,0.6088235294117647,2.772588722239781,0.0625,1.0
smoke,13,0,32,min_energy,22,32,32.0,-1.8571017718007299,0.16666666666666663,0.0,1.1157562078202923,1.9932690930195056,1.0,0.375,0.5416666666666667,0.45784457478005863,3.4657359027997265,0.03125,1.0
smoke,13,0,32,calibrated_clipped,2,32,32.0,-0.037306594074307566,1.0,1.0,0.1494365743455764,0.1734739152930834,1.0,0.375,0.5416666666666667,0.45784457478005863,3.4657359027997265,0.03125,0.0
smoke,13,0,32,diversity_constrained,22,32,32.0,-1.8571017718007299,0.16666666666666663,0.0,1.1157562078202923,1.9932690930195056,1.0,0.375,0.5416666666666667,0.45784457478005863,3.4657359027997265,0.03125,1.0
smoke,13,0,64,min_energy,44,64,64.0,-1.9520000000000008,0.0,0.0,1.3500000000000003,2.0790140306755576,1.0,0.359375,0.5026041666666667,0.2641941391941392,4.137222233967175,0.015625,1.0
smoke,13,0,64,calibrated_clipped,48,64,64.0,-0.24208936294282277,1.0,1.0,0.24136623119261616,0.3691033936183796,1.0,0.359375,0.5026041666666667,0.2641941391941392,4.137222233967175,0.015625,0.0
smoke,13,0,64,diversity_constrained,63,64,64.0,-1.924553980546535,0.16666666666666663,0.0,1.1933228378799619,2.0515680112220918,1.0,0.359375,0.5026041666666667,0.2641941391941392,4.137222233967175,0.015625,1.0
smoke,13,0,128,min_energy,44,128,128.0,-1.9520000000000008,0.0,0.0,1.3500000000000003,2.0739396998351305,1.0,0.3671875,0.5052083333333333,0.18905076908991028,4.79787814043837,0.015625,1.0
smoke,13,0,128,calibrated_clipped,48,128,128.0,-0.24208936294282277,1.0,1.0,0.24136623119261616,0.36402906277795244,1.0,0.3671875,0.5052083333333333,0.18905076908991028,4.79787814043837,0.0078125,0.0
smoke,13,0,128,diversity_constrained,63,128,128.0,-1.924553980546535,0.16666666666666663,0.0,1.1933228378799619,2.0464936803816647,1.0,0.3671875,0.5052083333333333,0.18905076908991028,4.79787814043837,0.0078125,1.0
smoke,13,1,1,min_energy,0,1,1.0,0.12182939131625013,1.0,1.0,0.10065853471423865,0.0,0.0,1.0,1.0,0.0,-0.0,1.0,0.0
smoke,13,1,1,calibrated_clipped,0,1,1.0,0.12182939131625013,1.0,1.0,0.10065853471423865,0.0,0.0,1.0,1.0,0.0,-0.0,1.0,0.0
smoke,13,1,1,diversity_constrained,0,1,1.0,0.12182939131625013,1.0,1.0,0.10065853471423865,0.0,0.0,1.0,1.0,0.0,-0.0,1.0,0.0
smoke,13,1,2,min_energy,1,2,2.0,-1.4578908507268624,0.0,0.0,1.0570068435494997,0.7898601210215562,1.0,0.5,0.5,-1.0,0.6931471805599453,0.5,1.0
smoke,13,1,2,calibrated_clipped,1,2,2.0,-1.4578908507268624,0.0,0.0,1.0570068435494997,0.7898601210215562,1.0,0.5,0.5,-1.0,0.6931471805599453,0.5,1.0
smoke,13,1,2,diversity_constrained,1,2,2.0,-1.4578908507268624,0.0,0.0,1.0570068435494997,0.7898601210215562,1.0,0.5,0.5,-1.0,0.6931471805599453,0.5,1.0
smoke,13,1,4,min_energy,1,4,4.0,-1.4578908507268624,0.0,0.0,1.0570068435494997,1.5762567121265552,1.0,0.5,0.7083333333333334,-0.2,1.3862943611198906,0.25,1.0
smoke,13,1,4,calibrated_clipped,2,4,4.0,0.11490233148313526,1.0,1.0,0.11075082678714203,0.003463529916557434,1.0,0.5,0.7083333333333334,-0.2,1.3862943611198906,0.25,0.0
smoke,13,1,4,diversity_constrained,1,4,4.0,-1.4578908507268624,0.0,0.0,1.0570068435494997,1.5762567121265552,1.0,0.5,0.7083333333333334,-0.2,1.3862943611198906,0.25,1.0
smoke,13,1,8,min_energy,4,8,8.0,-1.6619641717867981,0.0,0.0,1.2142222696178389,1.8084413636489098,1.0,0.25,0.5625,-0.16666666666666666,2.0794415416798357,0.125,1.0
smoke,13,1,8,calibrated_clipped,1,8,8.0,-1.4578908507268624,0.0,0.0,1.0570068435494997,1.6043680425889741,1.0,0.25,0.5625,-0.16666666666666666,2.0794415416798357,0.125,1.0
smoke,13,1,8,diversity_constrained,4,8,8.0,-1.6619641717867981,0.0,0.0,1.2142222696178389,1.8084413636489098,1.0,0.25,0.5625,-0.16666666666666666,2.0794415416798357,0.125,1.0
smoke,13,1,16,min_energy,4,16,16.0,-1.6619641717867981,0.0,0.0,1.2142222696178389,1.7838966829497125,1.0,0.375,0.5729166666666667,0.058823529411764705,2.772588722239781,0.0625,1.0
smoke,13,1,16,calibrated_clipped,9,16,16.0,-0.06937991596664696,1.0,1.0,0.15061304703814918,0.19131242712956126,1.0,0.375,0.5729166666666667,0.058823529411764705,2.772588722239781,0.0625,0.0
smoke,13,1,16,diversity_constrained,4,16,16.0,-1.6619641717867981,0.0,0.0,1.2142222696178389,1.7838966829497125,1.0,0.375,0.5729166666666667,0.058823529411764705,2.772588722239781,0.0625,1.0
smoke,13,1,32,min_energy,24,32,32.0,-1.9520000000000008,0.0,0.0,1.3500000000000003,2.0715339296445343,1.0,0.375,0.5416666666666666,-0.07074780058651027,3.422414204014729,0.03125,1.0
smoke,13,1,32,calibrated_clipped,14,32,32.0,-1.4387753312108542,0.16666666666666663,0.0,0.9777168659015452,1.5583092608553877,1.0,0.375,0.5416666666666666,-0.07074780058651027,3.422414204014729,0.0625,1.0
smoke,13,1,32,diversity_constrained,30,32,32.0,-1.8926664074189266,0.16666666666666663,0.0,1.162318558788688,2.0122003370634602,1.0,0.375,0.5416666666666666,-0.07074780058651027,3.422414204014729,0.0625,1.0
smoke,13,1,64,min_energy,24,64,64.0,-1.9520000000000008,0.0,0.0,1.3500000000000003,2.073932511162915,1.0,0.421875,0.5494791666666667,0.22889194139194138,4.137222233967175,0.015625,1.0
smoke,13,1,64,calibrated_clipped,9,64,64.0,-0.06937991596664696,1.0,1.0,0.15061304703814918,0.19131242712956126,1.0,0.421875,0.5494791666666667,0.22889194139194138,4.137222233967175,0.015625,0.0
smoke,13,1,64,diversity_constrained,30,64,64.0,-1.8926664074189266,0.16666666666666663,0.0,1.162318558788688,2.0145989185818407,1.0,0.421875,0.5494791666666667,0.22889194139194138,4.137222233967175,0.03125,1.0
smoke,13,1,128,min_energy,24,128,128.0,-1.9520000000000008,0.0,0.0,1.3500000000000003,2.0845696924896013,1.0,0.3828125,0.5299479166666667,0.3408029664896539,4.841199839223365,0.0078125,1.0
smoke,13,1,128,calibrated_clipped,9,128,128.0,-0.06937991596664696,1.0,1.0,0.15061304703814918,0.2019496084562476,1.0,0.3828125,0.5299479166666667,0.3408029664896539,4.841199839223365,0.0078125,0.0
smoke,13,1,128,diversity_constrained,79,128,128.0,-1.9053176050436385,0.16666666666666663,0.0,1.1703386352582366,2.037887297533239,1.0,0.3828125,0.5299479166666667,0.3408029664896539,4.841199839223365,0.0078125,1.0
smoke,13,2,1,min_energy,0,1,1.0,-0.016792028076946193,1.0,1.0,0.14547420292815774,0.0,0.0,1.0,1.0,0.0,-0.0,1.0,0.0
smoke,13,2,1,calibrated_clipped,0,1,1.0,-0.016792028076946193,1.0,1.0,0.14547420292815774,0.0,0.0,1.0,1.0,0.0,-0.0,1.0,0.0
smoke,13,2,1,diversity_constrained,0,1,1.0,-0.016792028076946193,1.0,1.0,0.14547420292815774,0.0,0.0,1.0,1.0,0.0,-0.0,1.0,0.0
smoke,13,2,2,min_energy,0,2,2.0,-0.016792028076946193,1.0,1.0,0.14547420292815774,0.32734848020055024,0.0,0.5,0.5,1.0,0.6931471805599453,0.5,0.0
smoke,13,2,2,calibrated_clipped,0,2,2.0,-0.016792028076946193,1.0,1.0,0.14547420292815774,0.32734848020055024,0.0,0.5,0.5,1.0,0.6931471805599453,0.5,0.0
smoke,13,2,2,diversity_constrained,0,2,2.0,-0.016792028076946193,1.0,1.0,0.14547420292815774,0.32734848020055024,0.0,0.5,0.5,1.0,0.6931471805599453,0.5,0.0
smoke,13,2,4,min_energy,3,4,4.0,-1.9520000000000008,0.0,0.0,1.3500000000000003,2.1196199374181983,1.0,0.25,0.25,0.8,1.3862943611198906,0.25,1.0
smoke,13,2,4,calibrated_clipped,0,4,4.0,-0.016792028076946193,1.0,1.0,0.14547420292815774,0.18441196549514366,1.0,0.25,0.25,0.8,1.3862943611198906,0.25,0.0
smoke,13,2,4,diversity_constrained,3,4,4.0,-1.9520000000000008,0.0,0.0,1.3500000000000003,2.1196199374181983,1.0,0.25,0.25,0.8,1.3862943611198906,0.25,1.0
smoke,13,2,8,min_energy,3,8,8.0,-1.9520000000000008,0.0,0.0,1.3500000000000003,2.4124268122770443,1.0,0.25,0.25,0.21428571428571427,2.0794415416798357,0.125,1.0
smoke,13,2,8,calibrated_clipped,0,8,8.0,-0.016792028076946193,1.0,1.0,0.14547420292815774,0.4772188403539897,1.0,0.25,0.25,0.21428571428571427,2.0794415416798357,0.125,0.0
smoke,13,2,8,diversity_constrained,3,8,8.0,-1.9520000000000008,0.0,0.0,1.3500000000000003,2.4124268122770443,1.0,0.25,0.25,0.21428571428571427,2.0794415416798357,0.125,1.0
smoke,13,2,16,min_energy,3,16,16.0,-1.9520000000000008,0.0,0.0,1.3500000000000003,2.237015846891072,0.5,0.375,0.42708333333333337,0.5264705882352941,2.772588722239781,0.0625,1.0
smoke,13,2,16,calibrated_clipped,13,16,16.0,0.04732986092113629,1.0,1.0,0.1262950945862865,0.2376859859699349,0.5,0.375,0.42708333333333337,0.5264705882352941,2.772588722239781,0.0625,0.0
smoke,13,2,16,diversity_constrained,3,16,16.0,-1.9520000000000008,0.0,0.0,1.3500000000000003,2.237015846891072,0.5,0.375,0.42708333333333337,0.5264705882352941,2.772588722239781,0.0625,1.0
smoke,13,2,32,min_energy,3,32,32.0,-1.9520000000000008,0.0,0.0,1.3500000000000003,2.120307851580759,1.0,0.3125,0.45833333333333337,0.4277859237536657,3.4657359027997265,0.03125,1.0
smoke,13,2,32,calibrated_clipped,27,32,32.0,-0.05059395076109093,1.0,1.0,0.1679626139946644,0.21890180234184942,1.0,0.3125,0.45833333333333337,0.4277859237536657,3.4657359027997265,0.03125,0.0
smoke,13,2,32,diversity_constrained,22,32,32.0,-1.8449737900092766,0.16666666666666663,0.0,1.0996091920390683,2.013281641590035,1.0,0.3125,0.45833333333333337,0.4277859237536657,3.4657359027997265,0.03125,1.0
smoke,13,2,64,min_energy,3,64,64.0,-1.9520000000000008,0.0,0.0,1.3500000000000003,2.0893705351749046,1.0,0.328125,0.5052083333333334,0.3836996336996337,4.1588830833596715,0.015625,1.0
smoke,13,2,64,calibrated_clipped,57,64,64.0,-0.1327733147667938,1.0,1.0,0.2045381507559502,0.2701438499416975,1.0,0.328125,0.5052083333333334,0.3836996336996337,4.1588830833596715,0.015625,0.0
smoke,13,2,64,diversity_constrained,22,64,64.0,-1.8449737900092766,0.16666666666666663,0.0,1.0996091920390683,1.9823443251841804,1.0,0.328125,0.5052083333333334,0.3836996336996337,4.1588830833596715,0.015625,1.0
smoke,13,2,128,min_energy,3,128,128.0,-1.9520000000000008,0.0,0.0,1.3500000000000003,2.0952343267540576,1.0,0.3515625,0.5091145833333334,0.43409517487639626,4.79787814043837,0.015625,1.0
smoke,13,2,128,calibrated_clipped,42,128,128.0,-0.06384198705957657,1.0,1.0,0.16277897806981043,0.20707631381363323,1.0,0.3515625,0.5091145833333334,0.43409517487639626,4.79787814043837,0.0078125,0.0
smoke,13,2,128,diversity_constrained,80,128,128.0,-1.9469586930388931,0.33333333333333337,0.0,1.1002186057405619,2.0901930197929497,1.0,0.3515625,0.5091145833333334,0.43409517487639626,4.79787814043837,0.0078125,1.0
smoke,13,3,1,min_energy,0,1,1.0,0.30191327242136085,0.8333333333333334,0.0,0.07576253176800334,0.0,1.0,0.0,0.8333333333333334,0.0,-0.0,1.0,0.0
smoke,13,3,1,calibrated_clipped,0,1,1.0,0.30191327242136085,0.8333333333333334,0.0,0.07576253176800334,0.0,1.0,0.0,0.8333333333333334,0.0,-0.0,1.0,0.0
smoke,13,3,1,diversity_constrained,0,1,1.0,0.30191327242136085,0.8333333333333334,0.0,0.07576253176800334,0.0,1.0,0.0,0.8333333333333334,0.0,-0.0,1.0,0.0
smoke,13,3,2,min_energy,1,2,2.0,0.22966369067899406,0.6666666666666667,0.0,0.1358161970301138,0.036124790871183365,1.0,0.0,0.75,-1.0,0.6931471805599453,0.5,0.0
smoke,13,3,2,calibrated_clipped,1,2,2.0,0.22966369067899406,0.6666666666666667,0.0,0.1358161970301138,0.036124790871183365,1.0,0.0,0.75,-1.0,0.6931471805599453,0.5,0.0
smoke,13,3,2,diversity_constrained,1,2,2.0,0.22966369067899406,0.6666666666666667,0.0,0.1358161970301138,0.036124790871183365,1.0,0.0,0.75,-1.0,0.6931471805599453,0.5,0.0
smoke,13,3,4,min_energy,3,4,4.0,-1.8814065291294861,0.5,0.0,1.1744654094241571,1.9878699029611662,1.0,0.25,0.75,-0.4,1.3862943611198906,0.25,1.0
smoke,13,3,4,calibrated_clipped,2,4,4.0,-0.01673694301563381,1.0,1.0,0.16317721200024313,0.12320031684731395,1.0,0.25,0.75,-0.4,1.3862943611198906,0.25,0.0
smoke,13,3,4,diversity_constrained,3,4,4.0,-1.8814065291294861,0.5,0.0,1.1744654094241571,1.9878699029611662,1.0,0.25,0.75,-0.4,1.3862943611198906,0.25,1.0
smoke,13,3,8,min_energy,3,8,8.0,-1.8814065291294861,0.5,0.0,1.1744654094241571,1.9682004015213108,1.0,0.5,0.75,0.2619047619047619,2.0794415416798357,0.125,1.0
smoke,13,3,8,calibrated_clipped,6,8,8.0,0.04516489387044163,1.0,1.0,0.11332981812698639,0.041628978521382934,1.0,0.5,0.75,0.2619047619047619,2.0794415416798357,0.125,0.0
smoke,13,3,8,diversity_constrained,3,8,8.0,-1.8814065291294861,0.5,0.0,1.1744654094241571,1.9682004015213108,1.0,0.5,0.75,0.2619047619047619,2.0794415416798357,0.125,1.0
smoke,13,3,16,min_energy,3,16,16.0,-1.8814065291294861,0.5,0.0,1.1744654094241571,2.0458281716999256,1.0,0.3125,0.46875,0.4676470588235294,2.772588722239781,0.0625,1.0
smoke,13,3,16,calibrated_clipped,13,16,16.0,-0.013431767623435627,1.0,1.0,0.14595664223164803,0.17785341019387507,1.0,0.3125,0.46875,0.4676470588235294,2.772588722239781,0.0625,0.0
smoke,13,3,16,diversity_constrained,11,16,16.0,-1.860818077296014,0.16666666666666663,0.0,1.1277008086550873,2.0252397198664536,1.0,0.3125,0.46875,0.4676470588235294,2.772588722239781,0.0625,1.0
smoke,13,3,32,min_energy,3,32,32.0,-1.8814065291294861,0.5,0.0,1.1744654094241571,2.022748878948785,1.0,0.40625,0.5364583333333333,0.5219941348973607,3.4657359027997265,0.03125,1.0
smoke,13,3,32,calibrated_clipped,13,32,32.0,-0.013431767623435627,1.0,1.0,0.14595664223164803,0.15477411744273412,1.0,0.40625,0.5364583333333333,0.5219941348973607,3.4657359027997265,0.03125,0.0
smoke,13,3,32,diversity_constrained,11,32,32.0,-1.860818077296014,0.16666666666666663,0.0,1.1277008086550873,2.0021604271153124,1.0,0.40625,0.5364583333333333,0.5219941348973607,3.4657359027997265,0.03125,1.0
smoke,13,3,64,min_energy,3,64,64.0,-1.8814065291294861,0.5,0.0,1.1744654094241571,2.0294345594179246,1.0,0.34375,0.4765625,0.40105311355311357,4.137222233967175,0.015625,1.0
smoke,13,3,64,calibrated_clipped,25,64,64.0,-0.08181575986255359,1.0,1.0,0.1833908611346947,0.22984379015099204,1.0,0.34375,0.4765625,0.40105311355311357,4.137222233967175,0.015625,0.0
smoke,13,3,64,diversity_constrained,40,64,64.0,-1.880646508016065,0.16666666666666663,0.0,1.1492534507420993,2.0286745383045037,1.0,0.34375,0.4765625,0.40105311355311357,4.137222233967175,0.03125,1.0
smoke,13,3,128,min_energy,88,128,128.0,-1.952,0.0,0.0,1.3499999999999999,2.0701105206445267,1.0,0.375,0.515625,0.36644501922724776,4.830369414527117,0.015625,1.0
smoke,13,3,128,calibrated_clipped,25,128,128.0,-0.08181575986255359,1.0,1.0,0.1833908611346947,0.19992628050708022,1.0,0.375,0.515625,0.36644501922724776,4.830369414527117,0.0078125,0.0
smoke,13,3,128,diversity_constrained,40,128,128.0,-1.880646508016065,0.16666666666666663,0.0,1.1492534507420993,1.9987570286605916,1.0,0.375,0.515625,0.36644501922724776,4.830369414527117,0.015625,1.0
smoke,14,0,1,min_energy,0,1,1.0,-1.9520000000000008,0.0,0.0,1.3500000000000003,0.0,1.0,0.0,0.0,0.0,-0.0,1.0,1.0
smoke,14,0,1,calibrated_clipped,0,1,1.0,-1.9520000000000008,0.0,0.0,1.3500000000000003,0.0,1.0,0.0,0.0,0.0,-0.0,1.0,1.0
smoke,14,0,1,diversity_constrained,0,1,1.0,-1.9520000000000008,0.0,0.0,1.3500000000000003,0.0,1.0,0.0,0.0,0.0,-0.0,1.0,1.0
smoke,14,0,2,min_energy,0,2,2.0,-1.9520000000000008,0.0,0.0,1.3500000000000003,1.0852867268456685,1.0,0.0,0.4166666666666667,-1.0,0.6931471805599453,0.5,1.0
smoke,14,0,2,calibrated_clipped,0,2,2.0,-1.9520000000000008,0.0,0.0,1.3500000000000003,1.0852867268456685,1.0,0.0,0.4166666666666667,-1.0,0.6931471805599453,0.5,1.0
smoke,14,0,2,diversity_constrained,0,2,2.0,-1.9520000000000008,0.0,0.0,1.3500000000000003,1.0852867268456685,1.0,0.0,0.4166666666666667,-1.0,0.6931471805599453,0.5,1.0
smoke,14,0,4,min_energy,0,4,4.0,-1.9520000000000008,0.0,0.0,1.3500000000000003,1.9875747622127682,1.0,0.0,0.25,-0.4,1.3862943611198906,0.25,1.0
smoke,14,0,4,calibrated_clipped,3,4,4.0,-0.14742392926580145,0.16666666666666663,0.0,0.4311280117766391,0.18299869147856884,1.0,0.0,0.25,-0.4,1.3862943611198906,0.25,0.0
smoke,14,0,4,diversity_constrained,0,4,4.0,-1.9520000000000008,0.0,0.0,1.3500000000000003,1.9875747622127682,1.0,0.0,0.25,-0.4,1.3862943611198906,0.25,1.0
smoke,14,0,8,min_energy,0,8,8.0,-1.9520000000000008,0.0,0.0,1.3500000000000003,1.9774067907435866,1.0,0.25,0.375,-0.09523809523809523,2.0794415416798357,0.125,1.0
smoke,14,0,8,calibrated_clipped,6,8,8.0,-1.7875318064382926,0.0,0.0,1.1567045326898435,1.8129385971818783,1.0,0.25,0.375,-0.09523809523809523,2.0794415416798357,0.125,1.0
smoke,14,0,8,diversity_constrained,0,8,8.0,-1.9520000000000008,0.0,0.0,1.3500000000000003,1.9774067907435866,1.0,0.25,0.375,-0.09523809523809523,2.0794415416798357,0.125,1.0
smoke,14,0,16,min_energy,0,16,16.0,-1.9520000000000008,0.0,0.0,1.3500000000000003,2.0545081644778893,1.0,0.5,0.6145833333333334,-0.01764705882352941,2.772588722239781,0.0625,1.0
smoke,14,0,16,calibrated_clipped,8,16,16.0,-0.06473826017511293,1.0,1.0,0.14805642126182425,0.16724642465300138,1.0,0.5,0.6145833333333334,-0.01764705882352941,2.772588722239781,0.0625,0.0
smoke,14,0,16,diversity_constrained,0,16,16.0,-1.9520000000000008,0.0,0.0,1.3500000000000003,2.0545081644778893,1.0,0.5,0.6145833333333334,-0.01764705882352941,2.772588722239781,0.0625,1.0
smoke,14,0,32,min_energy,0,32,32.0,-1.9520000000000008,0.0,0.0,1.3500000000000003,2.0683731151394,0.75,0.5,0.6145833333333334,0.3189149560117302,3.4657359027997265,0.03125,1.0
smoke,14,0,32,calibrated_clipped,8,32,32.0,-0.06473826017511293,1.0,1.0,0.14805642126182425,0.18111137531451202,0.75,0.5,0.6145833333333334,0.3189149560117302,3.4657359027997265,0.03125,0.0
smoke,14,0,32,diversity_constrained,0,32,32.0,-1.9520000000000008,0.0,0.0,1.3500000000000003,2.0683731151394,0.75,0.5,0.6145833333333334,0.3189149560117302,3.4657359027997265,0.03125,1.0
smoke,14,0,64,min_energy,58,64,64.0,-2.005049750406113,0.33333333333333337,0.0,1.1721555258037453,2.1577087901774887,1.0,0.390625,0.5390625,0.44468864468864466,4.1588830833596715,0.015625,1.0
smoke,14,0,64,calibrated_clipped,8,64,64.0,-0.06473826017511293,1.0,1.0,0.14805642126182425,0.21739729994648888,1.0,0.390625,0.5390625,0.44468864468864466,4.1588830833596715,0.015625,0.0
smoke,14,0,64,diversity_constrained,58,64,64.0,-2.005049750406113,0.33333333333333337,0.0,1.1721555258037453,2.1577087901774887,1.0,0.390625,0.5390625,0.44468864468864466,4.1588830833596715,0.015625,1.0
smoke,14,0,128,min_energy,58,128,128.0,-2.005049750406113,0.33333333333333337,0.0,1.1721555258037453,2.1383022840307535,1.0,0.40625,0.5690104166666667,0.4185188152353049,4.841199839223365,0.0078125,1.0
smoke,14,0,128,calibrated_clipped,70,128,128.0,0.0007832963227673078,1.0,1.0,0.13623477287208938,0.1324692373018733,1.0,0.40625,0.5690104166666667,0.4185188152353049,4.841199839223365,0.0078125,0.0
smoke,14,0,128,diversity_constrained,58,128,128.0,-2.005049750406113,0.33333333333333337,0.0,1.1721555258037453,2.1383022840307535,1.0,0.40625,0.5690104166666667,0.4185188152353049,4.841199839223365,0.0078125,1.0
smoke,14,1,1,min_energy,0,1,1.0,0.16807586233070804,1.0,1.0,0.09224599740886663,0.0,0.0,1.0,1.0,0.0,-0.0,1.0,0.0
smoke,14,1,1,calibrated_clipped,0,1,1.0,0.16807586233070804,1.0,1.0,0.09224599740886663,0.0,0.0,1.0,1.0,0.0,-0.0,1.0,0.0
smoke,14,1,1,diversity_constrained,0,1,1.0,0.16807586233070804,1.0,1.0,0.09224599740886663,0.0,0.0,1.0,1.0,0.0,-0.0,1.0,0.0
smoke,14,1,2,min_energy,0,2,2.0,0.16807586233070804,1.0,1.0,0.09224599740886663,0.19905288590200715,0.0,0.5,0.5,1.0,0.6931471805599453,0.5,0.0
smoke,14,1,2,calibrated_clipped,0,2,2.0,0.16807586233070804,1.0,1.0,0.09224599740886663,0.19905288590200715,0.0,0.5,0.5,1.0,0.6931471805599453,0.5,0.0
smoke,14,1,2,diversity_constrained,0,2,2.0,0.16807586233070804,1.0,1.0,0.09224599740886663,0.19905288590200715,0.0,0.5,0.5,1.0,0.6931471805599453,0.5,0.0
smoke,14,1,4,min_energy,0,4,4.0,0.16807586233070804,1.0,1.0,0.09224599740886663,0.47458878936589965,0.0,0.25,0.25,0.4,1.3862943611198906,0.25,0.0
smoke,14,1,4,calibrated_clipped,0,4,4.0,0.16807586233070804,1.0,1.0,0.09224599740886663,0.47458878936589965,0.0,0.25,0.25,0.4,1.3862943611198906,0.25,0.0
smoke,14,1,4,diversity_constrained,0,4,4.0,0.16807586233070804,1.0,1.0,0.09224599740886663,0.47458878936589965,0.0,0.25,0.25,0.4,1.3862943611198906,0.25,0.0
smoke,14,1,8,min_energy,5,8,8.0,-1.7696175047251395,0.0,0.0,1.1408885920925431,2.2740866453974906,1.0,0.25,0.25,0.5952380952380952,2.0794415416798357,0.125,1.0
smoke,14,1,8,calibrated_clipped,4,8,8.0,0.13881214260410363,1.0,1.0,0.09448541517482212,0.3656569980682473,1.0,0.25,0.25,0.5952380952380952,2.0794415416798357,0.125,0.0
smoke,14,1,8,diversity_constrained,5,8,8.0,-1.7696175047251395,0.0,0.0,1.1408885920925431,2.2740866453974906,1.0,0.25,0.25,0.5952380952380952,2.0794415416798357,0.125,1.0
smoke,14,1,16,min_energy,5,16,16.0,-1.7696175047251395,0.0,0.0,1.1408885920925431,2.314928093887498,0.5,0.25,0.30208333333333337,0.45294117647058824,2.772588722239781,0.0625,1.0
smoke,14,1,16,calibrated_clipped,4,16,16.0,0.13881214260410363,1.0,1.0,0.09448541517482212,0.4064984465582547,0.5,0.25,0.30208333333333337,0.45294117647058824,2.772588722239781,0.0625,0.0
smoke,14,1,16,diversity_constrained,5,16,16.0,-1.7696175047251395,0.0,0.0,1.1408885920925431,2.314928093887498,0.5,0.25,0.30208333333333337,0.45294117647058824,2.772588722239781,0.0625,1.0
smoke,14,1,32,min_energy,5,32,32.0,-1.7696175047251395,0.0,0.0,1.1408885920925431,2.019108382485304,0.75,0.3125,0.46875,0.4607771260997067,3.4657359027997265,0.03125,1.0
smoke,14,1,32,calibrated_clipped,8,32,32.0,0.05163063481479389,1.0,1.0,0.11755914222646695,0.19786024294537063,0.75,0.3125,0.46875,0.4607771260997067,3.4657359027997265,0.03125,0.0
smoke,14,1,32,diversity_constrained,5,32,32.0,-1.7696175047251395,0.0,0.0,1.1408885920925431,2.019108382485304,0.75,0.3125,0.46875,0.4607771260997067,3.4657359027997265,0.03125,1.0
smoke,14,1,64,min_energy,34,64,64.0,-1.94830712334261,0.33333333333333337,0.0,1.0996091920390683,2.1785504642324685,1.0,0.328125,0.453125,0.4956043956043956,4.137222233967175,0.015625,1.0
smoke,14,1,64,calibrated_clipped,47,64,64.0,0.02559446278679576,1.0,1.0,0.12103575137987643,0.2046488781030626,1.0,0.328125,0.453125,0.4956043956043956,4.137222233967175,0.015625,0.0
smoke,14,1,64,diversity_constrained,34,64,64.0,-1.94830712334261,0.33333333333333337,0.0,1.0996091920390683,2.1785504642324685,1.0,0.328125,0.453125,0.4956043956043956,4.137222233967175,0.015625,1.0
smoke,14,1,128,min_energy,34,128,128.0,-1.94830712334261,0.33333333333333337,0.0,1.0996091920390683,2.094541640986007,1.0,0.3828125,0.4934895833333333,0.393368888481963,4.79379026431521,0.0078125,1.0
smoke,14,1,128,calibrated_clipped,112,128,128.0,-0.10286137467001326,1.0,1.0,0.17422797872535714,0.24909589231341023,1.0,0.3828125,0.4934895833333333,0.393368888481963,4.79379026431521,0.0078125,0.0
smoke,14,1,128,diversity_constrained,34,128,128.0,-1.94830712334261,0.33333333333333337,0.0,1.0996091920390683,2.094541640986007,1.0,0.3828125,0.4934895833333333,0.393368888481963,4.79379026431521,0.0078125,1.0
smoke,14,2,1,min_energy,0,1,1.0,0.6328416482163679,0.16666666666666663,0.0,0.09912452298018841,0.0,1.0,0.0,0.16666666666666663,0.0,-0.0,1.0,0.0
smoke,14,2,1,calibrated_clipped,0,1,1.0,0.6328416482163679,0.16666666666666663,0.0,0.09912452298018841,0.0,1.0,0.0,0.16666666666666663,0.0,-0.0,1.0,0.0
smoke,14,2,1,diversity_constrained,0,1,1.0,0.6328416482163679,0.16666666666666663,0.0,0.09912452298018841,0.0,1.0,0.0,0.16666666666666663,0.0,-0.0,1.0,0.0
smoke,14,2,2,min_energy,1,2,2.0,0.16637307211904753,1.0,1.0,0.0811324570150776,0.23323428804866017,0.0,0.5,0.5833333333333333,1.0,0.6931471805599453,0.5,0.0
smoke,14,2,2,calibrated_clipped,1,2,2.0,0.16637307211904753,1.0,1.0,0.0811324570150776,0.23323428804866017,0.0,0.5,0.5833333333333333,1.0,0.6931471805599453,0.5,0.0
smoke,14,2,2,diversity_constrained,1,2,2.0,0.16637307211904753,1.0,1.0,0.0811324570150776,0.23323428804866017,0.0,0.5,0.5833333333333333,1.0,0.6931471805599453,0.5,0.0
smoke,14,2,4,min_energy,1,4,4.0,0.16637307211904753,1.0,1.0,0.0811324570150776,0.3701180282756924,0.0,0.25,0.29166666666666663,0.4,1.3862943611198906,0.25,0.0
smoke,14,2,4,calibrated_clipped,1,4,4.0,0.16637307211904753,1.0,1.0,0.0811324570150776,0.3701180282756924,0.0,0.25,0.29166666666666663,0.4,1.3862943611198906,0.25,0.0
smoke,14,2,4,diversity_constrained,1,4,4.0,0.16637307211904753,1.0,1.0,0.0811324570150776,0.3701180282756924,0.0,0.25,0.29166666666666663,0.4,1.3862943611198906,0.25,0.0
smoke,14,2,8,min_energy,6,8,8.0,-0.00480789063720808,1.0,1.0,0.16005162846671225,0.35748779852247103,0.0,0.25,0.4791666666666667,0.7380952380952381,2.0794415416798357,0.125,0.0
smoke,14,2,8,calibrated_clipped,6,8,8.0,-0.00480789063720808,1.0,1.0,0.16005162846671225,0.35748779852247103,0.0,0.25,0.4791666666666667,0.7380952380952381,2.0794415416798357,0.125,0.0
smoke,14,2,8,diversity_constrained,4,8,8.0,-0.004377419322875027,0.8333333333333334,0.0,0.1948172172858719,0.357057327208138,0.0,0.25,0.4791666666666667,0.7380952380952381,2.0794415416798357,0.125,0.0
smoke,14,2,16,min_energy,6,16,16.0,-0.00480789063720808,1.0,1.0,0.16005162846671225,0.33136721628258614,0.5,0.375,0.48958333333333337,0.7323529411764705,2.772588722239781,0.0625,0.0
smoke,14,2,16,calibrated_clipped,13,16,16.0,0.10099668496438846,1.0,1.0,0.10113528151484458,0.22556264068098958,0.5,0.375,0.48958333333333337,0.7323529411764705,2.772588722239781,0.0625,0.0
smoke,14,2,16,diversity_constrained,4,16,16.0,-0.004377419322875027,0.8333333333333334,0.0,0.1948172172858719,0.3309367449682531,0.5,0.375,0.48958333333333337,0.7323529411764705,2.772588722239781,0.0625,0.0
smoke,14,2,32,min_energy,6,32,32.0,-0.00480789063720808,1.0,1.0,0.16005162846671225,0.22829292041639987,0.25,0.34375,0.5052083333333333,0.7624633431085044,3.4657359027997265,0.03125,0.0
smoke,14,2,32,calibrated_clipped,16,32,32.0,0.014866976717590151,1.0,1.0,0.12396508162488158,0.20861805306160164,0.25,0.34375,0.5052083333333333,0.7624633431085044,3.4657359027997265,0.03125,0.0
smoke,14,2,32,diversity_constrained,4,32,32.0,-0.004377419322875027,0.8333333333333334,0.0,0.1948172172858719,0.22786244910206682,0.25,0.34375,0.5052083333333333,0.7624633431085044,3.4657359027997265,0.03125,0.0
smoke,14,2,64,min_energy,46,64,64.0,-1.9278008136356737,0.16666666666666663,0.0,1.200508130763413,2.1512858434148656,0.7142857142857143,0.28125,0.44270833333333337,0.658562271062271,4.1588830833596715,0.015625,1.0
smoke,14,2,64,calibrated_clipped,16,64,64.0,0.014866976717590151,1.0,1.0,0.12396508162488158,0.20861805306160164,0.7142857142857143,0.28125,0.44270833333333337,0.658562271062271,4.1588830833596715,0.015625,0.0
smoke,14,2,64,diversity_constrained,46,64,64.0,-1.9278008136356737,0.16666666666666663,0.0,1.200508130763413,2.1512858434148656,0.7142857142857143,0.28125,0.44270833333333337,0.658562271062271,4.1588830833596715,0.015625,1.0
smoke,14,2,128,min_energy,126,128,128.0,-1.9941984731049591,0.33333333333333337,0.0,1.1567045326898435,2.2091100986866183,0.9230769230769231,0.2734375,0.4921875,0.630836843069035,4.852030263919617,0.0078125,1.0
smoke,14,2,128,calibrated_clipped,16,128,128.0,0.014866976717590151,1.0,1.0,0.12396508162488158,0.20004464886406922,0.9230769230769231,0.2734375,0.4921875,0.630836843069035,4.852030263919617,0.0078125,0.0
smoke,14,2,128,diversity_constrained,126,128,128.0,-1.9941984731049591,0.33333333333333337,0.0,1.1567045326898435,2.2091100986866183,0.9230769230769231,0.2734375,0.4921875,0.630836843069035,4.852030263919617,0.0078125,1.0
smoke,14,3,1,min_energy,0,1,1.0,0.011506563166872541,1.0,1.0,0.15118009698799414,0.0,0.0,1.0,1.0,0.0,-0.0,1.0,0.0
smoke,14,3,1,calibrated_clipped,0,1,1.0,0.011506563166872541,1.0,1.0,0.15118009698799414,0.0,0.0,1.0,1.0,0.0,-0.0,1.0,0.0
smoke,14,3,1,diversity_constrained,0,1,1.0,0.011506563166872541,1.0,1.0,0.15118009698799414,0.0,0.0,1.0,1.0,0.0,-0.0,1.0,0.0
smoke,14,3,2,min_energy,0,2,2.0,0.011506563166872541,1.0,1.0,0.15118009698799414,0.06257389554171695,0.0,0.5,0.9166666666666667,1.0,0.6931471805599453,0.5,0.0
smoke,14,3,2,calibrated_clipped,0,2,2.0,0.011506563166872541,1.0,1.0,0.15118009698799414,0.06257389554171695,0.0,0.5,0.9166666666666667,1.0,0.6931471805599453,0.5,0.0
smoke,14,3,2,diversity_constrained,0,2,2.0,0.011506563166872541,1.0,1.0,0.15118009698799414,0.06257389554171695,0.0,0.5,0.9166666666666667,1.0,0.6931471805599453,0.5,0.0
smoke,14,3,4,min_energy,0,4,4.0,0.011506563166872541,1.0,1.0,0.15118009698799414,0.08770831477068634,0.0,0.75,0.9583333333333334,-0.4,1.3862943611198906,0.25,0.0
smoke,14,3,4,calibrated_clipped,2,4,4.0,0.06177540162481133,1.0,1.0,0.11796329190302139,0.037439476312747556,0.0,0.75,0.9583333333333334,-0.4,1.3862943611198906,0.25,0.0
smoke,14,3,4,diversity_constrained,0,4,4.0,0.011506563166872541,1.0,1.0,0.15118009698799414,0.08770831477068634,0.0,0.75,0.9583333333333334,-0.4,1.3862943611198906,0.25,0.0
smoke,14,3,8,min_energy,7,8,8.0,-1.772894324545721,0.0,0.0,1.1407942262848738,1.9362386484597744,1.0,0.375,0.6666666666666667,0.2857142857142857,2.0794415416798357,0.125,1.0
smoke,14,3,8,calibrated_clipped,0,8,8.0,0.011506563166872541,1.0,1.0,0.15118009698799414,0.15183776074718092,1.0,0.375,0.6666666666666667,0.2857142857142857,2.0794415416798357,0.125,0.0
smoke,14,3,8,diversity_constrained,7,8,8.0,-1.772894324545721,0.0,0.0,1.1407942262848738,1.9362386484597744,1.0,0.375,0.6666666666666667,0.2857142857142857,2.0794415416798357,0.125,1.0
smoke,14,3,16,min_energy,7,16,16.0,-1.772894324545721,0.0,0.0,1.1407942262848738,1.9548515998325178,0.5,0.4375,0.5833333333333334,0.5647058823529412,2.772588722239781,0.0625,1.0
smoke,14,3,16,calibrated_clipped,8,16,16.0,-0.0028618028065792228,1.0,1.0,0.14569244377980384,0.18481907809337605,0.5,0.4375,0.5833333333333334,0.5647058823529412,2.772588722239781,0.0625,0.0
smoke,14,3,16,diversity_constrained,7,16,16.0,-1.772894324545721,0.0,0.0,1.1407942262848738,1.9548515998325178,0.5,0.4375,0.5833333333333334,0.5647058823529412,2.772588722239781,0.0625,1.0
smoke,14,3,32,min_energy,7,32,32.0,-1.772894324545721,0.0,0.0,1.1407942262848738,1.9525715160065302,0.5,0.46875,0.59375,0.6396627565982405,3.4657359027997265,0.03125,1.0
smoke,14,3,32,calibrated_clipped,8,32,32.0,-0.0028618028065792228,1.0,1.0,0.14569244377980384,0.18253899426738845,0.5,0.46875,0.59375,0.6396627565982405,3.4657359027997265,0.03125,0.0
smoke,14,3,32,diversity_constrained,7,32,32.0,-1.772894324545721,0.0,0.0,1.1407942262848738,1.9525715160065302,0.5,0.46875,0.59375,0.6396627565982405,3.4657359027997265,0.03125,1.0
smoke,14,3,64,min_energy,52,64,64.0,-2.055333333333334,0.16666666666666663,0.0,1.3500000000000003,2.1901556674777214,1.0,0.453125,0.578125,0.28003663003663004,4.137222233967175,0.015625,1.0
smoke,14,3,64,calibrated_clipped,16,64,64.0,-0.0614620291667913,1.0,1.0,0.15271696155297163,0.1962843633111789,1.0,0.453125,0.578125,0.28003663003663004,4.137222233967175,0.015625,0.0
smoke,14,3,64,diversity_constrained,52,64,64.0,-2.055333333333334,0.16666666666666663,0.0,1.3500000000000003,2.1901556674777214,1.0,0.453125,0.578125,0.28003663003663004,4.137222233967175,0.015625,1.0
smoke,14,3,128,min_energy,52,128,128.0,-2.055333333333334,0.16666666666666663,0.0,1.3500000000000003,2.2102127008290267,1.0,0.4375,0.5638020833333333,0.43475325032045414,4.830369414527117,0.0078125,1.0
smoke,14,3,128,calibrated_clipped,76,128,128.0,-0.05590411957498435,1.0,1.0,0.15133394198872088,0.2107834870706771,1.0,0.4375,0.5638020833333333,0.43475325032045414,4.830369414527117,0.0078125,0.0
smoke,14,3,128,diversity_constrained,52,128,128.0,-2.055333333333334,0.16666666666666663,0.0,1.3500000000000003,2.2102127008290267,1.0,0.4375,0.5638020833333333,0.43475325032045414,4.830369414527117,0.0078125,1.0
smoke,15,0,1,min_energy,0,1,1.0,0.12082010628287501,1.0,1.0,0.09904192281452913,0.0,0.0,1.0,1.0,0.0,-0.0,1.0,0.0
smoke,15,0,1,calibrated_clipped,0,1,1.0,0.12082010628287501,1.0,1.0,0.09904192281452913,0.0,0.0,1.0,1.0,0.0,-0.0,1.0,0.0
smoke,15,0,1,diversity_constrained,0,1,1.0,0.12082010628287501,1.0,1.0,0.09904192281452913,0.0,0.0,1.0,1.0,0.0,-0.0,1.0,0.0
smoke,15,0,2,min_energy,1,2,2.0,-0.07009170261160513,1.0,1.0,0.1733494899157508,0.09545590444724007,0.0,1.0,1.0,1.0,0.6931471805599453,0.5,0.0
smoke,15,0,2,calibrated_clipped,1,2,2.0,-0.07009170261160513,1.0,1.0,0.1733494899157508,0.09545590444724007,0.0,1.0,1.0,1.0,0.6931471805599453,0.5,0.0
smoke,15,0,2,diversity_constrained,1,2,2.0,-0.07009170261160513,1.0,1.0,0.1733494899157508,0.09545590444724007,0.0,1.0,1.0,1.0,0.6931471805599453,0.5,0.0
smoke,15,0,4,min_energy,3,4,4.0,-1.730119555649472,0.0,0.0,1.0870864735320345,1.755483757485107,1.0,0.5,0.5,0.4,1.3862943611198906,0.25,1.0
smoke,15,0,4,calibrated_clipped,1,4,4.0,-0.07009170261160513,1.0,1.0,0.1733494899157508,0.09545590444724007,1.0,0.5,0.5,0.4,1.3862943611198906,0.25,0.0
smoke,15,0,4,diversity_constrained,3,4,4.0,-1.730119555649472,0.0,0.0,1.0870864735320345,1.755483757485107,1.0,0.5,0.5,0.4,1.3862943611198906,0.25,1.0
smoke,15,0,8,min_energy,5,8,8.0,-1.7696175047251395,0.0,0.0,1.1408885920925431,1.8881290016120977,1.0,0.375,0.4791666666666667,0.07142857142857142,2.0794415416798357,0.125,1.0
smoke,15,0,8,calibrated_clipped,3,8,8.0,-1.730119555649472,0.0,0.0,1.0870864735320345,1.8486310525364302,1.0,0.375,0.4791666666666667,0.07142857142857142,2.0794415416798357,0.125,1.0
smoke,15,0,8,diversity_constrained,3,8,8.0,-1.730119555649472,0.0,0.0,1.0870864735320345,1.8486310525364302,1.0,0.375,0.4791666666666667,0.07142857142857142,2.0794415416798357,0.125,1.0
smoke,15,0,16,min_energy,11,16,16.0,-1.7773131746827315,0.0,0.0,1.1492534507420993,1.9409519674249451,1.0,0.3125,0.4166666666666667,0.25588235294117645,2.772588722239781,0.0625,1.0
smoke,15,0,16,calibrated_clipped,1,16,16.0,-0.07009170261160513,1.0,1.0,0.1733494899157508,0.23373049535381873,1.0,0.3125,0.4166666666666667,0.25588235294117645,2.772588722239781,0.0625,0.0
smoke,15,0,16,diversity_constrained,3,16,16.0,-1.730119555649472,0.0,0.0,1.0870864735320345,1.8937583483916856,1.0,0.3125,0.4166666666666667,0.25588235294117645,2.772588722239781,0.0625,1.0
smoke,15,0,32,min_energy,29,32,32.0,-2.0189923708721285,0.5,0.0,1.0749917074697042,2.138182324696707,1.0,0.34375,0.43229166666666674,0.2635630498533724,3.4657359027997265,0.03125,1.0
smoke,15,0,32,calibrated_clipped,29,32,32.0,-2.0189923708721285,0.5,0.0,1.0749917074697042,2.138182324696707,1.0,0.34375,0.43229166666666674,0.2635630498533724,3.4657359027997265,0.03125,1.0
smoke,15,0,32,diversity_constrained,29,32,32.0,-2.0189923708721285,0.5,0.0,1.0749917074697042,2.138182324696707,1.0,0.34375,0.43229166666666674,0.2635630498533724,3.4657359027997265,0.03125,1.0
smoke,15,0,64,min_energy,29,64,64.0,-2.0189923708721285,0.5,0.0,1.0749917074697042,2.205848894337103,1.0,0.359375,0.47916666666666674,0.4588369963369963,4.137222233967175,0.015625,1.0
smoke,15,0,64,calibrated_clipped,63,64,64.0,0.02388998638144894,1.0,1.0,0.12431444896471548,0.1629665370835258,1.0,0.359375,0.47916666666666674,0.4588369963369963,4.137222233967175,0.015625,0.0
smoke,15,0,64,diversity_constrained,29,64,64.0,-2.0189923708721285,0.5,0.0,1.0749917074697042,2.205848894337103,1.0,0.359375,0.47916666666666674,0.4588369963369963,4.137222233967175,0.015625,1.0
smoke,15,0,128,min_energy,29,128,128.0,-2.0189923708721285,0.5,0.0,1.0749917074697042,2.1479089529247903,1.0,0.3984375,0.5065104166666666,0.382044268449002,4.841199839223365,0.0078125,1.0
smoke,15,0,128,calibrated_clipped,90,128,128.0,-0.003528967743205989,1.0,1.0,0.13602562290874795,0.1324455497958677,1.0,0.3984375,0.5065104166666666,0.382044268449002,4.841199839223365,0.0078125,0.0
smoke,15,0,128,diversity_constrained,29,128,128.0,-2.0189923708721285,0.5,0.0,1.0749917074697042,2.1479089529247903,1.0,0.3984375,0.5065104166666666,0.382044268449002,4.841199839223365,0.0078125,1.0
smoke,15,1,1,min_energy,0,1,1.0,0.15686427047025842,1.0,1.0,0.08744220902582645,0.0,0.0,1.0,1.0,0.0,-0.0,1.0,0.0
smoke,15,1,1,calibrated_clipped,0,1,1.0,0.15686427047025842,1.0,1.0,0.08744220902582645,0.0,0.0,1.0,1.0,0.0,-0.0,1.0,0.0
smoke,15,1,1,diversity_constrained,0,1,1.0,0.15686427047025842,1.0,1.0,0.08744220902582645,0.0,0.0,1.0,1.0,0.0,-0.0,1.0,0.0
smoke,15,1,2,min_energy,0,2,2.0,0.15686427047025842,1.0,1.0,0.08744220902582645,0.24564686058341562,0.0,0.5,0.5,1.0,0.6931471805599453,0.5,0.0
smoke,15,1,2,calibrated_clipped,0,2,2.0,0.15686427047025842,1.0,1.0,0.08744220902582645,0.24564686058341562,0.0,0.5,0.5,1.0,0.6931471805599453,0.5,0.0
smoke,15,1,2,diversity_constrained,0,2,2.0,0.15686427047025842,1.0,1.0,0.08744220902582645,0.24564686058341562,0.0,0.5,0.5,1.0,0.6931471805599453,0.5,0.0
smoke,15,1,4,min_energy,0,4,4.0,0.15686427047025842,1.0,1.0,0.08744220902582645,0.2929784992036469,0.0,0.25,0.5,0.8,1.3862943611198906,0.25,0.0
smoke,15,1,4,calibrated_clipped,0,4,4.0,0.15686427047025842,1.0,1.0,0.08744220902582645,0.2929784992036469,0.0,0.25,0.5,0.8,1.3862943611198906,0.25,0.0
smoke,15,1,4,diversity_constrained,0,4,4.0,0.15686427047025842,1.0,1.0,0.08744220902582645,0.2929784992036469,0.0,0.25,0.5,0.8,1.3862943611198906,0.25,0.0
smoke,15,1,8,min_energy,7,8,8.0,-1.9520000000000008,0.0,0.0,1.3500000000000003,2.0544864131535276,1.0,0.375,0.5,0.09523809523809523,2.0794415416798357,0.125,1.0
smoke,15,1,8,calibrated_clipped,4,8,8.0,-1.7382926971551476,0.0,0.0,1.0989347498721953,1.8407791103086744,1.0,0.375,0.5,0.09523809523809523,2.0794415416798357,0.125,1.0
smoke,15,1,8,diversity_constrained,7,8,8.0,-1.9520000000000008,0.0,0.0,1.3500000000000003,2.0544864131535276,1.0,0.375,0.5,0.09523809523809523,2.0794415416798357,0.125,1.0
smoke,15,1,16,min_energy,7,16,16.0,-1.9520000000000008,0.0,0.0,1.3500000000000003,2.1376228220062647,1.0,0.375,0.5833333333333334,0.34705882352941175,2.772588722239781,0.0625,1.0
smoke,15,1,16,calibrated_clipped,5,16,16.0,0.04810855583679505,1.0,1.0,0.13683128425619073,0.1375142661694687,1.0,0.375,0.5833333333333334,0.34705882352941175,2.772588722239781,0.0625,0.0
smoke,15,1,16,diversity_constrained,7,16,16.0,-1.9520000000000008,0.0,0.0,1.3500000000000003,2.1376228220062647,1.0,0.375,0.5833333333333334,0.34705882352941175,2.772588722239781,0.0625,1.0
smoke,15,1,32,min_energy,7,32,32.0,-1.9520000000000008,0.0,0.0,1.3500000000000003,2.1773539627228895,0.75,0.3125,0.5260416666666667,0.5212609970674487,3.4657359027997265,0.03125,1.0
smoke,15,1,32,calibrated_clipped,25,32,32.0,0.044076489959190564,1.0,1.0,0.12028431298131802,0.18127747276369802,0.75,0.3125,0.5260416666666667,0.5212609970674487,3.4657359027997265,0.03125,0.0
smoke,15,1,32,diversity_constrained,7,32,32.0,-1.9520000000000008,0.0,0.0,1.3500000000000003,2.1773539627228895,0.75,0.3125,0.5260416666666667,0.5212609970674487,3.4657359027997265,0.03125,1.0
smoke,15,1,64,min_energy,35,64,64.0,-2.0055893160554317,0.16666666666666663,0.0,1.291780218373822,2.1978988943356894,1.0,0.328125,0.4973958333333333,0.4730311355311355,4.115561384574677,0.015625,1.0
smoke,15,1,64,calibrated_clipped,52,64,64.0,-0.02104181199331389,1.0,1.0,0.1412283484555429,0.2133513902735717,1.0,0.328125,0.4973958333333333,0.4730311355311355,4.115561384574677,0.015625,0.0
smoke,15,1,64,diversity_constrained,35,64,64.0,-2.0055893160554317,0.16666666666666663,0.0,1.291780218373822,2.1978988943356894,1.0,0.328125,0.4973958333333333,0.4730311355311355,4.115561384574677,0.015625,1.0
smoke,15,1,128,min_energy,35,128,128.0,-2.0055893160554317,0.16666666666666663,0.0,1.291780218373822,2.1978988943356894,1.0,0.3203125,0.48958333333333337,0.49220037538912287,4.8046206890114584,0.0078125,1.0
smoke,15,1,128,calibrated_clipped,42,128,128.0,0.04102159131572187,1.0,1.0,0.12024221983230761,0.15128798696453594,1.0,0.3203125,0.48958333333333337,0.49220037538912287,4.8046206890114584,0.0078125,0.0
smoke,15,1,128,diversity_constrained,69,128,128.0,-1.9841928943294092,0.33333333333333337,0.0,1.1459277178152334,2.176502472609667,1.0,0.3203125,0.48958333333333337,0.49220037538912287,4.8046206890114584,0.0078125,1.0
smoke,15,2,1,min_energy,0,1,1.0,-1.3257578321918682,0.16666666666666663,0.0,0.9263247651679123,0.0,1.0,0.0,0.16666666666666663,0.0,-0.0,1.0,1.0
smoke,15,2,1,calibrated_clipped,0,1,1.0,-1.3257578321918682,0.16666666666666663,0.0,0.9263247651679123,0.0,1.0,0.0,0.16666666666666663,0.0,-0.0,1.0,1.0
smoke,15,2,1,diversity_constrained,0,1,1.0,-1.3257578321918682,0.16666666666666663,0.0,0.9263247651679123,0.0,1.0,0.0,0.16666666666666663,0.0,-0.0,1.0,1.0
smoke,15,2,2,min_energy,0,2,2.0,-1.3257578321918682,0.16666666666666663,0.0,0.9263247651679123,1.0776793875036657,1.0,0.0,0.08333333333333331,1.0,0.6931471805599453,0.5,1.0
smoke,15,2,2,calibrated_clipped,0,2,2.0,-1.3257578321918682,0.16666666666666663,0.0,0.9263247651679123,1.0776793875036657,1.0,0.0,0.08333333333333331,1.0,0.6931471805599453,0.5,1.0
smoke,15,2,2,diversity_constrained,0,2,2.0,-1.3257578321918682,0.16666666666666663,0.0,0.9263247651679123,1.0776793875036657,1.0,0.0,0.08333333333333331,1.0,0.6931471805599453,0.5,1.0
smoke,15,2,4,min_energy,0,4,4.0,-1.3257578321918682,0.16666666666666663,0.0,0.9263247651679123,1.7984852220270415,1.0,0.25,0.29166666666666663,0.8,1.3862943611198906,0.25,1.0
smoke,15,2,4,calibrated_clipped,2,4,4.0,0.17341308435025743,1.0,1.0,0.08299192819649014,0.29931430548491594,1.0,0.25,0.29166666666666663,0.8,1.3862943611198906,0.25,0.0
smoke,15,2,4,diversity_constrained,0,4,4.0,-1.3257578321918682,0.16666666666666663,0.0,0.9263247651679123,1.7984852220270415,1.0,0.25,0.29166666666666663,0.8,1.3862943611198906,0.25,1.0
smoke,15,2,8,min_energy,4,8,8.0,-1.8291107677558347,0.16666666666666663,0.0,1.093236341763588,2.2360941894576163,1.0,0.25,0.29166666666666663,0.8095238095238095,2.0794415416798357,0.125,1.0
smoke,15,2,8,calibrated_clipped,5,8,8.0,-0.11008506757252419,1.0,1.0,0.16847095336393134,0.5170684892743056,1.0,0.25,0.29166666666666663,0.8095238095238095,2.0794415416798357,0.125,0.0
smoke,15,2,8,diversity_constrained,4,8,8.0,-1.8291107677558347,0.16666666666666663,0.0,1.093236341763588,2.2360941894576163,1.0,0.25,0.29166666666666663,0.8095238095238095,2.0794415416798357,0.125,1.0
smoke,15,2,16,min_energy,9,16,16.0,-1.952,0.0,0.0,1.3499999999999999,2.0657839204488138,1.0,0.4375,0.5104166666666666,0.45294117647058824,2.772588722239781,0.0625,1.0
smoke,15,2,16,calibrated_clipped,5,16,16.0,-0.11008506757252419,1.0,1.0,0.16847095336393134,0.22386898802133787,1.0,0.4375,0.5104166666666666,0.45294117647058824,2.772588722239781,0.0625,0.0
smoke,15,2,16,diversity_constrained,9,16,16.0,-1.952,0.0,0.0,1.3499999999999999,2.0657839204488138,1.0,0.4375,0.5104166666666666,0.45294117647058824,2.772588722239781,0.0625,1.0
smoke,15,2,32,min_energy,28,32,32.0,-1.9520000000000008,0.0,0.0,1.3500000000000003,2.0657839204488146,1.0,0.46875,0.5625,0.3218475073313783,3.4657359027997265,0.03125,1.0
smoke,15,2,32,calibrated_clipped,5,32,32.0,-0.11008506757252419,1.0,1.0,0.16847095336393134,0.22386898802133787,1.0,0.46875,0.5625,0.3218475073313783,3.4657359027997265,0.03125,0.0
smoke,15,2,32,diversity_constrained,27,32,32.0,-1.880646508016065,0.16666666666666663,0.0,1.1492534507420993,1.9944304284648786,1.0,0.46875,0.5625,0.3218475073313783,3.4657359027997265,0.03125,1.0
smoke,15,2,64,min_energy,28,64,64.0,-1.9520000000000008,0.0,0.0,1.3500000000000003,2.102280040410898,1.0,0.40625,0.5052083333333333,0.3587912087912088,4.115561384574677,0.03125,1.0
smoke,15,2,64,calibrated_clipped,35,64,64.0,-0.01856894673545513,1.0,1.0,0.15169938098443758,0.16884898714635227,1.0,0.40625,0.5052083333333333,0.3587912087912088,4.115561384574677,0.015625,0.0
smoke,15,2,64,diversity_constrained,27,64,64.0,-1.880646508016065,0.16666666666666663,0.0,1.1492534507420993,2.030926548426962,1.0,0.40625,0.5052083333333333,0.3587912087912088,4.115561384574677,0.015625,1.0
smoke,15,2,128,min_energy,89,128,128.0,-1.9865413881091112,0.33333333333333337,0.0,1.1520377406983089,2.139205610216028,1.0,0.390625,0.5078125,0.3845163431605933,4.8046206890114584,0.0078125,1.0
smoke,15,2,128,calibrated_clipped,35,128,128.0,-0.01856894673545513,1.0,1.0,0.15169938098443758,0.171233168842372,1.0,0.390625,0.5078125,0.3845163431605933,4.8046206890114584,0.0078125,0.0
smoke,15,2,128,diversity_constrained,89,128,128.0,-1.9865413881091112,0.33333333333333337,0.0,1.1520377406983089,2.139205610216028,1.0,0.390625,0.5078125,0.3845163431605933,4.8046206890114584,0.0078125,1.0
smoke,15,3,1,min_energy,0,1,1.0,0.024570678014598415,1.0,1.0,0.12626918141517765,0.0,0.0,1.0,1.0,0.0,-0.0,1.0,0.0
smoke,15,3,1,calibrated_clipped,0,1,1.0,0.024570678014598415,1.0,1.0,0.12626918141517765,0.0,0.0,1.0,1.0,0.0,-0.0,1.0,0.0
smoke,15,3,1,diversity_constrained,0,1,1.0,0.024570678014598415,1.0,1.0,0.12626918141517765,0.0,0.0,1.0,1.0,0.0,-0.0,1.0,0.0
smoke,15,3,2,min_energy,0,2,2.0,0.024570678014598415,1.0,1.0,0.12626918141517765,0.2647165051357439,0.0,0.5,0.5,1.0,0.6931471805599453,0.5,0.0
smoke,15,3,2,calibrated_clipped,0,2,2.0,0.024570678014598415,1.0,1.0,0.12626918141517765,0.2647165051357439,0.0,0.5,0.5,1.0,0.6931471805599453,0.5,0.0
smoke,15,3,2,diversity_constrained,0,2,2.0,0.024570678014598415,1.0,1.0,0.12626918141517765,0.2647165051357439,0.0,0.5,0.5,1.0,0.6931471805599453,0.5,0.0
smoke,15,3,4,min_energy,0,4,4.0,0.024570678014598415,1.0,1.0,0.12626918141517765,0.36080294722956113,0.0,0.5,0.5,0.6,1.3862943611198906,0.25,0.0
smoke,15,3,4,calibrated_clipped,0,4,4.0,0.024570678014598415,1.0,1.0,0.12626918141517765,0.36080294722956113,0.0,0.5,0.5,0.6,1.3862943611198906,0.25,0.0
smoke,15,3,4,diversity_constrained,0,4,4.0,0.024570678014598415,1.0,1.0,0.12626918141517765,0.36080294722956113,0.0,0.5,0.5,0.6,1.3862943611198906,0.25,0.0
smoke,15,3,8,min_energy,0,8,8.0,0.024570678014598415,1.0,1.0,0.12626918141517765,0.3912852629732559,0.0,0.25,0.4375,0.8571428571428571,2.0794415416798357,0.125,0.0
smoke,15,3,8,calibrated_clipped,0,8,8.0,0.024570678014598415,1.0,1.0,0.12626918141517765,0.3912852629732559,0.0,0.25,0.4375,0.8571428571428571,2.0794415416798357,0.125,0.0
smoke,15,3,8,diversity_constrained,0,8,8.0,0.024570678014598415,1.0,1.0,0.12626918141517765,0.3912852629732559,0.0,0.25,0.4375,0.8571428571428571,2.0794415416798357,0.125,0.0
smoke,15,3,16,min_energy,13,16,16.0,-1.7574847439626808,0.0,0.0,1.1277008086550873,1.963031001966912,1.0,0.25,0.4166666666666667,0.6029411764705882,2.772588722239781,0.0625,1.0
smoke,15,3,16,calibrated_clipped,0,16,16.0,0.024570678014598415,1.0,1.0,0.12626918141517765,0.18097557998963273,1.0,0.25,0.4166666666666667,0.6029411764705882,2.772588722239781,0.0625,0.0
smoke,15,3,16,diversity_constrained,15,16,16.0,-1.7432958666239207,0.0,0.0,1.1043729775556443,1.9488421246281518,1.0,0.25,0.4166666666666667,0.6029411764705882,2.772588722239781,0.0625,1.0
smoke,15,3,32,min_energy,25,32,32.0,-1.9796907534374468,0.33333333333333337,0.0,1.1445913986638911,2.1628410184581126,1.0,0.3125,0.484375,0.36986803519061584,3.4657359027997265,0.03125,1.0
smoke,15,3,32,calibrated_clipped,0,32,32.0,0.024570678014598415,1.0,1.0,0.12626918141517765,0.15857958700606753,1.0,0.3125,0.484375,0.36986803519061584,3.4657359027997265,0.03125,0.0
smoke,15,3,32,diversity_constrained,25,32,32.0,-1.9796907534374468,0.33333333333333337,0.0,1.1445913986638911,2.1628410184581126,1.0,0.3125,0.484375,0.36986803519061584,3.4657359027997265,0.03125,1.0
smoke,15,3,64,min_energy,25,64,64.0,-1.9796907534374468,0.33333333333333337,0.0,1.1445913986638911,2.1900480358268988,1.0,0.34375,0.4791666666666667,0.5877747252747253,4.1588830833596715,0.015625,1.0
smoke,15,3,64,calibrated_clipped,0,64,64.0,0.024570678014598415,1.0,1.0,0.12626918141517765,0.18578660437485353,1.0,0.34375,0.4791666666666667,0.5877747252747253,4.1588830833596715,0.015625,0.0
smoke,15,3,64,diversity_constrained,25,64,64.0,-1.9796907534374468,0.33333333333333337,0.0,1.1445913986638911,2.1900480358268988,1.0,0.34375,0.4791666666666667,0.5877747252747253,4.1588830833596715,0.015625,1.0
smoke,15,3,128,min_energy,100,128,128.0,-2.055333333333334,0.16666666666666663,0.0,1.3500000000000003,2.193811534081006,1.0,0.3984375,0.54296875,0.4327561344076177,4.808708565134619,0.0078125,1.0
smoke,15,3,128,calibrated_clipped,63,128,128.0,-0.003612023109786206,1.0,1.0,0.14428246788120705,0.14209022385745793,1.0,0.3984375,0.54296875,0.4327561344076177,4.808708565134619,0.0078125,0.0
smoke,15,3,128,diversity_constrained,109,128,128.0,-1.9572818921972697,0.33333333333333337,0.0,1.1093643755767424,2.0957600929449414,1.0,0.3984375,0.54296875,0.4327561344076177,4.808708565134619,0.0078125,1.0
smoke,16,0,1,min_energy,0,1,1.0,0.7682195152191115,0.0,0.0,0.09623509475697227,0.0,1.0,0.0,0.0,0.0,-0.0,1.0,0.0
smoke,16,0,1,calibrated_clipped,0,1,1.0,0.7682195152191115,0.0,0.0,0.09623509475697227,0.0,1.0,0.0,0.0,0.0,-0.0,1.0,0.0
smoke,16,0,1,diversity_constrained,0,1,1.0,0.7682195152191115,0.0,0.0,0.09623509475697227,0.0,1.0,0.0,0.0,0.0,-0.0,1.0,0.0
smoke,16,0,2,min_energy,1,2,2.0,0.1514703915882446,1.0,1.0,0.08564006792986585,0.30837456181543343,0.0,0.5,0.5,1.0,0.6931471805599453,0.5,0.0
smoke,16,0,2,calibrated_clipped,1,2,2.0,0.1514703915882446,1.0,1.0,0.08564006792986585,0.30837456181543343,0.0,0.5,0.5,1.0,0.6931471805599453,0.5,0.0
smoke,16,0,2,diversity_constrained,1,2,2.0,0.1514703915882446,1.0,1.0,0.08564006792986585,0.30837456181543343,0.0,0.5,0.5,1.0,0.6931471805599453,0.5,0.0
smoke,16,0,4,min_energy,2,4,4.0,0.028072891964093127,1.0,1.0,0.13170615423907597,0.3610533791909792,0.0,0.5,0.5416666666666666,1.0,1.3862943611198906,0.25,0.0
smoke,16,0,4,calibrated_clipped,2,4,4.0,0.028072891964093127,1.0,1.0,0.13170615423907597,0.3610533791909792,0.0,0.5,0.5416666666666666,1.0,1.3862943611198906,0.25,0.0
smoke,16,0,4,diversity_constrained,2,4,4.0,0.028072891964093127,1.0,1.0,0.13170615423907597,0.3610533791909792,0.0,0.5,0.5416666666666666,1.0,1.3862943611198906,0.25,0.0
smoke,16,0,8,min_energy,2,8,8.0,0.028072891964093127,1.0,1.0,0.13170615423907597,0.5434802291599936,0.0,0.25,0.3958333333333333,0.9523809523809523,2.0794415416798357,0.125,0.0
smoke,16,0,8,calibrated_clipped,2,8,8.0,0.028072891964093127,1.0,1.0,0.13170615423907597,0.5434802291599936,0.0,0.25,0.3958333333333333,0.9523809523809523,2.0794415416798357,0.125,0.0
smoke,16,0,8,diversity_constrained,2,8,8.0,0.028072891964093127,1.0,1.0,0.13170615423907597,0.5434802291599936,0.0,0.25,0.3958333333333333,0.9523809523809523,2.0794415416798357,0.125,0.0
smoke,16,0,16,min_energy,8,16,16.0,-1.5100383989164392,0.16666666666666663,0.0,1.0000973403501126,1.705461746318302,0.5,0.375,0.5208333333333333,0.7735294117647059,2.772588722239781,0.0625,1.0
smoke,16,0,16,calibrated_clipped,15,16,16.0,0.06263128901825088,1.0,1.0,0.12012147603833233,0.1327920583836119,0.5,0.375,0.5208333333333333,0.7735294117647059,2.772588722239781,0.0625,0.0
smoke,16,0,16,diversity_constrained,8,16,16.0,-1.5100383989164392,0.16666666666666663,0.0,1.0000973403501126,1.705461746318302,0.5,0.375,0.5208333333333333,0.7735294117647059,2.772588722239781,0.0625,1.0
smoke,16,0,32,min_energy,17,32,32.0,-1.7574847439626808,0.0,0.0,1.1277008086550873,1.895126685170106,1.0,0.5,0.6510416666666667,0.28079178885630496,3.4657359027997265,0.03125,1.0
smoke,16,0,32,calibrated_clipped,10,32,32.0,0.004966763233175173,1.0,1.0,0.12856923887478738,0.13267517797425005,1.0,0.5,0.6510416666666667,0.28079178885630496,3.4657359027997265,0.03125,0.0
smoke,16,0,32,diversity_constrained,20,32,32.0,-1.7484462213720935,0.0,0.0,1.1124415449696665,1.8860881625795187,1.0,0.5,0.6510416666666667,0.28079178885630496,3.4657359027997265,0.03125,1.0
smoke,16,0,64,min_energy,49,64,64.0,-1.789333074085593,0.0,0.0,1.162318558788688,1.9393897056939917,0.7142857142857143,0.46875,0.6197916666666667,0.549908424908425,4.1588830833596715,0.015625,1.0
smoke,16,0,64,calibrated_clipped,10,64,64.0,0.004966763233175173,1.0,1.0,0.12856923887478738,0.14508986837522347,0.7142857142857143,0.46875,0.6197916666666667,0.549908424908425,4.1588830833596715,0.015625,0.0
smoke,16,0,64,diversity_constrained,20,64,64.0,-1.7484462213720935,0.0,0.0,1.1124415449696665,1.8985028529804922,0.7142857142857143,0.46875,0.6197916666666667,0.549908424908425,4.1588830833596715,0.015625,1.0
smoke,16,0,128,min_energy,78,128,128.0,-1.9520000000000008,0.0,0.0,1.3500000000000003,2.0987812440571463,0.9230769230769231,0.4609375,0.6015625,0.4305644570591467,4.8195389898308685,0.0078125,1.0
smoke,16,0,128,calibrated_clipped,10,128,128.0,0.004966763233175173,1.0,1.0,0.12856923887478738,0.14181448082397047,0.9230769230769231,0.4609375,0.6015625,0.4305644570591467,4.8195389898308685,0.0078125,0.0
smoke,16,0,128,diversity_constrained,74,128,128.0,-1.9424603737636401,0.16666666666666663,0.0,1.2127863087681194,2.0892416178207855,0.9230769230769231,0.4609375,0.6015625,0.4305644570591467,4.8195389898308685,0.0078125,1.0
smoke,16,1,1,min_energy,0,1,1.0,0.6702014636918403,0.0,0.0,0.11398373973578774,0.0,1.0,0.0,0.0,0.0,-0.0,1.0,0.0
smoke,16,1,1,calibrated_clipped,0,1,1.0,0.6702014636918403,0.0,0.0,0.11398373973578774,0.0,1.0,0.0,0.0,0.0,-0.0,1.0,0.0
smoke,16,1,1,diversity_constrained,0,1,1.0,0.6702014636918403,0.0,0.0,0.11398373973578774,0.0,1.0,0.0,0.0,0.0,-0.0,1.0,0.0
smoke,16,1,2,min_energy,1,2,2.0,0.15624226148045006,1.0,1.0,0.08823306251345177,0.2569796011056951,0.0,0.5,0.5,1.0,0.6931471805599453,0.5,0.0
smoke,16,1,2,calibrated_clipped,1,2,2.0,0.15624226148045006,1.0,1.0,0.08823306251345177,0.2569796011056951,0.0,0.5,0.5,1.0,0.6931471805599453,0.5,0.0
smoke,16,1,2,diversity_constrained,1,2,2.0,0.15624226148045006,1.0,1.0,0.08823306251345177,0.2569796011056951,0.0,0.5,0.5,1.0,0.6931471805599453,0.5,0.0
smoke,16,1,4,min_energy,3,4,4.0,-0.036117320133573605,1.0,1.0,0.1629138234692742,0.21198821964790973,0.0,0.75,0.75,0.8,1.3862943611198906,0.25,0.0
smoke,16,1,4,calibrated_clipped,3,4,4.0,-0.036117320133573605,1.0,1.0,0.1629138234692742,0.21198821964790973,0.0,0.75,0.75,0.8,1.3862943611198906,0.25,0.0
smoke,16,1,4,diversity_constrained,3,4,4.0,-0.036117320133573605,1.0,1.0,0.1629138234692742,0.21198821964790973,0.0,0.75,0.75,0.8,1.3862943611198906,0.25,0.0
smoke,16,1,8,min_energy,3,8,8.0,-0.036117320133573605,1.0,1.0,0.1629138234692742,0.3181028777988493,0.0,0.375,0.4791666666666667,0.8809523809523809,2.0794415416798357,0.125,0.0
smoke,16,1,8,calibrated_clipped,1,8,8.0,0.15624226148045006,1.0,1.0,0.08823306251345177,0.12574329618482566,0.0,0.375,0.4791666666666667,0.8809523809523809,2.0794415416798357,0.125,0.0
smoke,16,1,8,diversity_constrained,3,8,8.0,-0.036117320133573605,1.0,1.0,0.1629138234692742,0.3181028777988493,0.0,0.375,0.4791666666666667,0.8809523809523809,2.0794415416798357,0.125,0.0
smoke,16,1,16,min_energy,10,16,16.0,-1.7319240458647067,0.0,0.0,1.0910241605248785,1.911978533482856,0.5,0.375,0.53125,0.7,2.772588722239781,0.0625,1.0
smoke,16,1,16,calibrated_clipped,8,16,16.0,0.038626676170691196,1.0,1.0,0.12866288914106755,0.14142781144745808,0.5,0.375,0.53125,0.7,2.772588722239781,0.0625,0.0
smoke,16,1,16,diversity_constrained,10,16,16.0,-1.7319240458647067,0.0,0.0,1.0910241605248785,1.911978533482856,0.5,0.375,0.53125,0.7,2.772588722239781,0.0625,1.0
smoke,16,1,32,min_energy,18,32,32.0,-1.8926664074189266,0.16666666666666663,0.0,1.162318558788688,2.0469390014212463,1.0,0.40625,0.5572916666666667,0.38269794721407624,3.4657359027997265,0.03125,1.0
smoke,16,1,32,calibrated_clipped,3,32,32.0,-0.036117320133573605,1.0,1.0,0.1629138234692742,0.19038991413589323,1.0,0.40625,0.5572916666666667,0.38269794721407624,3.4657359027997265,0.03125,0.0
smoke,16,1,32,diversity_constrained,18,32,32.0,-1.8926664074189266,0.16666666666666663,0.0,1.162318558788688,2.0469390014212463,1.0,0.40625,0.5572916666666667,0.38269794721407624,3.4657359027997265,0.03125,1.0
smoke,16,1,64,min_energy,18,64,64.0,-1.8926664074189266,0.16666666666666663,0.0,1.162318558788688,2.0469390014212463,1.0,0.421875,0.5234375,0.5380494505494505,4.1588830833596715,0.015625,1.0
smoke,16,1,64,calibrated_clipped,38,64,64.0,-0.012545664972630903,1.0,1.0,0.13936710974023822,0.16681825897495053,1.0,0.421875,0.5234375,0.5380494505494505,4.1588830833596715,0.015625,0.0
smoke,16,1,64,diversity_constrained,18,64,64.0,-1.8926664074189266,0.16666666666666663,0.0,1.162318558788688,2.0469390014212463,1.0,0.421875,0.5234375,0.5380494505494505,4.1588830833596715,0.015625,1.0
smoke,16,1,128,min_energy,109,128,128.0,-1.9520000000000008,0.0,0.0,1.3500000000000003,2.1053787418041505,1.0,0.4296875,0.5651041666666667,0.5142029848013184,4.852030263919617,0.0078125,1.0
smoke,16,1,128,calibrated_clipped,80,128,128.0,-0.011377243813813769,1.0,1.0,0.1373695545727779,0.1647559856179633,1.0,0.4296875,0.5651041666666667,0.5142029848013184,4.852030263919617,0.0078125,0.0
smoke,16,1,128,diversity_constrained,102,128,128.0,-1.8334528889828055,0.16666666666666663,0.0,1.0870864735320345,1.986831630786955,1.0,0.4296875,0.5651041666666667,0.5142029848013184,4.852030263919617,0.0078125,1.0
smoke,16,2,1,min_energy,0,1,1.0,0.7093772434653196,0.0,0.0,0.11623927350034687,0.0,1.0,0.0,0.0,0.0,-0.0,1.0,0.0
smoke,16,2,1,calibrated_clipped,0,1,1.0,0.7093772434653196,0.0,0.0,0.11623927350034687,0.0,1.0,0.0,0.0,0.0,-0.0,1.0,0.0
smoke,16,2,1,diversity_constrained,0,1,1.0,0.7093772434653196,0.0,0.0,0.11623927350034687,0.0,1.0,0.0,0.0,0.0,-0.0,1.0,0.0
smoke,16,2,2,min_energy,1,2,2.0,0.21716084134507635,0.16666666666666663,0.0,0.2854469550036806,0.2461082010601216,1.0,0.0,0.08333333333333331,1.0,0.6931471805599453,0.5,0.0
smoke,16,2,2,calibrated_clipped,1,2,2.0,0.21716084134507635,0.16666666666666663,0.0,0.2854469550036806,0.2461082010601216,1.0,0.0,0.08333333333333331,1.0,0.6931471805599453,0.5,0.0
smoke,16,2,2,diversity_constrained,1,2,2.0,0.21716084134507635,0.16666666666666663,0.0,0.2854469550036806,0.2461082010601216,1.0,0.0,0.08333333333333331,1.0,0.6931471805599453,0.5,0.0
smoke,16,2,4,min_energy,3,4,4.0,0.1399044947711022,1.0,1.0,0.11191743986987153,0.3233645476340957,0.0,0.25,0.29166666666666663,0.8,1.3862943611198906,0.25,0.0
smoke,16,2,4,calibrated_clipped,3,4,4.0,0.1399044947711022,1.0,1.0,0.11191743986987153,0.3233645476340957,0.0,0.25,0.29166666666666663,0.8,1.3862943611198906,0.25,0.0
smoke,16,2,4,diversity_constrained,3,4,4.0,0.1399044947711022,1.0,1.0,0.11191743986987153,0.3233645476340957,0.0,0.25,0.29166666666666663,0.8,1.3862943611198906,0.25,0.0
smoke,16,2,8,min_energy,3,8,8.0,0.1399044947711022,1.0,1.0,0.11191743986987153,0.5019070991421556,0.0,0.25,0.2708333333333333,0.8571428571428571,2.0794415416798357,0.125,0.0
smoke,16,2,8,calibrated_clipped,3,8,8.0,0.1399044947711022,1.0,1.0,0.11191743986987153,0.5019070991421556,0.0,0.25,0.2708333333333333,0.8571428571428571,2.0794415416798357,0.125,0.0
smoke,16,2,8,diversity_constrained,3,8,8.0,0.1399044947711022,1.0,1.0,0.11191743986987153,0.5019070991421556,0.0,0.25,0.2708333333333333,0.8571428571428571,2.0794415416798357,0.125,0.0
smoke,16,2,16,min_energy,11,16,16.0,-1.9520000000000008,0.0,0.0,1.3500000000000003,2.149320543057961,0.5,0.3125,0.4791666666666667,0.7558823529411764,2.772588722239781,0.0625,1.0
smoke,16,2,16,calibrated_clipped,10,16,16.0,0.054350148582259936,1.0,1.0,0.1281661137320029,0.14297039447570026,0.5,0.3125,0.4791666666666667,0.7558823529411764,2.772588722239781,0.0625,0.0
smoke,16,2,16,diversity_constrained,11,16,16.0,-1.9520000000000008,0.0,0.0,1.3500000000000003,2.149320543057961,0.5,0.3125,0.4791666666666667,0.7558823529411764,2.772588722239781,0.0625,1.0
smoke,16,2,32,min_energy,11,32,32.0,-1.9520000000000008,0.0,0.0,1.3500000000000003,2.0900033226830375,0.75,0.375,0.5208333333333334,0.5234604105571847,3.4657359027997265,0.03125,1.0
smoke,16,2,32,calibrated_clipped,28,32,32.0,0.04735906509453733,1.0,1.0,0.12000763769784877,0.09064425758849937,0.75,0.375,0.5208333333333334,0.5234604105571847,3.4657359027997265,0.03125,0.0
smoke,16,2,32,diversity_constrained,11,32,32.0,-1.9520000000000008,0.0,0.0,1.3500000000000003,2.0900033226830375,0.75,0.375,0.5208333333333334,0.5234604105571847,3.4657359027997265,0.03125,1.0
smoke,16,2,64,min_energy,11,64,64.0,-1.9520000000000008,0.0,0.0,1.3500000000000003,2.0842465594692703,1.0,0.359375,0.5104166666666666,0.2972985347985348,4.137222233967175,0.03125,1.0
smoke,16,2,64,calibrated_clipped,15,64,64.0,-0.018092513307197668,1.0,1.0,0.14805452516622528,0.15033907277646713,1.0,0.359375,0.5104166666666666,0.2972985347985348,4.137222233967175,0.015625,0.0
smoke,16,2,64,diversity_constrained,48,64,64.0,-1.9179533682060363,0.16666666666666663,0.0,1.186247073478234,2.050199927675306,1.0,0.359375,0.5104166666666666,0.2972985347985348,4.137222233967175,0.015625,1.0
smoke,16,2,128,min_energy,11,128,128.0,-1.9520000000000008,0.0,0.0,1.3500000000000003,2.105418276276921,1.0,0.3828125,0.5325520833333333,0.4036463101995971,4.8195389898308685,0.015625,1.0
smoke,16,2,128,calibrated_clipped,120,128,128.0,0.017189863337674367,1.0,1.0,0.12661744277548712,0.13622841293924573,1.0,0.3828125,0.5325520833333333,0.4036463101995971,4.8195389898308685,0.0078125,0.0
smoke,16,2,128,diversity_constrained,48,128,128.0,-1.9179533682060363,0.16666666666666663,0.0,1.186247073478234,2.0713716444829564,1.0,0.3828125,0.5325520833333333,0.4036463101995971,4.8195389898308685,0.0078125,1.0
smoke,16,3,1,min_energy,0,1,1.0,0.06035101053647469,0.8333333333333334,0.0,0.16977299393568845,0.0,1.0,0.0,0.8333333333333334,0.0,-0.0,1.0,0.0
smoke,16,3,1,calibrated_clipped,0,1,1.0,0.06035101053647469,0.8333333333333334,0.0,0.16977299393568845,0.0,1.0,0.0,0.8333333333333334,0.0,-0.0,1.0,0.0
smoke,16,3,1,diversity_constrained,0,1,1.0,0.06035101053647469,0.8333333333333334,0.0,0.16977299393568845,0.0,1.0,0.0,0.8333333333333334,0.0,-0.0,1.0,0.0
smoke,16,3,2,min_energy,1,2,2.0,-1.8995470852106284,0.16666666666666663,0.0,1.1661414299061503,0.9799490478735515,1.0,0.0,0.5,-1.0,0.6931471805599453,0.5,1.0
smoke,16,3,2,calibrated_clipped,1,2,2.0,-1.8995470852106284,0.16666666666666663,0.0,1.1661414299061503,0.9799490478735515,1.0,0.0,0.5,-1.0,0.6931471805599453,0.5,1.0
smoke,16,3,2,diversity_constrained,1,2,2.0,-1.8995470852106284,0.16666666666666663,0.0,1.1661414299061503,0.9799490478735515,1.0,0.0,0.5,-1.0,0.6931471805599453,0.5,1.0
smoke,16,3,4,min_energy,1,4,4.0,-1.8995470852106284,0.16666666666666663,0.0,1.1661414299061503,2.035956952094401,1.0,0.0,0.625,-0.4,1.3862943611198906,0.25,1.0
smoke,16,3,4,calibrated_clipped,0,4,4.0,0.06035101053647469,0.8333333333333334,0.0,0.16977299393568845,0.07605885634729825,1.0,0.0,0.625,-0.4,1.3862943611198906,0.25,0.0
smoke,16,3,4,diversity_constrained,1,4,4.0,-1.8995470852106284,0.16666666666666663,0.0,1.1661414299061503,2.035956952094401,1.0,0.0,0.625,-0.4,1.3862943611198906,0.25,1.0
smoke,16,3,8,min_energy,1,8,8.0,-1.8995470852106284,0.16666666666666663,0.0,1.1661414299061503,2.35647012443187,1.0,0.0,0.3333333333333333,0.7142857142857143,2.0794415416798357,0.125,1.0
smoke,16,3,8,calibrated_clipped,0,8,8.0,0.06035101053647469,0.8333333333333334,0.0,0.16977299393568845,0.396572028684767,1.0,0.0,0.3333333333333333,0.7142857142857143,2.0794415416798357,0.125,0.0
smoke,16,3,8,diversity_constrained,1,8,8.0,-1.8995470852106284,0.16666666666666663,0.0,1.1661414299061503,2.35647012443187,1.0,0.0,0.3333333333333333,0.7142857142857143,2.0794415416798357,0.125,1.0
smoke,16,3,16,min_energy,1,16,16.0,-1.8995470852106284,0.16666666666666663,0.0,1.1661414299061503,2.300696878862547,1.0,0.1875,0.375,0.6441176470588236,2.772588722239781,0.0625,1.0
smoke,16,3,16,calibrated_clipped,12,16,16.0,0.06350783087823435,1.0,1.0,0.11496501439267394,0.33764196277368436,1.0,0.1875,0.375,0.6441176470588236,2.772588722239781,0.0625,0.0
smoke,16,3,16,diversity_constrained,1,16,16.0,-1.8995470852106284,0.16666666666666663,0.0,1.1661414299061503,2.300696878862547,1.0,0.1875,0.375,0.6441176470588236,2.772588722239781,0.0625,1.0
smoke,16,3,32,min_energy,1,32,32.0,-1.8995470852106284,0.16666666666666663,0.0,1.1661414299061503,2.025778072495904,1.0,0.375,0.4947916666666667,0.249633431085044,3.4657359027997265,0.03125,1.0
smoke,16,3,32,calibrated_clipped,16,32,32.0,-0.12137068867019055,1.0,1.0,0.20160548269322667,0.24760167595546576,1.0,0.375,0.4947916666666667,0.249633431085044,3.4657359027997265,0.03125,0.0
smoke,16,3,32,diversity_constrained,1,32,32.0,-1.8995470852106284,0.16666666666666663,0.0,1.1661414299061503,2.025778072495904,1.0,0.375,0.4947916666666667,0.249633431085044,3.4657359027997265,0.03125,1.0
smoke,16,3,64,min_energy,1,64,64.0,-1.8995470852106284,0.16666666666666663,0.0,1.1661414299061503,2.004611654428904,1.0,0.359375,0.49739583333333337,0.10531135531135531,4.137222233967175,0.015625,1.0
smoke,16,3,64,calibrated_clipped,16,64,64.0,-0.12137068867019055,1.0,1.0,0.20160548269322667,0.22643525788846613,1.0,0.359375,0.49739583333333337,0.10531135531135531,4.137222233967175,0.015625,0.0
smoke,16,3,64,diversity_constrained,1,64,64.0,-1.8995470852106284,0.16666666666666663,0.0,1.1661414299061503,2.004611654428904,1.0,0.359375,0.49739583333333337,0.10531135531135531,4.137222233967175,0.015625,1.0
smoke,16,3,128,min_energy,78,128,128.0,-1.9520000000000008,0.0,0.0,1.3500000000000003,2.0817039161883684,1.0,0.3515625,0.50390625,0.3017533418787768,4.841199839223365,0.0078125,1.0
smoke,16,3,128,calibrated_clipped,76,128,128.0,-0.10706108041714732,1.0,1.0,0.1896112215188308,0.23676499660551478,1.0,0.3515625,0.50390625,0.3017533418787768,4.841199839223365,0.0078125,0.0
smoke,16,3,128,diversity_constrained,1,128,128.0,-1.8995470852106284,0.16666666666666663,0.0,1.1661414299061503,2.029251001398996,1.0,0.3515625,0.50390625,0.3017533418787768,4.841199839223365,0.0078125,1.0
smoke,17,0,1,min_energy,0,1,1.0,0.23489550832517006,0.8333333333333334,0.0,0.09889603122727829,0.0,1.0,0.0,0.8333333333333334,0.0,-0.0,1.0,0.0
smoke,17,0,1,calibrated_clipped,0,1,1.0,0.23489550832517006,0.8333333333333334,0.0,0.09889603122727829,0.0,1.0,0.0,0.8333333333333334,0.0,-0.0,1.0,0.0
smoke,17,0,1,diversity_constrained,0,1,1.0,0.23489550832517006,0.8333333333333334,0.0,0.09889603122727829,0.0,1.0,0.0,0.8333333333333334,0.0,-0.0,1.0,0.0
smoke,17,0,2,min_energy,0,2,2.0,0.23489550832517006,0.8333333333333334,0.0,0.09889603122727829,0.15548703408377565,1.0,0.0,0.4166666666666667,1.0,0.6931471805599453,0.5,0.0
smoke,17,0,2,calibrated_clipped,0,2,2.0,0.23489550832517006,0.8333333333333334,0.0,0.09889603122727829,0.15548703408377565,1.0,0.0,0.4166666666666667,1.0,0.6931471805599453,0.5,0.0
smoke,17,0,2,diversity_constrained,0,2,2.0,0.23489550832517006,0.8333333333333334,0.0,0.09889603122727829,0.15548703408377565,1.0,0.0,0.4166666666666667,1.0,0.6931471805599453,0.5,0.0
smoke,17,0,4,min_energy,2,4,4.0,-1.8471468890949252,0.16666666666666663,0.0,1.1019712562625996,2.0302644388794686,1.0,0.25,0.5,0.4,1.3862943611198906,0.25,1.0
smoke,17,0,4,calibrated_clipped,3,4,4.0,0.1313395912439166,1.0,1.0,0.0928318455458144,0.05177795854062672,1.0,0.25,0.5,0.4,1.3862943611198906,0.25,0.0
smoke,17,0,4,diversity_constrained,2,4,4.0,-1.8471468890949252,0.16666666666666663,0.0,1.1019712562625996,2.0302644388794686,1.0,0.25,0.5,0.4,1.3862943611198906,0.25,1.0
smoke,17,0,8,min_energy,2,8,8.0,-1.8471468890949252,0.16666666666666663,0.0,1.1019712562625996,2.0302644388794686,1.0,0.25,0.41666666666666663,0.23809523809523808,2.0794415416798357,0.125,1.0
smoke,17,0,8,calibrated_clipped,4,8,8.0,-1.3293464182961434,0.16666666666666663,0.0,0.9250496542760639,1.5124639680806866,1.0,0.25,0.41666666666666663,0.23809523809523808,2.0794415416798357,0.125,1.0
smoke,17,0,8,diversity_constrained,2,8,8.0,-1.8471468890949252,0.16666666666666663,0.0,1.1019712562625996,2.0302644388794686,1.0,0.25,0.41666666666666663,0.23809523809523808,2.0794415416798357,0.125,1.0
smoke,17,0,16,min_energy,2,16,16.0,-1.8471468890949252,0.16666666666666663,0.0,1.1019712562625996,1.9769094133074567,1.0,0.375,0.4583333333333333,0.27647058823529413,2.772588722239781,0.0625,1.0
smoke,17,0,16,calibrated_clipped,4,16,16.0,-1.3293464182961434,0.16666666666666663,0.0,0.9250496542760639,1.459108942508675,1.0,0.375,0.4583333333333333,0.27647058823529413,2.772588722239781,0.0625,1.0
smoke,17,0,16,diversity_constrained,2,16,16.0,-1.8471468890949252,0.16666666666666663,0.0,1.1019712562625996,1.9769094133074567,1.0,0.375,0.4583333333333333,0.27647058823529413,2.772588722239781,0.0625,1.0
smoke,17,0,32,min_energy,2,32,32.0,-1.8471468890949252,0.16666666666666663,0.0,1.1019712562625996,1.991319111063895,1.0,0.3125,0.4427083333333333,0.20491202346041057,3.4657359027997265,0.03125,1.0
smoke,17,0,32,calibrated_clipped,4,32,32.0,-1.3293464182961434,0.16666666666666663,0.0,0.9250496542760639,1.4735186402651133,1.0,0.3125,0.4427083333333333,0.20491202346041057,3.4657359027997265,0.03125,1.0
smoke,17,0,32,diversity_constrained,2,32,32.0,-1.8471468890949252,0.16666666666666663,0.0,1.1019712562625996,1.991319111063895,1.0,0.3125,0.4427083333333333,0.20491202346041057,3.4657359027997265,0.03125,1.0
smoke,17,0,64,min_energy,55,64,64.0,-1.9278008136356737,0.16666666666666663,0.0,1.200508130763413,2.08216800221111,1.0,0.3125,0.4453125,0.24111721611721612,4.0857247829358565,0.015625,1.0
smoke,17,0,64,calibrated_clipped,26,64,64.0,-1.3674967115943517,0.16666666666666663,0.0,0.9353089905592195,1.5218639001697882,1.0,0.3125,0.4453125,0.24111721611721612,4.0857247829358565,0.015625,1.0
smoke,17,0,64,diversity_constrained,2,64,64.0,-1.8471468890949252,0.16666666666666663,0.0,1.1019712562625996,2.001514077670362,1.0,0.3125,0.4453125,0.24111721611721612,4.0857247829358565,0.015625,1.0
smoke,17,0,128,min_energy,55,128,128.0,-1.9278008136356737,0.16666666666666663,0.0,1.200508130763413,2.0613854600159334,1.0,0.3671875,0.5130208333333334,0.22210332356711224,4.797878140438369,0.0078125,1.0
smoke,17,0,128,calibrated_clipped,125,128,128.0,-0.061276426237749725,1.0,1.0,0.1529829821815691,0.19486107261800964,1.0,0.3671875,0.5130208333333334,0.22210332356711224,4.797878140438369,0.0078125,0.0
smoke,17,0,128,diversity_constrained,2,128,128.0,-1.8471468890949252,0.16666666666666663,0.0,1.1019712562625996,1.980731535475185,1.0,0.3671875,0.5130208333333334,0.22210332356711224,4.797878140438369,0.0078125,1.0
smoke,17,1,1,min_energy,0,1,1.0,0.014253158621778728,1.0,1.0,0.15389257700519238,0.0,0.0,1.0,1.0,0.0,-0.0,1.0,0.0
smoke,17,1,1,calibrated_clipped,0,1,1.0,0.014253158621778728,1.0,1.0,0.15389257700519238,0.0,0.0,1.0,1.0,0.0,-0.0,1.0,0.0
smoke,17,1,1,diversity_constrained,0,1,1.0,0.014253158621778728,1.0,1.0,0.15389257700519238,0.0,0.0,1.0,1.0,0.0,-0.0,1.0,0.0
smoke,17,1,2,min_energy,0,2,2.0,0.014253158621778728,1.0,1.0,0.15389257700519238,0.28744133824095647,0.0,0.5,0.5,1.0,0.6931471805599453,0.5,0.0
smoke,17,1,2,calibrated_clipped,0,2,2.0,0.014253158621778728,1.0,1.0,0.15389257700519238,0.28744133824095647,0.0,0.5,0.5,1.0,0.6931471805599453,0.5,0.0
smoke,17,1,2,diversity_constrained,0,2,2.0,0.014253158621778728,1.0,1.0,0.15389257700519238,0.28744133824095647,0.0,0.5,0.5,1.0,0.6931471805599453,0.5,0.0
smoke,17,1,4,min_energy,0,4,4.0,0.014253158621778728,1.0,1.0,0.15389257700519238,0.5549282989319972,0.0,0.25,0.33333333333333337,1.0,1.3862943611198906,0.25,0.0
smoke,17,1,4,calibrated_clipped,0,4,4.0,0.014253158621778728,1.0,1.0,0.15389257700519238,0.5549282989319972,0.0,0.25,0.33333333333333337,1.0,1.3862943611198906,0.25,0.0
smoke,17,1,4,diversity_constrained,0,4,4.0,0.014253158621778728,1.0,1.0,0.15389257700519238,0.5549282989319972,0.0,0.25,0.33333333333333337,1.0,1.3862943611198906,0.25,0.0
smoke,17,1,8,min_energy,0,8,8.0,0.014253158621778728,1.0,1.0,0.15389257700519238,0.3431935608146212,0.0,0.5,0.5416666666666667,0.7142857142857143,2.0794415416798357,0.125,0.0
smoke,17,1,8,calibrated_clipped,4,8,8.0,0.09259262043275732,1.0,1.0,0.09880981550590977,0.26485409900364265,0.0,0.5,0.5416666666666667,0.7142857142857143,2.0794415416798357,0.125,0.0
smoke,17,1,8,diversity_constrained,0,8,8.0,0.014253158621778728,1.0,1.0,0.15389257700519238,0.3431935608146212,0.0,0.5,0.5416666666666667,0.7142857142857143,2.0794415416798357,0.125,0.0
smoke,17,1,16,min_energy,9,16,16.0,-1.893750776315723,0.16666666666666663,0.0,1.1598410941508186,2.039537955311687,1.0,0.5,0.5833333333333334,0.43529411764705883,2.772588722239781,0.0625,1.0
smoke,17,1,16,calibrated_clipped,10,16,16.0,0.06473890989876901,1.0,1.0,0.11526276655725042,0.08104826909719479,1.0,0.5,0.5833333333333334,0.43529411764705883,2.772588722239781,0.0625,0.0
smoke,17,1,16,diversity_constrained,9,16,16.0,-1.893750776315723,0.16666666666666663,0.0,1.1598410941508186,2.039537955311687,1.0,0.5,0.5833333333333334,0.43529411764705883,2.772588722239781,0.0625,1.0
smoke,17,1,32,min_energy,9,32,32.0,-1.893750776315723,0.16666666666666663,0.0,1.1598410941508186,2.039403945912291,1.0,0.46875,0.6197916666666667,0.27419354838709675,3.4657359027997265,0.03125,1.0
smoke,17,1,32,calibrated_clipped,10,32,32.0,0.06473890989876901,1.0,1.0,0.11526276655725042,0.0809142596977987,1.0,0.46875,0.6197916666666667,0.27419354838709675,3.4657359027997265,0.03125,0.0
smoke,17,1,32,diversity_constrained,9,32,32.0,-1.893750776315723,0.16666666666666663,0.0,1.1598410941508186,2.039403945912291,1.0,0.46875,0.6197916666666667,0.27419354838709675,3.4657359027997265,0.03125,1.0
smoke,17,1,64,min_energy,9,64,64.0,-1.893750776315723,0.16666666666666663,0.0,1.1598410941508186,2.0345327033535874,1.0,0.484375,0.6432291666666667,0.3659340659340659,4.1588830833596715,0.015625,1.0
smoke,17,1,64,calibrated_clipped,43,64,64.0,0.036602116501062876,1.0,1.0,0.12428354865861452,0.10417981053680142,1.0,0.484375,0.6432291666666667,0.3659340659340659,4.1588830833596715,0.015625,0.0
smoke,17,1,64,diversity_constrained,9,64,64.0,-1.893750776315723,0.16666666666666663,0.0,1.1598410941508186,2.0345327033535874,1.0,0.484375,0.6432291666666667,0.3659340659340659,4.1588830833596715,0.015625,1.0
smoke,17,1,128,min_energy,118,128,128.0,-1.9520000000000008,0.0,0.0,1.3500000000000003,2.098748874230118,1.0,0.4453125,0.58203125,0.3707711499725325,4.8195389898308685,0.015625,1.0
smoke,17,1,128,calibrated_clipped,126,128,128.0,-0.010333243316546647,1.0,1.0,0.13487875347806735,0.15708211754666415,1.0,0.4453125,0.58203125,0.3707711499725325,4.8195389898308685,0.0078125,0.0
smoke,17,1,128,diversity_constrained,9,128,128.0,-1.893750776315723,0.16666666666666663,0.0,1.1598410941508186,2.040499650545841,1.0,0.4453125,0.58203125,0.3707711499725325,4.8195389898308685,0.015625,1.0
smoke,17,2,1,min_energy,0,1,1.0,-0.08071178133456515,1.0,1.0,0.1583150138753986,0.0,0.0,1.0,1.0,0.0,-0.0,1.0,0.0
smoke,17,2,1,calibrated_clipped,0,1,1.0,-0.08071178133456515,1.0,1.0,0.1583150138753986,0.0,0.0,1.0,1.0,0.0,-0.0,1.0,0.0
smoke,17,2,1,diversity_constrained,0,1,1.0,-0.08071178133456515,1.0,1.0,0.1583150138753986,0.0,0.0,1.0,1.0,0.0,-0.0,1.0,0.0
smoke,17,2,2,min_energy,1,2,2.0,-1.457815501454621,0.16666666666666663,0.0,0.9237547001059058,0.6885518600600279,1.0,0.5,0.5833333333333333,-1.0,0.6931471805599453,0.5,1.0
smoke,17,2,2,calibrated_clipped,1,2,2.0,-1.457815501454621,0.16666666666666663,0.0,0.9237547001059058,0.6885518600600279,1.0,0.5,0.5833333333333333,-1.0,0.6931471805599453,0.5,1.0
smoke,17,2,2,diversity_constrained,1,2,2.0,-1.457815501454621,0.16666666666666663,0.0,0.9237547001059058,0.6885518600600279,1.0,0.5,0.5833333333333333,-1.0,0.6931471805599453,0.5,1.0
smoke,17,2,4,min_energy,1,4,4.0,-1.457815501454621,0.16666666666666663,0.0,0.9237547001059058,1.6711828508813795,1.0,0.25,0.29166666666666663,0.6,1.3862943611198906,0.25,1.0
smoke,17,2,4,calibrated_clipped,0,4,4.0,-0.08071178133456515,1.0,1.0,0.1583150138753986,0.29407913076132375,1.0,0.25,0.29166666666666663,0.6,1.3862943611198906,0.25,0.0
smoke,17,2,4,diversity_constrained,1,4,4.0,-1.457815501454621,0.16666666666666663,0.0,0.9237547001059058,1.6711828508813795,1.0,0.25,0.29166666666666663,0.6,1.3862943611198906,0.25,1.0
smoke,17,2,8,min_energy,1,8,8.0,-1.457815501454621,0.16666666666666663,0.0,0.9237547001059058,1.5802568237067942,1.0,0.375,0.5208333333333333,0.5476190476190477,2.0794415416798357,0.125,1.0
smoke,17,2,8,calibrated_clipped,7,8,8.0,-0.202860388797926,1.0,1.0,0.222253283755917,0.32530171105009925,1.0,0.375,0.5208333333333333,0.5476190476190477,2.0794415416798357,0.125,0.0
smoke,17,2,8,diversity_constrained,1,8,8.0,-1.457815501454621,0.16666666666666663,0.0,0.9237547001059058,1.5802568237067942,1.0,0.375,0.5208333333333333,0.5476190476190477,2.0794415416798357,0.125,1.0
smoke,17,2,16,min_energy,11,16,16.0,-1.7833209664599543,0.0,0.0,1.1557836591956023,1.9453721113196918,1.0,0.4375,0.5208333333333333,0.34411764705882353,2.772588722239781,0.0625,1.0
smoke,17,2,16,calibrated_clipped,0,16,16.0,-0.08071178133456515,1.0,1.0,0.1583150138753986,0.24276292619430268,1.0,0.4375,0.5208333333333333,0.34411764705882353,2.772588722239781,0.0625,0.0
smoke,17,2,16,diversity_constrained,11,16,16.0,-1.7833209664599543,0.0,0.0,1.1557836591956023,1.9453721113196918,1.0,0.4375,0.5208333333333333,0.34411764705882353,2.772588722239781,0.0625,1.0
smoke,17,2,32,min_energy,23,32,32.0,-1.9443428595556276,0.33333333333333337,0.0,1.0953002096619135,2.0963183621562007,1.0,0.46875,0.5729166666666667,0.531891495601173,3.4657359027997265,0.03125,1.0
smoke,17,2,32,calibrated_clipped,0,32,32.0,-0.08071178133456515,1.0,1.0,0.1583150138753986,0.2326872839351381,1.0,0.46875,0.5729166666666667,0.531891495601173,3.4657359027997265,0.03125,0.0
smoke,17,2,32,diversity_constrained,23,32,32.0,-1.9443428595556276,0.33333333333333337,0.0,1.0953002096619135,2.0963183621562007,1.0,0.46875,0.5729166666666667,0.531891495601173,3.4657359027997265,0.03125,1.0
smoke,17,2,64,min_energy,51,64,64.0,-2.055333333333334,0.16666666666666663,0.0,1.3500000000000003,2.1945702527518614,1.0,0.390625,0.5182291666666666,0.3779304029304029,4.1588830833596715,0.015625,1.0
smoke,17,2,64,calibrated_clipped,38,64,64.0,-0.111041401247554,1.0,1.0,0.16451190506999877,0.25027832066608136,1.0,0.390625,0.5182291666666666,0.3779304029304029,4.1588830833596715,0.015625,0.0
smoke,17,2,64,diversity_constrained,23,64,64.0,-1.9443428595556276,0.33333333333333337,0.0,1.0953002096619135,2.083579778974155,1.0,0.390625,0.5182291666666666,0.3779304029304029,4.1588830833596715,0.015625,1.0
smoke,17,2,128,min_energy,51,128,128.0,-2.055333333333334,0.16666666666666663,0.0,1.3500000000000003,2.1864492825071142,1.0,0.3984375,0.50390625,0.3355498077275224,4.79787814043837,0.0078125,1.0
smoke,17,2,128,calibrated_clipped,69,128,128.0,-0.19039225647903202,1.0,1.0,0.21668911838015395,0.32150820565281246,1.0,0.3984375,0.50390625,0.3355498077275224,4.79787814043837,0.0078125,0.0
smoke,17,2,128,diversity_constrained,23,128,128.0,-1.9443428595556276,0.33333333333333337,0.0,1.0953002096619135,2.075458808729408,1.0,0.3984375,0.50390625,0.3355498077275224,4.79787814043837,0.0078125,1.0
smoke,17,3,1,min_energy,0,1,1.0,0.22300802338874218,0.8333333333333334,0.0,0.10473404125027386,0.0,1.0,0.0,0.8333333333333334,0.0,-0.0,1.0,0.0
smoke,17,3,1,calibrated_clipped,0,1,1.0,0.22300802338874218,0.8333333333333334,0.0,0.10473404125027386,0.0,1.0,0.0,0.8333333333333334,0.0,-0.0,1.0,0.0
smoke,17,3,1,diversity_constrained,0,1,1.0,0.22300802338874218,0.8333333333333334,0.0,0.10473404125027386,0.0,1.0,0.0,0.8333333333333334,0.0,-0.0,1.0,0.0
smoke,17,3,2,min_energy,1,2,2.0,0.011515716331925186,1.0,1.0,0.1466151010811856,0.10574615352840849,0.0,0.5,0.9166666666666667,1.0,0.6931471805599453,0.5,0.0
smoke,17,3,2,calibrated_clipped,1,2,2.0,0.011515716331925186,1.0,1.0,0.1466151010811856,0.10574615352840849,0.0,0.5,0.9166666666666667,1.0,0.6931471805599453,0.5,0.0
smoke,17,3,2,diversity_constrained,1,2,2.0,0.011515716331925186,1.0,1.0,0.1466151010811856,0.10574615352840849,0.0,0.5,0.9166666666666667,1.0,0.6931471805599453,0.5,0.0
smoke,17,3,4,min_energy,1,4,4.0,0.011515716331925186,1.0,1.0,0.1466151010811856,0.2297167934005642,0.0,0.25,0.6666666666666667,0.8,1.3862943611198906,0.25,0.0
smoke,17,3,4,calibrated_clipped,1,4,4.0,0.011515716331925186,1.0,1.0,0.1466151010811856,0.2297167934005642,0.0,0.25,0.6666666666666667,0.8,1.3862943611198906,0.25,0.0
smoke,17,3,4,diversity_constrained,1,4,4.0,0.011515716331925186,1.0,1.0,0.1466151010811856,0.2297167934005642,0.0,0.25,0.6666666666666667,0.8,1.3862943611198906,0.25,0.0
smoke,17,3,8,min_energy,6,8,8.0,-2.055333333333334,0.16666666666666663,0.0,1.3500000000000003,2.214354649759341,1.0,0.375,0.6041666666666667,0.5714285714285714,2.0794415416798357,0.125,1.0
smoke,17,3,8,calibrated_clipped,7,8,8.0,-0.13025138873807912,1.0,1.0,0.19748396515950498,0.2892727051640865,1.0,0.375,0.6041666666666667,0.5714285714285714,2.0794415416798357,0.125,0.0
smoke,17,3,8,diversity_constrained,6,8,8.0,-2.055333333333334,0.16666666666666663,0.0,1.3500000000000003,2.214354649759341,1.0,0.375,0.6041666666666667,0.5714285714285714,2.0794415416798357,0.125,1.0
smoke,17,3,16,min_energy,6,16,16.0,-2.055333333333334,0.16666666666666663,0.0,1.3500000000000003,2.151706006262045,1.0,0.375,0.6458333333333334,0.2529411764705882,2.772588722239781,0.0625,1.0
smoke,17,3,16,calibrated_clipped,7,16,16.0,-0.13025138873807912,1.0,1.0,0.19748396515950498,0.22662406166679022,1.0,0.375,0.6458333333333334,0.2529411764705882,2.772588722239781,0.0625,0.0
smoke,17,3,16,diversity_constrained,6,16,16.0,-2.055333333333334,0.16666666666666663,0.0,1.3500000000000003,2.151706006262045,1.0,0.375,0.6458333333333334,0.2529411764705882,2.772588722239781,0.0625,1.0
smoke,17,3,32,min_energy,6,32,32.0,-2.055333333333334,0.16666666666666663,0.0,1.3500000000000003,2.246300227899262,0.75,0.34375,0.546875,0.6059384164222874,3.4657359027997265,0.03125,1.0
smoke,17,3,32,calibrated_clipped,8,32,32.0,-0.005821759565113799,1.0,1.0,0.13606720885276385,0.196788654131042,0.75,0.34375,0.546875,0.6059384164222874,3.4657359027997265,0.03125,0.0
smoke,17,3,32,diversity_constrained,6,32,32.0,-2.055333333333334,0.16666666666666663,0.0,1.3500000000000003,2.246300227899262,0.75,0.34375,0.546875,0.6059384164222874,3.4657359027997265,0.03125,1.0
smoke,17,3,64,min_energy,6,64,64.0,-2.055333333333334,0.16666666666666663,0.0,1.3500000000000003,2.246300227899262,1.0,0.328125,0.4921875,0.5032051282051282,4.137222233967175,0.015625,1.0
smoke,17,3,64,calibrated_clipped,8,64,64.0,-0.005821759565113799,1.0,1.0,0.13606720885276385,0.196788654131042,1.0,0.328125,0.4921875,0.5032051282051282,4.137222233967175,0.015625,0.0
smoke,17,3,64,diversity_constrained,54,64,64.0,-1.9559918654313495,0.16666666666666663,0.0,1.2306565072211633,2.1469587599972777,1.0,0.328125,0.4921875,0.5032051282051282,4.137222233967175,0.015625,1.0
smoke,17,3,128,min_energy,6,128,128.0,-2.055333333333334,0.16666666666666663,0.0,1.3500000000000003,2.229735808048651,1.0,0.375,0.5338541666666667,0.5572754532136971,4.841199839223365,0.0078125,1.0
smoke,17,3,128,calibrated_clipped,8,128,128.0,-0.005821759565113799,1.0,1.0,0.13606720885276385,0.18022423428043072,1.0,0.375,0.5338541666666667,0.5572754532136971,4.841199839223365,0.0078125,0.0
smoke,17,3,128,diversity_constrained,54,128,128.0,-1.9559918654313495,0.16666666666666663,0.0,1.2306565072211633,2.1303943401466663,1.0,0.375,0.5338541666666667,0.5572754532136971,4.841199839223365,0.0078125,1.0
smoke,18,0,1,min_energy,0,1,1.0,0.613236369398237,0.0,0.0,0.15387323695091398,0.0,1.0,0.0,0.0,0.0,-0.0,1.0,0.0
smoke,18,0,1,calibrated_clipped,0,1,1.0,0.613236369398237,0.0,0.0,0.15387323695091398,0.0,1.0,0.0,0.0,0.0,-0.0,1.0,0.0
smoke,18,0,1,diversity_constrained,0,1,1.0,0.613236369398237,0.0,0.0,0.15387323695091398,0.0,1.0,0.0,0.0,0.0,-0.0,1.0,0.0
smoke,18,0,2,min_energy,0,2,2.0,0.613236369398237,0.0,0.0,0.15387323695091398,0.06796062478180498,1.0,0.0,0.0,-1.0,0.6931471805599453,0.5,0.0
smoke,18,0,2,calibrated_clipped,0,2,2.0,0.613236369398237,0.0,0.0,0.15387323695091398,0.06796062478180498,1.0,0.0,0.0,-1.0,0.6931471805599453,0.5,0.0
smoke,18,0,2,diversity_constrained,0,2,2.0,0.613236369398237,0.0,0.0,0.15387323695091398,0.06796062478180498,1.0,0.0,0.0,-1.0,0.6931471805599453,0.5,0.0
smoke,18,0,4,min_energy,3,4,4.0,0.14234718767484122,1.0,1.0,0.09666292217174673,0.2919836910249322,0.0,0.25,0.45833333333333337,0.8,1.3862943611198906,0.25,0.0
smoke,18,0,4,calibrated_clipped,3,4,4.0,0.14234718767484122,1.0,1.0,0.09666292217174673,0.2919836910249322,0.0,0.25,0.45833333333333337,0.8,1.3862943611198906,0.25,0.0
smoke,18,0,4,diversity_constrained,3,4,4.0,0.14234718767484122,1.0,1.0,0.09666292217174673,0.2919836910249322,0.0,0.25,0.45833333333333337,0.8,1.3862943611198906,0.25,0.0
smoke,18,0,8,min_energy,6,8,8.0,-1.3477556141923033,0.0,0.0,0.9702964065527476,1.7543555018087154,1.0,0.25,0.3541666666666667,0.6904761904761905,2.0794415416798357,0.125,1.0
smoke,18,0,8,calibrated_clipped,4,8,8.0,0.12617196593708027,1.0,1.0,0.10901177363563548,0.2804279216793317,1.0,0.25,0.3541666666666667,0.6904761904761905,2.0794415416798357,0.125,0.0
smoke,18,0,8,diversity_constrained,6,8,8.0,-1.3477556141923033,0.0,0.0,0.9702964065527476,1.7543555018087154,1.0,0.25,0.3541666666666667,0.6904761904761905,2.0794415416798357,0.125,1.0
smoke,18,0,16,min_energy,6,16,16.0,-1.3477556141923033,0.0,0.0,0.9702964065527476,1.5231174859292964,0.5,0.4375,0.5416666666666667,0.5764705882352941,2.772588722239781,0.0625,1.0
smoke,18,0,16,calibrated_clipped,10,16,16.0,-0.11280254807213534,1.0,1.0,0.18054067320469583,0.28816441980912844,0.5,0.4375,0.5416666666666667,0.5764705882352941,2.772588722239781,0.0625,0.0
smoke,18,0,16,diversity_constrained,6,16,16.0,-1.3477556141923033,0.0,0.0,0.9702964065527476,1.5231174859292964,0.5,0.4375,0.5416666666666667,0.5764705882352941,2.772588722239781,0.0625,1.0
smoke,18,0,32,min_energy,23,32,32.0,-1.7843578938507771,0.0,0.0,1.156910754185627,1.9401741139664581,0.75,0.4375,0.578125,0.4967008797653959,3.4657359027997265,0.03125,1.0
smoke,18,0,32,calibrated_clipped,18,32,32.0,0.04891765005895965,1.0,1.0,0.1247453495659344,0.1068985700567214,0.75,0.4375,0.578125,0.4967008797653959,3.4657359027997265,0.03125,0.0
smoke,18,0,32,diversity_constrained,23,32,32.0,-1.7843578938507771,0.0,0.0,1.156910754185627,1.9401741139664581,0.75,0.4375,0.578125,0.4967008797653959,3.4657359027997265,0.03125,1.0
smoke,18,0,64,min_energy,54,64,64.0,-1.798383083739446,0.0,0.0,1.1721555258037453,1.9340436262774428,1.0,0.453125,0.5755208333333333,0.29624542124542125,4.1588830833596715,0.015625,1.0
smoke,18,0,64,calibrated_clipped,47,64,64.0,-0.049776721837978065,1.0,1.0,0.16179161919174492,0.1854372643759746,1.0,0.453125,0.5755208333333333,0.29624542124542125,4.1588830833596715,0.015625,0.0
smoke,18,0,64,diversity_constrained,33,64,64.0,-1.7424859688047647,0.0,0.0,1.1005282269617003,1.8781465113427611,1.0,0.453125,0.5755208333333333,0.29624542124542125,4.1588830833596715,0.015625,1.0
smoke,18,0,128,min_energy,111,128,128.0,-2.055333333333333,0.16666666666666663,0.0,1.3499999999999999,2.1961032614222105,1.0,0.3671875,0.5442708333333333,0.41709966123420616,4.841199839223365,0.0078125,1.0
smoke,18,0,128,calibrated_clipped,84,128,128.0,0.003720234907069381,1.0,1.0,0.13291231553987307,0.13704969318180812,1.0,0.3671875,0.5442708333333333,0.41709966123420616,4.841199839223365,0.0078125,0.0
smoke,18,0,128,diversity_constrained,111,128,128.0,-2.055333333333333,0.16666666666666663,0.0,1.3499999999999999,2.1961032614222105,1.0,0.3671875,0.5442708333333333,0.41709966123420616,4.841199839223365,0.0078125,1.0
smoke,18,1,1,min_energy,0,1,1.0,0.1798543187223614,1.0,1.0,0.0818453263975677,0.0,0.0,1.0,1.0,0.0,-0.0,1.0,0.0
smoke,18,1,1,calibrated_clipped,0,1,1.0,0.1798543187223614,1.0,1.0,0.0818453263975677,0.0,0.0,1.0,1.0,0.0,-0.0,1.0,0.0
smoke,18,1,1,diversity_constrained,0,1,1.0,0.1798543187223614,1.0,1.0,0.0818453263975677,0.0,0.0,1.0,1.0,0.0,-0.0,1.0,0.0
smoke,18,1,2,min_energy,0,2,2.0,0.1798543187223614,1.0,1.0,0.0818453263975677,0.29206856712659895,0.0,0.5,0.5,1.0,0.6931471805599453,0.5,0.0
smoke,18,1,2,calibrated_clipped,0,2,2.0,0.1798543187223614,1.0,1.0,0.0818453263975677,0.29206856712659895,0.0,0.5,0.5,1.0,0.6931471805599453,0.5,0.0
smoke,18,1,2,diversity_constrained,0,2,2.0,0.1798543187223614,1.0,1.0,0.0818453263975677,0.29206856712659895,0.0,0.5,0.5,1.0,0.6931471805599453,0.5,0.0
smoke,18,1,4,min_energy,3,4,4.0,0.13331497635354067,0.8333333333333334,0.0,0.12359661453178235,0.029983313611197326,1.0,0.25,0.6666666666666667,0.4,1.3862943611198906,0.25,0.0
smoke,18,1,4,calibrated_clipped,3,4,4.0,0.13331497635354067,0.8333333333333334,0.0,0.12359661453178235,0.029983313611197326,1.0,0.25,0.6666666666666667,0.4,1.3862943611198906,0.25,0.0
smoke,18,1,4,diversity_constrained,3,4,4.0,0.13331497635354067,0.8333333333333334,0.0,0.12359661453178235,0.029983313611197326,1.0,0.25,0.6666666666666667,0.4,1.3862943611198906,0.25,0.0
smoke,18,1,8,min_energy,3,8,8.0,0.13331497635354067,0.8333333333333334,0.0,0.12359661453178235,0.04238081499723395,1.0,0.25,0.5833333333333334,0.6190476190476191,2.0794415416798357,0.125,0.0
smoke,18,1,8,calibrated_clipped,4,8,8.0,0.16310339724616663,1.0,1.0,0.08346326166048633,0.012592394104607996,1.0,0.25,0.5833333333333334,0.6190476190476191,2.0794415416798357,0.125,0.0
smoke,18,1,8,diversity_constrained,3,8,8.0,0.13331497635354067,0.8333333333333334,0.0,0.12359661453178235,0.04238081499723395,1.0,0.25,0.5833333333333334,0.6190476190476191,2.0794415416798357,0.125,0.0
smoke,18,1,16,min_energy,15,16,16.0,-1.8393978229327508,0.16666666666666663,0.0,1.093548358260236,2.162044194722167,1.0,0.1875,0.38541666666666663,0.6147058823529412,2.772588722239781,0.0625,1.0
smoke,18,1,16,calibrated_clipped,3,16,16.0,0.13331497635354067,0.8333333333333334,0.0,0.12359661453178235,0.1893313954358759,1.0,0.1875,0.38541666666666663,0.6147058823529412,2.772588722239781,0.0625,0.0
smoke,18,1,16,diversity_constrained,15,16,16.0,-1.8393978229327508,0.16666666666666663,0.0,1.093548358260236,2.162044194722167,1.0,0.1875,0.38541666666666663,0.6147058823529412,2.772588722239781,0.0625,1.0
smoke,18,1,32,min_energy,15,32,32.0,-1.8393978229327508,0.16666666666666663,0.0,1.093548358260236,2.124321581027088,1.0,0.25,0.359375,0.3460410557184751,3.4657359027997265,0.03125,1.0
smoke,18,1,32,calibrated_clipped,30,32,32.0,0.011627856695501643,1.0,1.0,0.13035364087733378,0.2732959013988356,1.0,0.25,0.359375,0.3460410557184751,3.4657359027997265,0.03125,0.0
smoke,18,1,32,diversity_constrained,15,32,32.0,-1.8393978229327508,0.16666666666666663,0.0,1.093548358260236,2.124321581027088,1.0,0.25,0.359375,0.3460410557184751,3.4657359027997265,0.03125,1.0
smoke,18,1,64,min_energy,59,64,64.0,-1.952,0.0,0.0,1.3499999999999999,2.112109901503233,1.0,0.34375,0.4322916666666667,0.36790293040293043,4.115561384574677,0.015625,1.0
smoke,18,1,64,calibrated_clipped,28,64,64.0,-0.030935964499670586,1.0,1.0,0.15811055075746494,0.19104586600290377,1.0,0.34375,0.4322916666666667,0.36790293040293043,4.115561384574677,0.015625,0.0
smoke,18,1,64,diversity_constrained,15,64,64.0,-1.8393978229327508,0.16666666666666663,0.0,1.093548358260236,1.999507724435984,1.0,0.34375,0.4322916666666667,0.36790293040293043,4.115561384574677,0.015625,1.0
smoke,18,1,128,min_energy,59,128,128.0,-1.952,0.0,0.0,1.3499999999999999,2.1062309783977224,1.0,0.34375,0.4453125,0.36038500274674967,4.808708565134619,0.0078125,1.0
smoke,18,1,128,calibrated_clipped,75,128,128.0,-0.07408906738292874,1.0,1.0,0.15204481928497834,0.22832004578065118,1.0,0.34375,0.4453125,0.36038500274674967,4.808708565134619,0.0078125,0.0
smoke,18,1,128,diversity_constrained,15,128,128.0,-1.8393978229327508,0.16666666666666663,0.0,1.093548358260236,1.9936288013304733,1.0,0.34375,0.4453125,0.36038500274674967,4.808708565134619,0.0078125,1.0
smoke,18,2,1,min_energy,0,1,1.0,-0.006257804456192851,1.0,1.0,0.15790129446788448,0.0,0.0,1.0,1.0,0.0,-0.0,1.0,0.0
smoke,18,2,1,calibrated_clipped,0,1,1.0,-0.006257804456192851,1.0,1.0,0.15790129446788448,0.0,0.0,1.0,1.0,0.0,-0.0,1.0,0.0
smoke,18,2,1,diversity_constrained,0,1,1.0,-0.006257804456192851,1.0,1.0,0.15790129446788448,0.0,0.0,1.0,1.0,0.0,-0.0,1.0,0.0
smoke,18,2,2,min_energy,0,2,2.0,-0.006257804456192851,1.0,1.0,0.15790129446788448,0.043173265391255204,0.0,1.0,1.0,-1.0,0.6931471805599453,0.5,0.0
smoke,18,2,2,calibrated_clipped,0,2,2.0,-0.006257804456192851,1.0,1.0,0.15790129446788448,0.043173265391255204,0.0,1.0,1.0,-1.0,0.6931471805599453,0.5,0.0
smoke,18,2,2,diversity_constrained,0,2,2.0,-0.006257804456192851,1.0,1.0,0.15790129446788448,0.043173265391255204,0.0,1.0,1.0,-1.0,0.6931471805599453,0.5,0.0
smoke,18,2,4,min_energy,3,4,4.0,-1.7494934330792802,0.0,0.0,1.1168406881296522,1.0912463182545333,1.0,0.5,0.5,-0.8,1.3862943611198906,0.25,1.0
smoke,18,2,4,calibrated_clipped,3,4,4.0,-1.7494934330792802,0.0,0.0,1.1168406881296522,1.0912463182545333,1.0,0.5,0.5,-0.8,1.3862943611198906,0.25,1.0
smoke,18,2,4,diversity_constrained,3,4,4.0,-1.7494934330792802,0.0,0.0,1.1168406881296522,1.0912463182545333,1.0,0.5,0.5,-0.8,1.3862943611198906,0.25,1.0
smoke,18,2,8,min_energy,3,8,8.0,-1.7494934330792802,0.0,0.0,1.1168406881296522,1.804572783300154,1.0,0.5,0.5416666666666667,-0.30952380952380953,2.0794415416798357,0.125,1.0
smoke,18,2,8,calibrated_clipped,0,8,8.0,-0.006257804456192851,1.0,1.0,0.15790129446788448,0.06133715467706653,1.0,0.5,0.5416666666666667,-0.30952380952380953,2.0794415416798357,0.125,0.0
smoke,18,2,8,diversity_constrained,3,8,8.0,-1.7494934330792802,0.0,0.0,1.1168406881296522,1.804572783300154,1.0,0.5,0.5416666666666667,-0.30952380952380953,2.0794415416798357,0.125,1.0
smoke,18,2,16,min_energy,13,16,16.0,-1.9520000000000008,0.0,0.0,1.3500000000000003,2.0070793502208746,1.0,0.375,0.5104166666666667,-0.25588235294117645,2.772588722239781,0.0625,1.0
smoke,18,2,16,calibrated_clipped,3,16,16.0,-1.7494934330792802,0.0,0.0,1.1168406881296522,1.804572783300154,1.0,0.375,0.5104166666666667,-0.25588235294117645,2.772588722239781,0.0625,1.0
smoke,18,2,16,diversity_constrained,13,16,16.0,-1.9520000000000008,0.0,0.0,1.3500000000000003,2.0070793502208746,1.0,0.375,0.5104166666666667,-0.25588235294117645,2.772588722239781,0.0625,1.0
smoke,18,2,32,min_energy,13,32,32.0,-1.9520000000000008,0.0,0.0,1.3500000000000003,2.0389277405973196,1.0,0.375,0.46875,-0.12353372434017595,3.4657359027997265,0.03125,1.0
smoke,18,2,32,calibrated_clipped,26,32,32.0,-1.2551650789265822,0.0,0.0,0.9047334032395323,1.342092819523901,1.0,0.375,0.46875,-0.12353372434017595,3.4657359027997265,0.03125,1.0
smoke,18,2,32,diversity_constrained,13,32,32.0,-1.9520000000000008,0.0,0.0,1.3500000000000003,2.0389277405973196,1.0,0.375,0.46875,-0.12353372434017595,3.4657359027997265,0.03125,1.0
smoke,18,2,64,min_energy,13,64,64.0,-1.9520000000000008,0.0,0.0,1.3500000000000003,2.063771266903273,1.0,0.453125,0.5572916666666667,0.1059981684981685,4.1588830833596715,0.015625,1.0
smoke,18,2,64,calibrated_clipped,29,64,64.0,-0.0024150931223537887,1.0,1.0,0.12961917894827113,0.11418636002562595,1.0,0.453125,0.5572916666666667,0.1059981684981685,4.1588830833596715,0.015625,0.0
smoke,18,2,64,diversity_constrained,60,64,64.0,-1.9153920307555532,0.16666666666666663,0.0,1.1813879122178275,2.0271632976588254,1.0,0.453125,0.5572916666666667,0.1059981684981685,4.1588830833596715,0.015625,1.0
smoke,18,2,128,min_energy,13,128,128.0,-1.9520000000000008,0.0,0.0,1.3500000000000003,2.075879724315634,1.0,0.4296875,0.54296875,0.1943153726423732,4.8195389898308685,0.0078125,1.0
smoke,18,2,128,calibrated_clipped,29,128,128.0,-0.0024150931223537887,1.0,1.0,0.12961917894827113,0.12629481743798693,1.0,0.4296875,0.54296875,0.1943153726423732,4.8195389898308685,0.0078125,0.0
smoke,18,2,128,diversity_constrained,60,128,128.0,-1.9153920307555532,0.16666666666666663,0.0,1.1813879122178275,2.0392717550711863,1.0,0.4296875,0.54296875,0.1943153726423732,4.8195389898308685,0.0078125,1.0
smoke,18,3,1,min_energy,0,1,1.0,-1.7773131746827315,0.0,0.0,1.1492534507420993,0.0,1.0,0.0,0.0,0.0,-0.0,1.0,1.0
smoke,18,3,1,calibrated_clipped,0,1,1.0,-1.7773131746827315,0.0,0.0,1.1492534507420993,0.0,1.0,0.0,0.0,0.0,-0.0,1.0,1.0
smoke,18,3,1,diversity_constrained,0,1,1.0,-1.7773131746827315,0.0,0.0,1.1492534507420993,0.0,1.0,0.0,0.0,0.0,-0.0,1.0,1.0
smoke,18,3,2,min_energy,0,2,2.0,-1.7773131746827315,0.0,0.0,1.1492534507420993,0.8860010460158704,1.0,0.5,0.5,-1.0,0.6931471805599453,0.5,1.0
smoke,18,3,2,calibrated_clipped,0,2,2.0,-1.7773131746827315,0.0,0.0,1.1492534507420993,0.8860010460158704,1.0,0.5,0.5,-1.0,0.6931471805599453,0.5,1.0
smoke,18,3,2,diversity_constrained,0,2,2.0,-1.7773131746827315,0.0,0.0,1.1492534507420993,0.8860010460158704,1.0,0.5,0.5,-1.0,0.6931471805599453,0.5,1.0
smoke,18,3,4,min_energy,0,4,4.0,-1.7773131746827315,0.0,0.0,1.1492534507420993,1.772042356544339,1.0,0.5,0.6666666666666667,-0.4,1.3862943611198906,0.25,1.0
smoke,18,3,4,calibrated_clipped,1,4,4.0,-0.005311082650990786,1.0,1.0,0.15711875901862773,4.0264512598419365e-05,1.0,0.5,0.6666666666666667,-0.4,1.3862943611198906,0.25,0.0
smoke,18,3,4,diversity_constrained,0,4,4.0,-1.7773131746827315,0.0,0.0,1.1492534507420993,1.772042356544339,1.0,0.5,0.6666666666666667,-0.4,1.3862943611198906,0.25,1.0
smoke,18,3,8,min_energy,0,8,8.0,-1.7773131746827315,0.0,0.0,1.1492534507420993,1.81965325975604,1.0,0.375,0.6666666666666667,-0.047619047619047616,2.0794415416798357,0.125,1.0
smoke,18,3,8,calibrated_clipped,2,8,8.0,-0.0052305536257939485,1.0,1.0,0.132195604813409,0.04757063869910231,1.0,0.375,0.6666666666666667,-0.047619047619047616,2.0794415416798357,0.125,0.0
smoke,18,3,8,diversity_constrained,0,8,8.0,-1.7773131746827315,0.0,0.0,1.1492534507420993,1.81965325975604,1.0,0.375,0.6666666666666667,-0.047619047619047616,2.0794415416798357,0.125,1.0
smoke,18,3,16,min_energy,10,16,16.0,-1.8244674803023402,0.0,0.0,1.200508130763413,1.8470738399919342,1.0,0.375,0.5208333333333334,-0.09705882352941177,2.772588722239781,0.0625,1.0
smoke,18,3,16,calibrated_clipped,12,16,16.0,-1.3718544694971877,0.0,0.0,0.979750788147339,1.3944608291867817,1.0,0.375,0.5208333333333334,-0.09705882352941177,2.772588722239781,0.0625,1.0
smoke,18,3,16,diversity_constrained,10,16,16.0,-1.8244674803023402,0.0,0.0,1.200508130763413,1.8470738399919342,1.0,0.375,0.5208333333333334,-0.09705882352941177,2.772588722239781,0.0625,1.0
smoke,18,3,32,min_energy,10,32,32.0,-1.8244674803023402,0.0,0.0,1.200508130763413,1.8938632976151386,1.0,0.53125,0.6822916666666667,0.05718475073313783,3.4657359027997265,0.03125,1.0
smoke,18,3,32,calibrated_clipped,9,32,32.0,-0.09580620560571086,1.0,1.0,0.15591587354141676,0.16520202291850938,1.0,0.53125,0.6822916666666667,0.05718475073313783,3.4657359027997265,0.03125,0.0
smoke,18,3,32,diversity_constrained,10,32,32.0,-1.8244674803023402,0.0,0.0,1.200508130763413,1.8938632976151386,1.0,0.53125,0.6822916666666667,0.05718475073313783,3.4657359027997265,0.03125,1.0
smoke,18,3,64,min_energy,54,64,64.0,-1.9520000000000008,0.0,0.0,1.3500000000000003,2.040676623772156,1.0,0.4375,0.625,0.13173076923076923,4.1588830833596715,0.015625,1.0
smoke,18,3,64,calibrated_clipped,9,64,64.0,-0.09580620560571086,1.0,1.0,0.15591587354141676,0.18448282937786595,1.0,0.4375,0.625,0.13173076923076923,4.1588830833596715,0.015625,0.0
smoke,18,3,64,diversity_constrained,55,64,64.0,-1.9017164170727792,0.16666666666666663,0.0,1.1721555258037453,1.9903930408449342,1.0,0.4375,0.625,0.13173076923076923,4.1588830833596715,0.015625,1.0
smoke,18,3,128,min_energy,113,128,128.0,-1.9629218627223284,0.33333333333333337,0.0,1.1252773870170232,2.0940024432914477,1.0,0.4296875,0.5963541666666666,0.4413683391320271,4.841199839223365,0.0078125,1.0
smoke,18,3,128,calibrated_clipped,9,128,128.0,-0.09580620560571086,1.0,1.0,0.15591587354141676,0.2268867861748302,1.0,0.4296875,0.5963541666666666,0.4413683391320271,4.841199839223365,0.0078125,0.0
smoke,18,3,128,diversity_constrained,113,128,128.0,-1.9629218627223284,0.33333333333333337,0.0,1.1252773870170232,2.0940024432914477,1.0,0.4296875,0.5963541666666666,0.4413683391320271,4.841199839223365,0.0078125,1.0
smoke,19,0,1,min_energy,0,1,1.0,0.08375876248858335,1.0,1.0,0.11867098956283005,0.0,0.0,1.0,1.0,0.0,-0.0,1.0,0.0
smoke,19,0,1,calibrated_clipped,0,1,1.0,0.08375876248858335,1.0,1.0,0.11867098956283005,0.0,0.0,1.0,1.0,0.0,-0.0,1.0,0.0
smoke,19,0,1,diversity_constrained,0,1,1.0,0.08375876248858335,1.0,1.0,0.11867098956283005,0.0,0.0,1.0,1.0,0.0,-0.0,1.0,0.0
smoke,19,0,2,min_energy,0,2,2.0,0.08375876248858335,1.0,1.0,0.11867098956283005,0.015808548718250784,0.0,1.0,1.0,-1.0,0.6931471805599453,0.5,0.0
smoke,19,0,2,calibrated_clipped,0,2,2.0,0.08375876248858335,1.0,1.0,0.11867098956283005,0.015808548718250784,0.0,1.0,1.0,-1.0,0.6931471805599453,0.5,0.0
smoke,19,0,2,diversity_constrained,0,2,2.0,0.08375876248858335,1.0,1.0,0.11867098956283005,0.015808548718250784,0.0,1.0,1.0,-1.0,0.6931471805599453,0.5,0.0
smoke,19,0,4,min_energy,3,4,4.0,-0.018601203607929204,1.0,1.0,0.16565457644519865,0.11816851481476334,0.0,1.0,1.0,0.2,1.3862943611198906,0.25,0.0
smoke,19,0,4,calibrated_clipped,0,4,4.0,0.08375876248858335,1.0,1.0,0.11867098956283005,0.015808548718250784,0.0,1.0,1.0,0.2,1.3862943611198906,0.25,0.0
smoke,19,0,4,diversity_constrained,3,4,4.0,-0.018601203607929204,1.0,1.0,0.16565457644519865,0.11816851481476334,0.0,1.0,1.0,0.2,1.3862943611198906,0.25,0.0
smoke,19,0,8,min_energy,6,8,8.0,-1.8991885250650111,0.16666666666666663,0.0,1.1702971451628905,1.9914401004476416,1.0,0.625,0.6458333333333333,-0.047619047619047616,2.0794415416798357,0.125,1.0
smoke,19,0,8,calibrated_clipped,7,8,8.0,-1.4401795087187508,0.0,0.0,1.0181901368891477,1.5324310841013813,1.0,0.625,0.6458333333333333,-0.047619047619047616,2.0794415416798357,0.125,1.0
smoke,19,0,8,diversity_constrained,6,8,8.0,-1.8991885250650111,0.16666666666666663,0.0,1.1702971451628905,1.9914401004476416,1.0,0.625,0.6458333333333333,-0.047619047619047616,2.0794415416798357,0.125,1.0
smoke,19,0,16,min_energy,14,16,16.0,-1.952,0.0,0.0,1.3499999999999999,2.0543161402247465,1.0,0.4375,0.5104166666666666,0.19117647058823528,2.772588722239781,0.0625,1.0
smoke,19,0,16,calibrated_clipped,12,16,16.0,-1.3929150175056448,0.16666666666666663,0.0,0.914556221003064,1.4952311577303914,1.0,0.4375,0.5104166666666666,0.19117647058823528,2.772588722239781,0.0625,1.0
smoke,19,0,16,diversity_constrained,6,16,16.0,-1.8991885250650111,0.16666666666666663,0.0,1.1702971451628905,2.0015046652897577,1.0,0.4375,0.5104166666666666,0.19117647058823528,2.772588722239781,0.0625,1.0
smoke,19,0,32,min_energy,14,32,32.0,-1.952,0.0,0.0,1.3499999999999999,2.055389549302298,1.0,0.40625,0.5208333333333333,0.08907624633431085,3.4657359027997265,0.03125,1.0
smoke,19,0,32,calibrated_clipped,12,32,32.0,-1.3929150175056448,0.16666666666666663,0.0,0.914556221003064,1.4963045668079427,1.0,0.40625,0.5208333333333333,0.08907624633431085,3.4657359027997265,0.03125,1.0
smoke,19,0,32,diversity_constrained,6,32,32.0,-1.8991885250650111,0.16666666666666663,0.0,1.1702971451628905,2.002578074367309,1.0,0.40625,0.5208333333333333,0.08907624633431085,3.4657359027997265,0.03125,1.0
smoke,19,0,64,min_energy,14,64,64.0,-1.952,0.0,0.0,1.3499999999999999,2.0642608541362883,1.0,0.390625,0.5598958333333333,0.28685897435897434,4.137222233967175,0.015625,1.0
smoke,19,0,64,calibrated_clipped,9,64,64.0,-0.0461988866721563,1.0,1.0,0.1538043006374168,0.15845974080844477,1.0,0.390625,0.5598958333333333,0.28685897435897434,4.137222233967175,0.015625,0.0
smoke,19,0,64,diversity_constrained,6,64,64.0,-1.8991885250650111,0.16666666666666663,0.0,1.1702971451628905,2.0114493792012995,1.0,0.390625,0.5598958333333333,0.28685897435897434,4.137222233967175,0.015625,1.0
smoke,19,0,128,min_energy,83,128,128.0,-1.9520000000000008,0.0,0.0,1.3500000000000003,2.0952942879758143,1.0,0.4140625,0.5572916666666667,0.39637886833913205,4.826281538403956,0.0078125,1.0
smoke,19,0,128,calibrated_clipped,9,128,128.0,-0.0461988866721563,1.0,1.0,0.1538043006374168,0.18949317464796994,1.0,0.4140625,0.5572916666666667,0.39637886833913205,4.826281538403956,0.0078125,0.0
smoke,19,0,128,diversity_constrained,6,128,128.0,-1.8991885250650111,0.16666666666666663,0.0,1.1702971451628905,2.0424828130408246,1.0,0.4140625,0.5572916666666667,0.39637886833913205,4.826281538403956,0.0078125,1.0
smoke,19,1,1,min_energy,0,1,1.0,0.021965892160721923,1.0,1.0,0.13938314382622344,0.0,0.0,1.0,1.0,0.0,-0.0,1.0,0.0
smoke,19,1,1,calibrated_clipped,0,1,1.0,0.021965892160721923,1.0,1.0,0.13938314382622344,0.0,0.0,1.0,1.0,0.0,-0.0,1.0,0.0
smoke,19,1,1,diversity_constrained,0,1,1.0,0.021965892160721923,1.0,1.0,0.13938314382622344,0.0,0.0,1.0,1.0,0.0,-0.0,1.0,0.0
smoke,19,1,2,min_energy,0,2,2.0,0.021965892160721923,1.0,1.0,0.13938314382622344,0.03603187111873824,0.0,1.0,1.0,-1.0,0.6931471805599453,0.5,0.0
smoke,19,1,2,calibrated_clipped,0,2,2.0,0.021965892160721923,1.0,1.0,0.13938314382622344,0.03603187111873824,0.0,1.0,1.0,-1.0,0.6931471805599453,0.5,0.0
smoke,19,1,2,diversity_constrained,0,2,2.0,0.021965892160721923,1.0,1.0,0.13938314382622344,0.03603187111873824,0.0,1.0,1.0,-1.0,0.6931471805599453,0.5,0.0
smoke,19,1,4,min_energy,0,4,4.0,0.021965892160721923,1.0,1.0,0.13938314382622344,0.0861440377571353,0.0,0.75,0.7916666666666666,0.2,1.3862943611198906,0.25,0.0
smoke,19,1,4,calibrated_clipped,0,4,4.0,0.021965892160721923,1.0,1.0,0.13938314382622344,0.0861440377571353,0.0,0.75,0.7916666666666666,0.2,1.3862943611198906,0.25,0.0
smoke,19,1,4,diversity_constrained,0,4,4.0,0.021965892160721923,1.0,1.0,0.13938314382622344,0.0861440377571353,0.0,0.75,0.7916666666666666,0.2,1.3862943611198906,0.25,0.0
smoke,19,1,8,min_energy,6,8,8.0,-1.773624444569815,0.0,0.0,1.1430700484454508,1.8817343744876722,1.0,0.625,0.75,0.09523809523809523,2.0794415416798357,0.125,1.0
smoke,19,1,8,calibrated_clipped,7,8,8.0,-0.025186315759950118,1.0,1.0,0.1643950526739251,0.13329624567780735,1.0,0.625,0.75,0.09523809523809523,2.0794415416798357,0.125,0.0
smoke,19,1,8,diversity_constrained,6,8,8.0,-1.773624444569815,0.0,0.0,1.1430700484454508,1.8817343744876722,1.0,0.625,0.75,0.09523809523809523,2.0794415416798357,0.125,1.0
smoke,19,1,16,min_energy,15,16,16.0,-1.9001754680590117,0.0,0.0,1.289518789392206,2.061025760282356,1.0,0.5,0.65625,0.22941176470588234,2.772588722239781,0.0625,1.0
smoke,19,1,16,calibrated_clipped,0,16,16.0,0.021965892160721923,1.0,1.0,0.13938314382622344,0.13888440006262248,1.0,0.5,0.65625,0.22941176470588234,2.772588722239781,0.0625,0.0
smoke,19,1,16,diversity_constrained,15,16,16.0,-1.9001754680590117,0.0,0.0,1.289518789392206,2.061025760282356,1.0,0.5,0.65625,0.22941176470588234,2.772588722239781,0.0625,1.0
smoke,19,1,32,min_energy,17,32,32.0,-1.9520000000000008,0.0,0.0,1.3500000000000003,2.0994483039447207,1.0,0.375,0.5104166666666667,0.08357771260997067,3.4657359027997265,0.03125,1.0
smoke,19,1,32,calibrated_clipped,29,32,32.0,-1.0507187046942483,0.0,0.0,0.8678471286811829,1.1981670086389682,1.0,0.375,0.5104166666666667,0.08357771260997067,3.4657359027997265,0.03125,1.0
smoke,19,1,32,diversity_constrained,30,32,32.0,-1.878571022900847,0.16666666666666663,0.0,1.14205677719789,2.026019326845567,1.0,0.375,0.5104166666666667,0.08357771260997067,3.4657359027997265,0.03125,1.0
smoke,19,1,64,min_energy,17,64,64.0,-1.9520000000000008,0.0,0.0,1.3500000000000003,2.1061489170510823,1.0,0.390625,0.5390625,0.22257326007326006,4.1588830833596715,0.015625,1.0
smoke,19,1,64,calibrated_clipped,61,64,64.0,-0.045805248929995886,1.0,1.0,0.15410015619616535,0.19995416598107715,1.0,0.390625,0.5390625,0.22257326007326006,4.1588830833596715,0.015625,0.0
smoke,19,1,64,diversity_constrained,30,64,64.0,-1.878571022900847,0.16666666666666663,0.0,1.14205677719789,2.0327199399519285,1.0,0.390625,0.5390625,0.22257326007326006,4.1588830833596715,0.015625,1.0
smoke,19,1,128,min_energy,121,128,128.0,-2.055333333333333,0.16666666666666663,0.0,1.3499999999999999,2.1857927779255135,1.0,0.3984375,0.5533854166666667,0.32633675151071234,4.808708565134619,0.015625,1.0
smoke,19,1,128,calibrated_clipped,110,128,128.0,-0.0039504535026740895,1.0,1.0,0.1409699190984431,0.1344098980948546,1.0,0.3984375,0.5533854166666667,0.32633675151071234,4.808708565134619,0.0078125,0.0
smoke,19,1,128,diversity_constrained,121,128,128.0,-2.055333333333333,0.16666666666666663,0.0,1.3499999999999999,2.1857927779255135,1.0,0.3984375,0.5533854166666667,0.32633675151071234,4.808708565134619,0.015625,1.0
smoke,19,2,1,min_energy,0,1,1.0,-1.3388779032039104,0.0,0.0,0.9621027685932471,0.0,1.0,0.0,0.0,0.0,-0.0,1.0,1.0
smoke,19,2,1,calibrated_clipped,0,1,1.0,-1.3388779032039104,0.0,0.0,0.9621027685932471,0.0,1.0,0.0,0.0,0.0,-0.0,1.0,1.0
smoke,19,2,1,diversity_constrained,0,1,1.0,-1.3388779032039104,0.0,0.0,0.9621027685932471,0.0,1.0,0.0,0.0,0.0,-0.0,1.0,1.0
smoke,19,2,2,min_energy,0,2,2.0,-1.3388779032039104,0.0,0.0,0.9621027685932471,0.7294127996779264,1.0,0.5,0.5,-1.0,0.6931471805599453,0.5,1.0
smoke,19,2,2,calibrated_clipped,0,2,2.0,-1.3388779032039104,0.0,0.0,0.9621027685932471,0.7294127996779264,1.0,0.5,0.5,-1.0,0.6931471805599453,0.5,1.0
smoke,19,2,2,diversity_constrained,0,2,2.0,-1.3388779032039104,0.0,0.0,0.9621027685932471,0.7294127996779264,1.0,0.5,0.5,-1.0,0.6931471805599453,0.5,1.0
smoke,19,2,4,min_energy,0,4,4.0,-1.3388779032039104,0.0,0.0,0.9621027685932471,1.4510327312052338,1.0,0.25,0.45833333333333337,-0.4,1.3862943611198906,0.25,1.0
smoke,19,2,4,calibrated_clipped,3,4,4.0,0.10436195985070418,0.8333333333333334,0.0,0.1548603376125979,0.007792868150619137,1.0,0.25,0.45833333333333337,-0.4,1.3862943611198906,0.25,0.0
smoke,19,2,4,diversity_constrained,0,4,4.0,-1.3388779032039104,0.0,0.0,0.9621027685932471,1.4510327312052338,1.0,0.25,0.45833333333333337,-0.4,1.3862943611198906,0.25,1.0
smoke,19,2,8,min_energy,0,8,8.0,-1.3388779032039104,0.0,0.0,0.9621027685932471,1.5975487165252253,1.0,0.25,0.4375,0.2857142857142857,2.0794415416798357,0.125,1.0
smoke,19,2,8,calibrated_clipped,6,8,8.0,0.032116973818937335,1.0,1.0,0.11453639621015448,0.22655383950237765,1.0,0.25,0.4375,0.2857142857142857,2.0794415416798357,0.125,0.0
smoke,19,2,8,diversity_constrained,0,8,8.0,-1.3388779032039104,0.0,0.0,0.9621027685932471,1.5975487165252253,1.0,0.25,0.4375,0.2857142857142857,2.0794415416798357,0.125,1.0
smoke,19,2,16,min_energy,13,16,16.0,-1.8943049461557737,0.16666666666666663,0.0,1.160443452672613,2.089177288784943,1.0,0.3125,0.5104166666666667,0.4470588235294118,2.772588722239781,0.0625,1.0
smoke,19,2,16,calibrated_clipped,6,16,16.0,0.032116973818937335,1.0,1.0,0.11453639621015448,0.16275536881023203,1.0,0.3125,0.5104166666666667,0.4470588235294118,2.772588722239781,0.0625,0.0
smoke,19,2,16,diversity_constrained,13,16,16.0,-1.8943049461557737,0.16666666666666663,0.0,1.160443452672613,2.089177288784943,1.0,0.3125,0.5104166666666667,0.4470588235294118,2.772588722239781,0.0625,1.0
smoke,19,2,32,min_energy,13,32,32.0,-1.8943049461557737,0.16666666666666663,0.0,1.160443452672613,2.1176573943682553,1.0,0.25,0.4635416666666667,0.36400293255131966,3.422414204014729,0.0625,1.0
smoke,19,2,32,calibrated_clipped,6,32,32.0,0.032116973818937335,1.0,1.0,0.11453639621015448,0.19123547439354427,1.0,0.25,0.4635416666666667,0.36400293255131966,3.422414204014729,0.03125,0.0
smoke,19,2,32,diversity_constrained,13,32,32.0,-1.8943049461557737,0.16666666666666663,0.0,1.160443452672613,2.1176573943682553,1.0,0.25,0.4635416666666667,0.36400293255131966,3.422414204014729,0.0625,1.0
smoke,19,2,64,min_energy,13,64,64.0,-1.8943049461557737,0.16666666666666663,0.0,1.160443452672613,2.083538166559789,1.0,0.265625,0.48177083333333337,0.2495879120879121,4.064063933543358,0.03125,1.0
smoke,19,2,64,calibrated_clipped,56,64,64.0,0.005173766402507282,1.0,1.0,0.12432897818353017,0.18405945400150817,1.0,0.265625,0.48177083333333337,0.2495879120879121,4.064063933543358,0.015625,0.0
smoke,19,2,64,diversity_constrained,13,64,64.0,-1.8943049461557737,0.16666666666666663,0.0,1.160443452672613,2.083538166559789,1.0,0.265625,0.48177083333333337,0.2495879120879121,4.064063933543358,0.03125,1.0
smoke,19,2,128,min_energy,68,128,128.0,-2.055333333333333,0.16666666666666663,0.0,1.3499999999999999,2.213511100042983,1.0,0.3203125,0.48437500000000006,0.3023484709760117,4.761298990226463,0.015625,1.0
smoke,19,2,128,calibrated_clipped,64,128,128.0,-0.1967832904983622,1.0,1.0,0.22931272219810542,0.35496105720801185,1.0,0.3203125,0.48437500000000006,0.3023484709760117,4.761298990226463,0.0078125,0.0
smoke,19,2,128,diversity_constrained,68,128,128.0,-2.055333333333333,0.16666666666666663,0.0,1.3499999999999999,2.213511100042983,1.0,0.3203125,0.48437500000000006,0.3023484709760117,4.761298990226463,0.015625,1.0
smoke,19,3,1,min_energy,0,1,1.0,0.057173169622618876,1.0,1.0,0.13112092322772587,0.0,0.0,1.0,1.0,0.0,-0.0,1.0,0.0
smoke,19,3,1,calibrated_clipped,0,1,1.0,0.057173169622618876,1.0,1.0,0.13112092322772587,0.0,0.0,1.0,1.0,0.0,-0.0,1.0,0.0
smoke,19,3,1,diversity_constrained,0,1,1.0,0.057173169622618876,1.0,1.0,0.13112092322772587,0.0,0.0,1.0,1.0,0.0,-0.0,1.0,0.0
smoke,19,3,2,min_energy,1,2,2.0,-1.7392385798352101,0.0,0.0,1.0999628832200898,0.8982058747289146,1.0,0.5,0.5,-1.0,0.6931471805599453,0.5,1.0
smoke,19,3,2,calibrated_clipped,1,2,2.0,-1.7392385798352101,0.0,0.0,1.0999628832200898,0.8982058747289146,1.0,0.5,0.5,-1.0,0.6931471805599453,0.5,1.0
smoke,19,3,2,diversity_constrained,1,2,2.0,-1.7392385798352101,0.0,0.0,1.0999628832200898,0.8982058747289146,1.0,0.5,0.5,-1.0,0.6931471805599453,0.5,1.0
smoke,19,3,4,min_energy,1,4,4.0,-1.7392385798352101,0.0,0.0,1.0999628832200898,1.141898011801,1.0,0.25,0.25,-0.4,1.3862943611198906,0.25,1.0
smoke,19,3,4,calibrated_clipped,3,4,4.0,-1.2518543056910392,0.0,0.0,0.8947016759250724,0.6545137376568291,1.0,0.25,0.25,-0.4,1.3862943611198906,0.25,1.0
smoke,19,3,4,diversity_constrained,1,4,4.0,-1.7392385798352101,0.0,0.0,1.0999628832200898,1.141898011801,1.0,0.25,0.25,-0.4,1.3862943611198906,0.25,1.0
smoke,19,3,8,min_energy,1,8,8.0,-1.7392385798352101,0.0,0.0,1.0999628832200898,1.742887608237448,1.0,0.375,0.4791666666666667,-0.2857142857142857,2.0794415416798357,0.125,1.0
smoke,19,3,8,calibrated_clipped,3,8,8.0,-1.2518543056910392,0.0,0.0,0.8947016759250724,1.255503334093277,1.0,0.375,0.4791666666666667,-0.2857142857142857,2.0794415416798357,0.125,1.0
smoke,19,3,8,diversity_constrained,1,8,8.0,-1.7392385798352101,0.0,0.0,1.0999628832200898,1.742887608237448,1.0,0.375,0.4791666666666667,-0.2857142857142857,2.0794415416798357,0.125,1.0
smoke,19,3,16,min_energy,1,16,16.0,-1.7392385798352101,0.0,0.0,1.0999628832200898,1.8572443776180283,1.0,0.5,0.6041666666666667,0.014705882352941176,2.772588722239781,0.0625,1.0
smoke,19,3,16,calibrated_clipped,14,16,16.0,-0.11334146741264757,1.0,1.0,0.2051516446954603,0.23134726519546575,1.0,0.5,0.6041666666666667,0.014705882352941176,2.772588722239781,0.0625,0.0
smoke,19,3,16,diversity_constrained,1,16,16.0,-1.7392385798352101,0.0,0.0,1.0999628832200898,1.8572443776180283,1.0,0.5,0.6041666666666667,0.014705882352941176,2.772588722239781,0.0625,1.0
smoke,19,3,32,min_energy,19,32,32.0,-1.8866542997932878,0.16666666666666663,0.0,1.1557836591956023,2.004660097576106,1.0,0.46875,0.6354166666666667,0.1744868035190616,3.4657359027997265,0.03125,1.0
smoke,19,3,32,calibrated_clipped,14,32,32.0,-0.11334146741264757,1.0,1.0,0.2051516446954603,0.23134726519546575,1.0,0.46875,0.6354166666666667,0.1744868035190616,3.4657359027997265,0.03125,0.0
smoke,19,3,32,diversity_constrained,19,32,32.0,-1.8866542997932878,0.16666666666666663,0.0,1.1557836591956023,2.004660097576106,1.0,0.46875,0.6354166666666667,0.1744868035190616,3.4657359027997265,0.03125,1.0
smoke,19,3,64,min_energy,57,64,64.0,-2.100910028429563,0.33333333333333337,0.0,1.2830708477659944,2.250532624481508,1.0,0.4375,0.6041666666666666,0.4493589743589744,4.1588830833596715,0.015625,1.0
smoke,19,3,64,calibrated_clipped,25,64,64.0,-0.0035113724073227155,1.0,1.0,0.13605770289795238,0.15313396845926794,1.0,0.4375,0.6041666666666666,0.4493589743589744,4.1588830833596715,0.015625,0.0
smoke,19,3,64,diversity_constrained,57,64,64.0,-2.100910028429563,0.33333333333333337,0.0,1.2830708477659944,2.250532624481508,1.0,0.4375,0.6041666666666666,0.4493589743589744,4.1588830833596715,0.015625,1.0
smoke,19,3,128,min_energy,57,128,128.0,-2.100910028429563,0.33333333333333337,0.0,1.2830708477659944,2.2354926539175435,1.0,0.453125,0.5846354166666666,0.4016263047060978,4.852030263919617,0.0078125,1.0
smoke,19,3,128,calibrated_clipped,65,128,128.0,-0.02595753104056655,1.0,1.0,0.1452961266115277,0.160540156528547,1.0,0.453125,0.5846354166666666,0.4016263047060978,4.852030263919617,0.0078125,0.0
smoke,19,3,128,diversity_constrained,57,128,128.0,-2.100910028429563,0.33333333333333337,0.0,1.2830708477659944,2.2354926539175435,1.0,0.453125,0.5846354166666666,0.4016263047060978,4.852030263919617,0.0078125,1.0
smoke,20,0,1,min_energy,0,1,1.0,-1.4382690095849584,0.0,0.0,1.0364979085328805,0.0,1.0,0.0,0.0,0.0,-0.0,1.0,1.0
smoke,20,0,1,calibrated_clipped,0,1,1.0,-1.4382690095849584,0.0,0.0,1.0364979085328805,0.0,1.0,0.0,0.0,0.0,-0.0,1.0,1.0
smoke,20,0,1,diversity_constrained,0,1,1.0,-1.4382690095849584,0.0,0.0,1.0364979085328805,0.0,1.0,0.0,0.0,0.0,-0.0,1.0,1.0
smoke,20,0,2,min_energy,0,2,2.0,-1.4382690095849584,0.0,0.0,1.0364979085328805,0.12172825238586404,1.0,0.0,0.0,-1.0,0.6931471805599453,0.5,1.0
smoke,20,0,2,calibrated_clipped,0,2,2.0,-1.4382690095849584,0.0,0.0,1.0364979085328805,0.12172825238586404,1.0,0.0,0.0,-1.0,0.6931471805599453,0.5,1.0
smoke,20,0,2,diversity_constrained,0,2,2.0,-1.4382690095849584,0.0,0.0,1.0364979085328805,0.12172825238586404,1.0,0.0,0.0,-1.0,0.6931471805599453,0.5,1.0
smoke,20,0,4,min_energy,0,4,4.0,-1.4382690095849584,0.0,0.0,1.0364979085328805,0.8759471197064677,1.0,0.5,0.5,-1.0,1.3862943611198906,0.25,1.0
smoke,20,0,4,calibrated_clipped,1,4,4.0,-1.1948125048132305,0.0,0.0,0.9221817915181019,0.6324906149347398,1.0,0.5,0.5,-1.0,1.3862943611198906,0.25,1.0
smoke,20,0,4,diversity_constrained,0,4,4.0,-1.4382690095849584,0.0,0.0,1.0364979085328805,0.8759471197064677,1.0,0.5,0.5,-1.0,1.3862943611198906,0.25,1.0
smoke,20,0,8,min_energy,0,8,8.0,-1.4382690095849584,0.0,0.0,1.0364979085328805,1.4738622873899778,1.0,0.5,0.6041666666666667,-0.23809523809523808,2.0794415416798357,0.125,1.0
smoke,20,0,8,calibrated_clipped,6,8,8.0,-0.0826618355748179,1.0,1.0,0.19362764287822454,0.11825511337983727,1.0,0.5,0.6041666666666667,-0.23809523809523808,2.0794415416798357,0.125,0.0
smoke,20,0,8,diversity_constrained,0,8,8.0,-1.4382690095849584,0.0,0.0,1.0364979085328805,1.4738622873899778,1.0,0.5,0.6041666666666667,-0.23809523809523808,2.0794415416798357,0.125,1.0
smoke,20,0,16,min_energy,10,16,16.0,-1.9520000000000008,0.0,0.0,1.3500000000000003,2.03527392343683,1.0,0.625,0.6875,-0.20294117647058824,2.772588722239781,0.0625,1.0
smoke,20,0,16,calibrated_clipped,6,16,16.0,-0.0826618355748179,1.0,1.0,0.19362764287822454,0.1659357590116467,1.0,0.625,0.6875,-0.20294117647058824,2.772588722239781,0.0625,0.0
smoke,20,0,16,diversity_constrained,10,16,16.0,-1.9520000000000008,0.0,0.0,1.3500000000000003,2.03527392343683,1.0,0.625,0.6875,-0.20294117647058824,2.772588722239781,0.0625,1.0
smoke,20,0,32,min_energy,10,32,32.0,-1.9520000000000008,0.0,0.0,1.3500000000000003,2.069691590018367,1.0,0.65625,0.7135416666666667,0.030058651026392963,3.4657359027997265,0.03125,1.0
smoke,20,0,32,calibrated_clipped,4,32,32.0,0.0010178305537897555,1.0,1.0,0.14875401272199884,0.116673759464576,1.0,0.65625,0.7135416666666667,0.030058651026392963,3.4657359027997265,0.03125,0.0
smoke,20,0,32,diversity_constrained,10,32,32.0,-1.9520000000000008,0.0,0.0,1.3500000000000003,2.069691590018367,1.0,0.65625,0.7135416666666667,0.030058651026392963,3.4657359027997265,0.03125,1.0
smoke,20,0,64,min_energy,61,64,64.0,-2.030524767012269,0.33333333333333337,0.0,1.1961896347630063,2.150669379127378,0.8571428571428571,0.546875,0.6302083333333333,0.3768315018315018,4.1588830833596715,0.015625,1.0
smoke,20,0,64,calibrated_clipped,60,64,64.0,-0.0015682888110006069,1.0,1.0,0.1429247396995229,0.12171290092610963,0.8571428571428571,0.546875,0.6302083333333333,0.3768315018315018,4.1588830833596715,0.015625,0.0
smoke,20,0,64,diversity_constrained,61,64,64.0,-2.030524767012269,0.33333333333333337,0.0,1.1961896347630063,2.150669379127378,0.8571428571428571,0.546875,0.6302083333333333,0.3768315018315018,4.1588830833596715,0.015625,1.0
smoke,20,0,128,min_energy,61,128,128.0,-2.030524767012269,0.33333333333333337,0.0,1.1961896347630063,2.150669379127378,1.0,0.4765625,0.5911458333333333,0.3549945065006409,4.815451113707707,0.0078125,1.0
smoke,20,0,128,calibrated_clipped,122,128,128.0,-0.0004924288175474057,1.0,1.0,0.13786638409806362,0.12063704093265644,1.0,0.4765625,0.5911458333333333,0.3549945065006409,4.815451113707707,0.0078125,0.0
smoke,20,0,128,diversity_constrained,61,128,128.0,-2.030524767012269,0.33333333333333337,0.0,1.1961896347630063,2.150669379127378,1.0,0.4765625,0.5911458333333333,0.3549945065006409,4.815451113707707,0.0078125,1.0
smoke,20,1,1,min_energy,0,1,1.0,0.07028939319796043,1.0,1.0,0.11036228530470293,0.0,0.0,1.0,1.0,0.0,-0.0,1.0,0.0
smoke,20,1,1,calibrated_clipped,0,1,1.0,0.07028939319796043,1.0,1.0,0.11036228530470293,0.0,0.0,1.0,1.0,0.0,-0.0,1.0,0.0
smoke,20,1,1,diversity_constrained,0,1,1.0,0.07028939319796043,1.0,1.0,0.11036228530470293,0.0,0.0,1.0,1.0,0.0,-0.0,1.0,0.0
smoke,20,1,2,min_energy,0,2,2.0,0.07028939319796043,1.0,1.0,0.11036228530470293,0.3189819723910875,0.0,0.5,0.5,1.0,0.6931471805599453,0.5,0.0
smoke,20,1,2,calibrated_clipped,0,2,2.0,0.07028939319796043,1.0,1.0,0.11036228530470293,0.3189819723910875,0.0,0.5,0.5,1.0,0.6931471805599453,0.5,0.0
smoke,20,1,2,diversity_constrained,0,2,2.0,0.07028939319796043,1.0,1.0,0.11036228530470293,0.3189819723910875,0.0,0.5,0.5,1.0,0.6931471805599453,0.5,0.0
smoke,20,1,4,min_energy,0,4,4.0,0.07028939319796043,1.0,1.0,0.11036228530470293,0.02372549199086499,0.0,0.5,0.7083333333333334,0.8,1.3862943611198906,0.25,0.0
smoke,20,1,4,calibrated_clipped,0,4,4.0,0.07028939319796043,1.0,1.0,0.11036228530470293,0.02372549199086499,0.0,0.5,0.7083333333333334,0.8,1.3862943611198906,0.25,0.0
smoke,20,1,4,diversity_constrained,0,4,4.0,0.07028939319796043,1.0,1.0,0.11036228530470293,0.02372549199086499,0.0,0.5,0.7083333333333334,0.8,1.3862943611198906,0.25,0.0
smoke,20,1,8,min_energy,6,8,8.0,-1.4710484344066612,0.16666666666666663,0.0,0.9896776497740799,1.549515340309665,1.0,0.5,0.625,0.47619047619047616,2.0794415416798357,0.125,1.0
smoke,20,1,8,calibrated_clipped,4,8,8.0,0.001549047561254973,1.0,1.0,0.15722451975725604,0.07691785834174884,1.0,0.5,0.625,0.47619047619047616,2.0794415416798357,0.125,0.0
smoke,20,1,8,diversity_constrained,6,8,8.0,-1.4710484344066612,0.16666666666666663,0.0,0.9896776497740799,1.549515340309665,1.0,0.5,0.625,0.47619047619047616,2.0794415416798357,0.125,1.0
smoke,20,1,16,min_energy,8,16,16.0,-1.750615225530603,0.0,0.0,1.1093643755767424,1.8245470035997489,1.0,0.625,0.6875,0.2911764705882353,2.772588722239781,0.0625,1.0
smoke,20,1,16,calibrated_clipped,11,16,16.0,0.005569092660383038,1.0,1.0,0.13672079338711707,0.06836268540876289,1.0,0.625,0.6875,0.2911764705882353,2.772588722239781,0.0625,0.0
smoke,20,1,16,diversity_constrained,8,16,16.0,-1.750615225530603,0.0,0.0,1.1093643755767424,1.8245470035997489,1.0,0.625,0.6875,0.2911764705882353,2.772588722239781,0.0625,1.0
smoke,20,1,32,min_energy,8,32,32.0,-1.750615225530603,0.0,0.0,1.1093643755767424,1.8448982864211434,0.75,0.5,0.578125,0.5054985337243402,3.4657359027997265,0.03125,1.0
smoke,20,1,32,calibrated_clipped,11,32,32.0,0.005569092660383038,1.0,1.0,0.13672079338711707,0.08871396823015738,0.75,0.5,0.578125,0.5054985337243402,3.4657359027997265,0.03125,0.0
smoke,20,1,32,diversity_constrained,8,32,32.0,-1.750615225530603,0.0,0.0,1.1093643755767424,1.8448982864211434,0.75,0.5,0.578125,0.5054985337243402,3.4657359027997265,0.03125,1.0
smoke,20,1,64,min_energy,57,64,64.0,-1.9221821541823227,0.16666666666666663,0.0,1.1907447657449486,2.0164652150728632,1.0,0.5,0.5598958333333334,0.3766941391941392,4.1588830833596715,0.015625,1.0
smoke,20,1,64,calibrated_clipped,11,64,64.0,0.005569092660383038,1.0,1.0,0.13672079338711707,0.08871396823015738,1.0,0.5,0.5598958333333334,0.3766941391941392,4.1588830833596715,0.015625,0.0
smoke,20,1,64,diversity_constrained,57,64,64.0,-1.9221821541823227,0.16666666666666663,0.0,1.1907447657449486,2.0164652150728632,1.0,0.5,0.5598958333333334,0.3766941391941392,4.1588830833596715,0.015625,1.0
smoke,20,1,128,min_energy,97,128,128.0,-1.9520000000000008,0.0,0.0,1.3500000000000003,2.0651006134925085,1.0,0.453125,0.5598958333333334,0.32890610694012085,4.830369414527117,0.0078125,1.0
smoke,20,1,128,calibrated_clipped,94,128,128.0,-0.008981993571083403,1.0,1.0,0.1494553561524967,0.12208260706359109,1.0,0.453125,0.5598958333333334,0.32890610694012085,4.830369414527117,0.0078125,0.0
smoke,20,1,128,diversity_constrained,57,128,128.0,-1.9221821541823227,0.16666666666666663,0.0,1.1907447657449486,2.0352827676748304,1.0,0.453125,0.5598958333333334,0.32890610694012085,4.830369414527117,0.0078125,1.0
smoke,20,2,1,min_energy,0,1,1.0,0.08505479491501396,1.0,1.0,0.11306354664233774,0.0,0.0,1.0,1.0,0.0,-0.0,1.0,0.0
smoke,20,2,1,calibrated_clipped,0,1,1.0,0.08505479491501396,1.0,1.0,0.11306354664233774,0.0,0.0,1.0,1.0,0.0,-0.0,1.0,0.0
smoke,20,2,1,diversity_constrained,0,1,1.0,0.08505479491501396,1.0,1.0,0.11306354664233774,0.0,0.0,1.0,1.0,0.0,-0.0,1.0,0.0
smoke,20,2,2,min_energy,0,2,2.0,0.08505479491501396,1.0,1.0,0.11306354664233774,0.019437581201468865,0.0,1.0,1.0,-1.0,0.6931471805599453,0.5,0.0
smoke,20,2,2,calibrated_clipped,0,2,2.0,0.08505479491501396,1.0,1.0,0.11306354664233774,0.019437581201468865,0.0,1.0,1.0,-1.0,0.6931471805599453,0.5,0.0
smoke,20,2,2,diversity_constrained,0,2,2.0,0.08505479491501396,1.0,1.0,0.11306354664233774,0.019437581201468865,0.0,1.0,1.0,-1.0,0.6931471805599453,0.5,0.0
smoke,20,2,4,min_energy,2,4,4.0,-0.12197784531963003,1.0,1.0,0.20141545739902178,0.22647022143611284,0.0,0.75,0.75,0.8,1.3862943611198906,0.25,0.0
smoke,20,2,4,calibrated_clipped,0,4,4.0,0.08505479491501396,1.0,1.0,0.11306354664233774,0.019437581201468865,0.0,0.75,0.75,0.8,1.3862943611198906,0.25,0.0
smoke,20,2,4,diversity_constrained,2,4,4.0,-0.12197784531963003,1.0,1.0,0.20141545739902178,0.22647022143611284,0.0,0.75,0.75,0.8,1.3862943611198906,0.25,0.0
smoke,20,2,8,min_energy,5,8,8.0,-1.3804747211413908,0.16666666666666663,0.0,0.931452164857515,1.4521069983729888,1.0,0.625,0.6458333333333333,0.5238095238095238,2.0794415416798357,0.125,1.0
smoke,20,2,8,calibrated_clipped,6,8,8.0,-0.1144491069618603,1.0,1.0,0.19548066706430214,0.18608138419345827,1.0,0.625,0.6458333333333333,0.5238095238095238,2.0794415416798357,0.125,0.0
smoke,20,2,8,diversity_constrained,5,8,8.0,-1.3804747211413908,0.16666666666666663,0.0,0.931452164857515,1.4521069983729888,1.0,0.625,0.6458333333333333,0.5238095238095238,2.0794415416798357,0.125,1.0
smoke,20,2,16,min_energy,12,16,16.0,-1.8453590091454795,0.16666666666666663,0.0,1.1029923353689333,1.930830362327622,1.0,0.625,0.6458333333333333,0.3264705882352941,2.772588722239781,0.0625,1.0
smoke,20,2,16,calibrated_clipped,6,16,16.0,-0.1144491069618603,1.0,1.0,0.19548066706430214,0.19992046014400272,1.0,0.625,0.6458333333333333,0.3264705882352941,2.772588722239781,0.0625,0.0
smoke,20,2,16,diversity_constrained,12,16,16.0,-1.8453590091454795,0.16666666666666663,0.0,1.1029923353689333,1.930830362327622,1.0,0.625,0.6458333333333333,0.3264705882352941,2.772588722239781,0.0625,1.0
smoke,20,2,32,min_energy,12,32,32.0,-1.8453590091454795,0.16666666666666663,0.0,1.1029923353689333,1.9705212772909444,0.75,0.53125,0.5833333333333333,0.5579178885630498,3.4657359027997265,0.03125,1.0
smoke,20,2,32,calibrated_clipped,29,32,32.0,0.04530375754758015,1.0,1.0,0.12282580522926911,0.07985851059788471,0.75,0.53125,0.5833333333333333,0.5579178885630498,3.4657359027997265,0.03125,0.0
smoke,20,2,32,diversity_constrained,12,32,32.0,-1.8453590091454795,0.16666666666666663,0.0,1.1029923353689333,1.9705212772909444,0.75,0.53125,0.5833333333333333,0.5579178885630498,3.4657359027997265,0.03125,1.0
smoke,20,2,64,min_energy,40,64,64.0,-1.9520000000000008,0.0,0.0,1.3500000000000003,2.1310391045726336,0.8571428571428571,0.390625,0.5260416666666666,0.6333791208791208,4.1588830833596715,0.015625,1.0
smoke,20,2,64,calibrated_clipped,29,64,64.0,0.04530375754758015,1.0,1.0,0.12282580522926911,0.1337353470250524,0.8571428571428571,0.390625,0.5260416666666666,0.6333791208791208,4.1588830833596715,0.015625,0.0
smoke,20,2,64,diversity_constrained,12,64,64.0,-1.8453590091454795,0.16666666666666663,0.0,1.1029923353689333,2.024398113718112,0.8571428571428571,0.390625,0.5260416666666666,0.6333791208791208,4.1588830833596715,0.015625,1.0
smoke,20,2,128,min_energy,114,128,128.0,-1.9976382794891072,0.33333333333333337,0.0,1.160443452672613,2.143897489460635,1.0,0.421875,0.54296875,0.4334714338033327,4.841199839223365,0.0078125,1.0
smoke,20,2,128,calibrated_clipped,97,128,128.0,-0.02898501021900851,1.0,1.0,0.16240253661195167,0.17524422019053645,1.0,0.421875,0.54296875,0.4334714338033327,4.841199839223365,0.0078125,0.0
smoke,20,2,128,diversity_constrained,114,128,128.0,-1.9976382794891072,0.33333333333333337,0.0,1.160443452672613,2.143897489460635,1.0,0.421875,0.54296875,0.4334714338033327,4.841199839223365,0.0078125,1.0
smoke,20,3,1,min_energy,0,1,1.0,-1.7574847439626808,0.0,0.0,1.1277008086550873,0.0,1.0,0.0,0.0,0.0,-0.0,1.0,1.0
smoke,20,3,1,calibrated_clipped,0,1,1.0,-1.7574847439626808,0.0,0.0,1.1277008086550873,0.0,1.0,0.0,0.0,0.0,-0.0,1.0,1.0
smoke,20,3,1,diversity_constrained,0,1,1.0,-1.7574847439626808,0.0,0.0,1.1277008086550873,0.0,1.0,0.0,0.0,0.0,-0.0,1.0,1.0
smoke,20,3,2,min_energy,0,2,2.0,-1.7574847439626808,0.0,0.0,1.1277008086550873,0.8834798064940326,1.0,0.5,0.5,-1.0,0.6931471805599453,0.5,1.0
smoke,20,3,2,calibrated_clipped,0,2,2.0,-1.7574847439626808,0.0,0.0,1.1277008086550873,0.8834798064940326,1.0,0.5,0.5,-1.0,0.6931471805599453,0.5,1.0
smoke,20,3,2,diversity_constrained,0,2,2.0,-1.7574847439626808,0.0,0.0,1.1277008086550873,0.8834798064940326,1.0,0.5,0.5,-1.0,0.6931471805599453,0.5,1.0
smoke,20,3,4,min_energy,0,4,4.0,-1.7574847439626808,0.0,0.0,1.1277008086550873,1.8373755872227222,1.0,0.5,0.5,-0.4,1.3862943611198906,0.25,1.0
smoke,20,3,4,calibrated_clipped,1,4,4.0,0.009474869025384356,1.0,1.0,0.14112362967976752,0.07041597423465712,1.0,0.5,0.5,-0.4,1.3862943611198906,0.25,0.0
smoke,20,3,4,diversity_constrained,0,4,4.0,-1.7574847439626808,0.0,0.0,1.1277008086550873,1.8373755872227222,1.0,0.5,0.5,-0.4,1.3862943611198906,0.25,1.0
smoke,20,3,8,min_energy,0,8,8.0,-1.7574847439626808,0.0,0.0,1.1277008086550873,1.8043173536786576,1.0,0.375,0.5625,-0.14285714285714285,2.0794415416798357,0.125,1.0
smoke,20,3,8,calibrated_clipped,5,8,8.0,-1.7089923708721282,0.0,0.0,1.0749917074697042,1.755824980588105,1.0,0.375,0.5625,-0.14285714285714285,2.0794415416798357,0.125,1.0
smoke,20,3,8,diversity_constrained,0,8,8.0,-1.7574847439626808,0.0,0.0,1.1277008086550873,1.8043173536786576,1.0,0.375,0.5625,-0.14285714285714285,2.0794415416798357,0.125,1.0
smoke,20,3,16,min_energy,13,16,16.0,-1.8244674803023402,0.0,0.0,1.200508130763413,1.9218128311122167,1.0,0.4375,0.5833333333333334,-0.19117647058823528,2.685945324669788,0.125,1.0
smoke,20,3,16,calibrated_clipped,8,16,16.0,-1.4484651430304787,0.0,0.0,1.0401917497659579,1.5458104938403552,1.0,0.4375,0.5833333333333334,-0.19117647058823528,2.685945324669788,0.125,1.0
smoke,20,3,16,diversity_constrained,13,16,16.0,-1.8244674803023402,0.0,0.0,1.200508130763413,1.9218128311122167,1.0,0.4375,0.5833333333333334,-0.19117647058823528,2.685945324669788,0.125,1.0
smoke,20,3,32,min_energy,13,32,32.0,-1.8244674803023402,0.0,0.0,1.200508130763413,1.9083172938858157,1.0,0.5625,0.6666666666666667,-0.03592375366568915,3.422414204014729,0.0625,1.0
smoke,20,3,32,calibrated_clipped,11,32,32.0,-0.3402273658059059,1.0,1.0,0.29104048960804696,0.4240771793893815,1.0,0.5625,0.6666666666666667,-0.03592375366568915,3.422414204014729,0.03125,0.0
smoke,20,3,32,diversity_constrained,30,32,32.0,-1.8209457912259246,0.0,0.0,1.1931228956013011,1.9047956048094001,1.0,0.5625,0.6666666666666667,-0.03592375366568915,3.422414204014729,0.03125,1.0
smoke,20,3,64,min_energy,42,64,64.0,-1.8548432324865505,0.0,0.0,1.233031181556527,1.944177591381124,1.0,0.53125,0.609375,0.2276098901098901,4.093900535182178,0.03125,1.0
smoke,20,3,64,calibrated_clipped,33,64,64.0,-0.2220812655270316,1.0,1.0,0.22859874269347155,0.3114156244216051,1.0,0.53125,0.609375,0.2276098901098901,4.093900535182178,0.015625,0.0
smoke,20,3,64,diversity_constrained,42,64,64.0,-1.8548432324865505,0.0,0.0,1.233031181556527,1.944177591381124,1.0,0.53125,0.609375,0.2276098901098901,4.093900535182178,0.03125,1.0
smoke,20,3,128,min_energy,124,128,128.0,-1.9130628870081743,0.0,0.0,1.3035268534673827,2.0529113907244576,1.0,0.4296875,0.5325520833333333,0.3013756637978392,4.782959839618961,0.0078125,1.0
smoke,20,3,128,calibrated_clipped,36,128,128.0,-0.07824444941955501,1.0,1.0,0.17677447577912167,0.2180929531358382,1.0,0.4296875,0.5325520833333333,0.3013756637978392,4.782959839618961,0.0078125,0.0
smoke,20,3,128,diversity_constrained,123,128,128.0,-1.880646508016065,0.16666666666666663,0.0,1.1492534507420993,2.0204950117323484,1.0,0.4296875,0.5325520833333333,0.3013756637978392,4.782959839618961,0.0234375,1.0
smoke,21,0,1,min_energy,0,1,1.0,-0.049309463761974016,1.0,1.0,0.16259947316296178,0.0,0.0,1.0,1.0,0.0,-0.0,1.0,0.0
smoke,21,0,1,calibrated_clipped,0,1,1.0,-0.049309463761974016,1.0,1.0,0.16259947316296178,0.0,0.0,1.0,1.0,0.0,-0.0,1.0,0.0
smoke,21,0,1,diversity_constrained,0,1,1.0,-0.049309463761974016,1.0,1.0,0.16259947316296178,0.0,0.0,1.0,1.0,0.0,-0.0,1.0,0.0
smoke,21,0,2,min_energy,1,2,2.0,-0.2447806792828267,1.0,1.0,0.25395109865280924,0.09773560776042634,0.0,1.0,1.0,1.0,0.6931471805599453,0.5,0.0
smoke,21,0,2,calibrated_clipped,1,2,2.0,-0.2447806792828267,1.0,1.0,0.25395109865280924,0.09773560776042634,0.0,1.0,1.0,1.0,0.6931471805599453,0.5,0.0
smoke,21,0,2,diversity_constrained,1,2,2.0,-0.2447806792828267,1.0,1.0,0.25395109865280924,0.09773560776042634,0.0,1.0,1.0,1.0,0.6931471805599453,0.5,0.0
smoke,21,0,4,min_energy,1,4,4.0,-0.2447806792828267,1.0,1.0,0.25395109865280924,0.22666170206093816,0.0,0.75,0.75,0.4,1.3862943611198906,0.25,0.0
smoke,21,0,4,calibrated_clipped,0,4,4.0,-0.049309463761974016,1.0,1.0,0.16259947316296178,0.031190486540085487,0.0,0.75,0.75,0.4,1.3862943611198906,0.25,0.0
smoke,21,0,4,diversity_constrained,1,4,4.0,-0.2447806792828267,1.0,1.0,0.25395109865280924,0.22666170206093816,0.0,0.75,0.75,0.4,1.3862943611198906,0.25,0.0
smoke,21,0,8,min_energy,7,8,8.0,-1.77302408677078,0.0,0.0,1.1445913986638911,1.8416433570704254,1.0,0.625,0.7291666666666667,0.07142857142857142,2.0794415416798357,0.125,1.0
smoke,21,0,8,calibrated_clipped,1,8,8.0,-0.2447806792828267,1.0,1.0,0.25395109865280924,0.31339994958247197,1.0,0.625,0.7291666666666667,0.07142857142857142,2.0794415416798357,0.125,0.0
smoke,21,0,8,diversity_constrained,7,8,8.0,-1.77302408677078,0.0,0.0,1.1445913986638911,1.8416433570704254,1.0,0.625,0.7291666666666667,0.07142857142857142,2.0794415416798357,0.125,1.0
smoke,21,0,16,min_energy,7,16,16.0,-1.77302408677078,0.0,0.0,1.1445913986638911,1.9257194415065813,0.5,0.5625,0.6979166666666667,0.36176470588235293,2.772588722239781,0.0625,1.0
smoke,21,0,16,calibrated_clipped,3,16,16.0,0.01307150931819696,1.0,1.0,0.15866471102135063,0.1396238454176043,0.5,0.5625,0.6979166666666667,0.36176470588235293,2.772588722239781,0.0625,0.0
smoke,21,0,16,diversity_constrained,7,16,16.0,-1.77302408677078,0.0,0.0,1.1445913986638911,1.9257194415065813,0.5,0.5625,0.6979166666666667,0.36176470588235293,2.772588722239781,0.0625,1.0
smoke,21,0,32,min_energy,7,32,32.0,-1.77302408677078,0.0,0.0,1.1445913986638911,1.9149741328080225,1.0,0.46875,0.5677083333333334,0.2404692082111437,3.422414204014729,0.0625,1.0
smoke,21,0,32,calibrated_clipped,24,32,32.0,-0.08424880197017627,1.0,1.0,0.18622928337517164,0.2261988480074188,1.0,0.46875,0.5677083333333334,0.2404692082111437,3.422414204014729,0.03125,0.0
smoke,21,0,32,diversity_constrained,22,32,32.0,-1.7520062625888912,0.0,0.0,1.1108763723792292,1.8939563086261337,1.0,0.46875,0.5677083333333334,0.2404692082111437,3.422414204014729,0.03125,1.0
smoke,21,0,64,min_energy,34,64,64.0,-1.847945272075802,0.16666666666666663,0.0,1.102839063850509,2.0139878492850105,1.0,0.390625,0.546875,0.39972527472527475,4.107385632328355,0.015625,1.0
smoke,21,0,64,calibrated_clipped,26,64,64.0,-0.006144318449800832,1.0,1.0,0.13795414987343785,0.17218689565900921,1.0,0.390625,0.546875,0.39972527472527475,4.107385632328355,0.015625,0.0
smoke,21,0,64,diversity_constrained,34,64,64.0,-1.847945272075802,0.16666666666666663,0.0,1.102839063850509,2.0139878492850105,1.0,0.390625,0.546875,0.39972527472527475,4.107385632328355,0.015625,1.0
smoke,21,0,128,min_energy,104,128,128.0,-1.9844658293827413,0.33333333333333337,0.0,1.144346915995733,2.1306297835890993,1.0,0.359375,0.52734375,0.20687603003112984,4.7525824452532515,0.0078125,1.0
smoke,21,0,128,calibrated_clipped,0,128,128.0,-0.049309463761974016,1.0,1.0,0.16259947316296178,0.1954734179683322,1.0,0.359375,0.52734375,0.20687603003112984,4.7525824452532515,0.0078125,0.0
smoke,21,0,128,diversity_constrained,104,128,128.0,-1.9844658293827413,0.33333333333333337,0.0,1.144346915995733,2.1306297835890993,1.0,0.359375,0.52734375,0.20687603003112984,4.7525824452532515,0.0078125,1.0
smoke,21,1,1,min_energy,0,1,1.0,0.11039033673157723,1.0,1.0,0.10188612088791434,0.0,0.0,1.0,1.0,0.0,-0.0,1.0,0.0
smoke,21,1,1,calibrated_clipped,0,1,1.0,0.11039033673157723,1.0,1.0,0.10188612088791434,0.0,0.0,1.0,1.0,0.0,-0.0,1.0,0.0
smoke,21,1,1,diversity_constrained,0,1,1.0,0.11039033673157723,1.0,1.0,0.10188612088791434,0.0,0.0,1.0,1.0,0.0,-0.0,1.0,0.0
smoke,21,1,2,min_energy,1,2,2.0,0.09547282126092567,0.8333333333333334,0.0,0.13354314210524346,0.007458757735325783,1.0,0.5,0.9166666666666667,-1.0,0.6931471805599453,0.5,0.0
smoke,21,1,2,calibrated_clipped,0,2,2.0,0.11039033673157723,1.0,1.0,0.10188612088791434,-0.007458757735325783,1.0,0.5,0.9166666666666667,-1.0,0.6931471805599453,0.5,0.0
smoke,21,1,2,diversity_constrained,1,2,2.0,0.09547282126092567,0.8333333333333334,0.0,0.13354314210524346,0.007458757735325783,1.0,0.5,0.9166666666666667,-1.0,0.6931471805599453,0.5,0.0
smoke,21,1,4,min_energy,2,4,4.0,-0.11757301746608942,1.0,1.0,0.18202182497442154,0.22050459646234088,0.0,0.5,0.7083333333333334,0.8,1.3862943611198906,0.25,0.0
smoke,21,1,4,calibrated_clipped,2,4,4.0,-0.11757301746608942,1.0,1.0,0.18202182497442154,0.22050459646234088,0.0,0.5,0.7083333333333334,0.8,1.3862943611198906,0.25,0.0
smoke,21,1,4,diversity_constrained,2,4,4.0,-0.11757301746608942,1.0,1.0,0.18202182497442154,0.22050459646234088,0.0,0.5,0.7083333333333334,0.8,1.3862943611198906,0.25,0.0
smoke,21,1,8,min_energy,2,8,8.0,-0.11757301746608942,1.0,1.0,0.18202182497442154,0.4850553722340175,0.0,0.375,0.4791666666666667,0.9047619047619048,2.0794415416798357,0.125,0.0
smoke,21,1,8,calibrated_clipped,7,8,8.0,0.020603658921579088,1.0,1.0,0.15149760405037238,0.346878695846349,0.0,0.375,0.4791666666666667,0.9047619047619048,2.0794415416798357,0.125,0.0
smoke,21,1,8,diversity_constrained,2,8,8.0,-0.11757301746608942,1.0,1.0,0.18202182497442154,0.4850553722340175,0.0,0.375,0.4791666666666667,0.9047619047619048,2.0794415416798357,0.125,0.0
smoke,21,1,16,min_energy,11,16,16.0,-1.7748603724836294,0.0,0.0,1.1406585076403084,1.934469374615503,1.0,0.375,0.5208333333333334,0.6176470588235294,2.772588722239781,0.0625,1.0
smoke,21,1,16,calibrated_clipped,7,16,16.0,0.020603658921579088,1.0,1.0,0.15149760405037238,0.13900534321029462,1.0,0.375,0.5208333333333334,0.6176470588235294,2.772588722239781,0.0625,0.0
smoke,21,1,16,diversity_constrained,11,16,16.0,-1.7748603724836294,0.0,0.0,1.1406585076403084,1.934469374615503,1.0,0.375,0.5208333333333334,0.6176470588235294,2.772588722239781,0.0625,1.0
smoke,21,1,32,min_energy,11,32,32.0,-1.7748603724836294,0.0,0.0,1.1406585076403084,1.919625605337247,0.75,0.4375,0.5625,0.6096041055718475,3.4657359027997265,0.03125,1.0
smoke,21,1,32,calibrated_clipped,12,32,32.0,0.06963023149772665,1.0,1.0,0.11070725802020627,0.07513500135589088,0.75,0.4375,0.5625,0.6096041055718475,3.4657359027997265,0.03125,0.0
smoke,21,1,32,diversity_constrained,11,32,32.0,-1.7748603724836294,0.0,0.0,1.1406585076403084,1.919625605337247,0.75,0.4375,0.5625,0.6096041055718475,3.4657359027997265,0.03125,1.0
smoke,21,1,64,min_energy,40,64,64.0,-1.9308681544951114,0.16666666666666663,0.0,1.2033481257687306,2.0842729335722185,1.0,0.40625,0.5546875,0.4701007326007326,4.1588830833596715,0.015625,1.0
smoke,21,1,64,calibrated_clipped,60,64,64.0,-0.004862913603581252,1.0,1.0,0.13370882373892826,0.15826769268068824,1.0,0.40625,0.5546875,0.4701007326007326,4.1588830833596715,0.015625,0.0
smoke,21,1,64,diversity_constrained,40,64,64.0,-1.9308681544951114,0.16666666666666663,0.0,1.2033481257687306,2.0842729335722185,1.0,0.40625,0.5546875,0.4701007326007326,4.1588830833596715,0.015625,1.0
smoke,21,1,128,min_energy,97,128,128.0,-2.1586666666666674,0.33333333333333337,0.0,1.3500000000000003,2.3151919457412755,0.9230769230769231,0.390625,0.5481770833333334,0.5393929683208204,4.852030263919617,0.0078125,1.0
smoke,21,1,128,calibrated_clipped,89,128,128.0,0.03818813546007373,1.0,1.0,0.12414158671203411,0.11833714361453433,0.9230769230769231,0.390625,0.5481770833333334,0.5393929683208204,4.852030263919617,0.0078125,0.0
smoke,21,1,128,diversity_constrained,97,128,128.0,-2.1586666666666674,0.33333333333333337,0.0,1.3500000000000003,2.3151919457412755,0.9230769230769231,0.390625,0.5481770833333334,0.5393929683208204,4.852030263919617,0.0078125,1.0
smoke,21,2,1,min_energy,0,1,1.0,0.7320322952578776,0.0,0.0,0.09517000247335296,0.0,1.0,0.0,0.0,0.0,-0.0,1.0,0.0
smoke,21,2,1,calibrated_clipped,0,1,1.0,0.7320322952578776,0.0,0.0,0.09517000247335296,0.0,1.0,0.0,0.0,0.0,-0.0,1.0,0.0
smoke,21,2,1,diversity_constrained,0,1,1.0,0.7320322952578776,0.0,0.0,0.09517000247335296,0.0,1.0,0.0,0.0,0.0,-0.0,1.0,0.0
smoke,21,2,2,min_energy,1,2,2.0,0.6901531654455687,0.16666666666666663,0.0,0.08375356311806732,0.02093956490615445,1.0,0.0,0.08333333333333331,1.0,0.6931471805599453,0.5,0.0
smoke,21,2,2,calibrated_clipped,1,2,2.0,0.6901531654455687,0.16666666666666663,0.0,0.08375356311806732,0.02093956490615445,1.0,0.0,0.08333333333333331,1.0,0.6931471805599453,0.5,0.0
smoke,21,2,2,diversity_constrained,1,2,2.0,0.6901531654455687,0.16666666666666663,0.0,0.08375356311806732,0.02093956490615445,1.0,0.0,0.08333333333333331,1.0,0.6931471805599453,0.5,0.0
smoke,21,2,4,min_energy,2,4,4.0,0.10675902730387672,1.0,1.0,0.10181286888662779,0.6043337030478464,0.0,0.25,0.29166666666666663,0.8,1.3862943611198906,0.25,0.0
smoke,21,2,4,calibrated_clipped,2,4,4.0,0.10675902730387672,1.0,1.0,0.10181286888662779,0.6043337030478464,0.0,0.25,0.29166666666666663,0.8,1.3862943611198906,0.25,0.0
smoke,21,2,4,diversity_constrained,2,4,4.0,0.10675902730387672,1.0,1.0,0.10181286888662779,0.6043337030478464,0.0,0.25,0.29166666666666663,0.8,1.3862943611198906,0.25,0.0
smoke,21,2,8,min_energy,4,8,8.0,0.08893411993320165,1.0,1.0,0.10594407598636728,0.5878972088049202,0.0,0.375,0.3958333333333333,0.8809523809523809,2.0794415416798357,0.125,0.0
smoke,21,2,8,calibrated_clipped,2,8,8.0,0.10675902730387672,1.0,1.0,0.10181286888662779,0.5700723014342451,0.0,0.375,0.3958333333333333,0.8809523809523809,2.0794415416798357,0.125,0.0
smoke,21,2,8,diversity_constrained,4,8,8.0,0.08893411993320165,1.0,1.0,0.10594407598636728,0.5878972088049202,0.0,0.375,0.3958333333333333,0.8809523809523809,2.0794415416798357,0.125,0.0
smoke,21,2,16,min_energy,8,16,16.0,-0.24998938840192814,0.8333333333333334,0.0,0.2973309908428896,0.6432377327619966,0.5,0.375,0.4791666666666667,0.8588235294117647,2.772588722239781,0.0625,0.0
smoke,21,2,16,calibrated_clipped,11,16,16.0,0.04536770746350983,1.0,1.0,0.11969349049196844,0.3478806368965586,0.5,0.375,0.4791666666666667,0.8588235294117647,2.772588722239781,0.0625,0.0
smoke,21,2,16,diversity_constrained,8,16,16.0,-0.24998938840192814,0.8333333333333334,0.0,0.2973309908428896,0.6432377327619966,0.5,0.375,0.4791666666666667,0.8588235294117647,2.772588722239781,0.0625,0.0
smoke,21,2,32,min_energy,8,32,32.0,-0.24998938840192814,0.8333333333333334,0.0,0.2973309908428896,0.4142783167448599,0.5,0.53125,0.6510416666666667,0.6616568914956011,3.4657359027997265,0.03125,0.0
smoke,21,2,32,calibrated_clipped,11,32,32.0,0.04536770746350983,1.0,1.0,0.11969349049196844,0.11892122087942192,0.5,0.53125,0.6510416666666667,0.6616568914956011,3.4657359027997265,0.03125,0.0
smoke,21,2,32,diversity_constrained,8,32,32.0,-0.24998938840192814,0.8333333333333334,0.0,0.2973309908428896,0.4142783167448599,0.5,0.53125,0.6510416666666667,0.6616568914956011,3.4657359027997265,0.03125,0.0
smoke,21,2,64,min_energy,53,64,64.0,-1.9973216347849434,0.33333333333333337,0.0,1.1601980878755969,2.1516771320012613,0.7142857142857143,0.5,0.6067708333333333,0.5658882783882784,4.1588830833596715,0.015625,1.0
smoke,21,2,64,calibrated_clipped,11,64,64.0,0.04536770746350983,1.0,1.0,0.11969349049196844,0.10898778975280815,0.7142857142857143,0.5,0.6067708333333333,0.5658882783882784,4.1588830833596715,0.015625,0.0
smoke,21,2,64,diversity_constrained,53,64,64.0,-1.9973216347849434,0.33333333333333337,0.0,1.1601980878755969,2.1516771320012613,0.7142857142857143,0.5,0.6067708333333333,0.5658882783882784,4.1588830833596715,0.015625,1.0
smoke,21,2,128,min_energy,53,128,128.0,-1.9973216347849434,0.33333333333333337,0.0,1.1601980878755969,2.1516771320012613,0.6153846153846154,0.484375,0.6015625,0.6465905969602637,4.852030263919617,0.0078125,1.0
smoke,21,2,128,calibrated_clipped,11,128,128.0,0.04536770746350983,1.0,1.0,0.11969349049196844,0.10898778975280815,0.6153846153846154,0.484375,0.6015625,0.6465905969602637,4.852030263919617,0.0078125,0.0
smoke,21,2,128,diversity_constrained,53,128,128.0,-1.9973216347849434,0.33333333333333337,0.0,1.1601980878755969,2.1516771320012613,0.6153846153846154,0.484375,0.6015625,0.6465905969602637,4.852030263919617,0.0078125,1.0
smoke,21,3,1,min_energy,0,1,1.0,0.17764711642839126,1.0,1.0,0.07099951244132752,0.0,0.0,1.0,1.0,0.0,-0.0,1.0,0.0
smoke,21,3,1,calibrated_clipped,0,1,1.0,0.17764711642839126,1.0,1.0,0.07099951244132752,0.0,0.0,1.0,1.0,0.0,-0.0,1.0,0.0
smoke,21,3,1,diversity_constrained,0,1,1.0,0.17764711642839126,1.0,1.0,0.07099951244132752,0.0,0.0,1.0,1.0,0.0,-0.0,1.0,0.0
smoke,21,3,2,min_energy,0,2,2.0,0.17764711642839126,1.0,1.0,0.07099951244132752,0.2528659681969635,0.0,0.5,0.5,1.0,0.6931471805599453,0.5,0.0
smoke,21,3,2,calibrated_clipped,0,2,2.0,0.17764711642839126,1.0,1.0,0.07099951244132752,0.2528659681969635,0.0,0.5,0.5,1.0,0.6931471805599453,0.5,0.0
smoke,21,3,2,diversity_constrained,0,2,2.0,0.17764711642839126,1.0,1.0,0.07099951244132752,0.2528659681969635,0.0,0.5,0.5,1.0,0.6931471805599453,0.5,0.0
smoke,21,3,4,min_energy,2,4,4.0,0.11943736681938605,0.8333333333333334,0.0,0.15034719794512466,0.3110757178059687,1.0,0.25,0.45833333333333337,0.6,1.3862943611198906,0.25,0.0
smoke,21,3,4,calibrated_clipped,0,4,4.0,0.17764711642839126,1.0,1.0,0.07099951244132752,0.2528659681969635,1.0,0.25,0.45833333333333337,0.6,1.3862943611198906,0.25,0.0
smoke,21,3,4,diversity_constrained,2,4,4.0,0.11943736681938605,0.8333333333333334,0.0,0.15034719794512466,0.3110757178059687,1.0,0.25,0.45833333333333337,0.6,1.3862943611198906,0.25,0.0
smoke,21,3,8,min_energy,7,8,8.0,0.002053774987564677,1.0,1.0,0.13958224029658864,0.2907324411809121,0.0,0.375,0.5208333333333334,0.9523809523809523,2.0794415416798357,0.125,0.0
smoke,21,3,8,calibrated_clipped,4,8,8.0,0.11547596340592531,1.0,1.0,0.09949738353630659,0.17731025276255147,0.0,0.375,0.5208333333333334,0.9523809523809523,2.0794415416798357,0.125,0.0
smoke,21,3,8,diversity_constrained,7,8,8.0,0.002053774987564677,1.0,1.0,0.13958224029658864,0.2907324411809121,0.0,0.375,0.5208333333333334,0.9523809523809523,2.0794415416798357,0.125,0.0
smoke,21,3,16,min_energy,12,16,16.0,-1.9278008136356737,0.16666666666666663,0.0,1.200508130763413,2.102510405219717,1.0,0.375,0.45833333333333337,0.5294117647058824,2.772588722239781,0.0625,1.0
smoke,21,3,16,calibrated_clipped,4,16,16.0,0.11547596340592531,1.0,1.0,0.09949738353630659,0.059233628178118,1.0,0.375,0.45833333333333337,0.5294117647058824,2.772588722239781,0.0625,0.0
smoke,21,3,16,diversity_constrained,12,16,16.0,-1.9278008136356737,0.16666666666666663,0.0,1.200508130763413,2.102510405219717,1.0,0.375,0.45833333333333337,0.5294117647058824,2.772588722239781,0.0625,1.0
smoke,21,3,32,min_energy,12,32,32.0,-1.9278008136356737,0.16666666666666663,0.0,1.200508130763413,2.2763428479771504,1.0,0.21875,0.36458333333333337,0.4831378299120235,3.4657359027997265,0.03125,1.0
smoke,21,3,32,calibrated_clipped,4,32,32.0,0.11547596340592531,1.0,1.0,0.09949738353630659,0.23306607093555148,1.0,0.21875,0.36458333333333337,0.4831378299120235,3.4657359027997265,0.03125,0.0
smoke,21,3,32,diversity_constrained,12,32,32.0,-1.9278008136356737,0.16666666666666663,0.0,1.200508130763413,2.2763428479771504,1.0,0.21875,0.36458333333333337,0.4831378299120235,3.4657359027997265,0.03125,1.0
smoke,21,3,64,min_energy,12,64,64.0,-1.9278008136356737,0.16666666666666663,0.0,1.200508130763413,2.179001918134949,1.0,0.28125,0.44531250000000006,0.6048534798534798,4.137222233967175,0.03125,1.0
smoke,21,3,64,calibrated_clipped,48,64,64.0,0.09435201856394153,1.0,1.0,0.10448162863079358,0.15684908593533392,1.0,0.28125,0.44531250000000006,0.6048534798534798,4.137222233967175,0.015625,0.0
smoke,21,3,64,diversity_constrained,12,64,64.0,-1.9278008136356737,0.16666666666666663,0.0,1.200508130763413,2.179001918134949,1.0,0.28125,0.44531250000000006,0.6048534798534798,4.137222233967175,0.03125,1.0
smoke,21,3,128,min_energy,75,128,128.0,-2.055333333333334,0.16666666666666663,0.0,1.3500000000000003,2.225378743830887,1.0,0.328125,0.5052083333333334,0.4559947811756089,4.808708565134619,0.0078125,1.0
smoke,21,3,128,calibrated_clipped,78,128,128.0,0.047106421116260504,1.0,1.0,0.11363132918852743,0.12293898938129286,1.0,0.328125,0.5052083333333334,0.4559947811756089,4.808708565134619,0.0078125,0.0
smoke,21,3,128,diversity_constrained,75,128,128.0,-2.055333333333334,0.16666666666666663,0.0,1.3500000000000003,2.225378743830887,1.0,0.328125,0.5052083333333334,0.4559947811756089,4.808708565134619,0.0078125,1.0
smoke,22,0,1,min_energy,0,1,1.0,0.09074825973994553,1.0,1.0,0.11139900634838495,0.0,0.0,1.0,1.0,0.0,-0.0,1.0,0.0
smoke,22,0,1,calibrated_clipped,0,1,1.0,0.09074825973994553,1.0,1.0,0.11139900634838495,0.0,0.0,1.0,1.0,0.0,-0.0,1.0,0.0
smoke,22,0,1,diversity_constrained,0,1,1.0,0.09074825973994553,1.0,1.0,0.11139900634838495,0.0,0.0,1.0,1.0,0.0,-0.0,1.0,0.0
smoke,22,0,2,min_energy,1,2,2.0,-2.055333333333334,0.16666666666666663,0.0,1.3500000000000003,1.0730407965366398,1.0,0.5,0.5833333333333333,-1.0,0.6931471805599453,0.5,1.0
smoke,22,0,2,calibrated_clipped,1,2,2.0,-2.055333333333334,0.16666666666666663,0.0,1.3500000000000003,1.0730407965366398,1.0,0.5,0.5833333333333333,-1.0,0.6931471805599453,0.5,1.0
smoke,22,0,2,diversity_constrained,1,2,2.0,-2.055333333333334,0.16666666666666663,0.0,1.3500000000000003,1.0730407965366398,1.0,0.5,0.5833333333333333,-1.0,0.6931471805599453,0.5,1.0
smoke,22,0,4,min_energy,1,4,4.0,-2.055333333333334,0.16666666666666663,0.0,1.3500000000000003,2.1454340465996835,1.0,0.75,0.7916666666666666,-0.8,1.3862943611198906,0.25,1.0
smoke,22,0,4,calibrated_clipped,0,4,4.0,0.09074825973994553,1.0,1.0,0.11139900634838495,-0.0006475464735960362,1.0,0.75,0.7916666666666666,-0.8,1.3862943611198906,0.25,0.0
smoke,22,0,4,diversity_constrained,1,4,4.0,-2.055333333333334,0.16666666666666663,0.0,1.3500000000000003,2.1454340465996835,1.0,0.75,0.7916666666666666,-0.8,1.3862943611198906,0.25,1.0
smoke,22,0,8,min_energy,1,8,8.0,-2.055333333333334,0.16666666666666663,0.0,1.3500000000000003,2.1454340465996835,1.0,0.5,0.625,-0.40476190476190477,2.0794415416798357,0.125,1.0
smoke,22,0,8,calibrated_clipped,5,8,8.0,-1.3540713804218334,0.0,0.0,0.9803042438414762,1.444172093688183,1.0,0.5,0.625,-0.40476190476190477,2.0794415416798357,0.125,1.0
smoke,22,0,8,diversity_constrained,1,8,8.0,-2.055333333333334,0.16666666666666663,0.0,1.3500000000000003,2.1454340465996835,1.0,0.5,0.625,-0.40476190476190477,2.0794415416798357,0.125,1.0
smoke,22,0,16,min_energy,1,16,16.0,-2.055333333333334,0.16666666666666663,0.0,1.3500000000000003,2.146890855312012,1.0,0.5625,0.6458333333333333,0.011764705882352941,2.772588722239781,0.0625,1.0
smoke,22,0,16,calibrated_clipped,12,16,16.0,-0.2883425934222351,1.0,1.0,0.257336183299697,0.379900115400913,1.0,0.5625,0.6458333333333333,0.011764705882352941,2.772588722239781,0.0625,0.0
smoke,22,0,16,diversity_constrained,13,16,16.0,-1.9285449866828719,0.16666666666666663,0.0,1.1976608880281543,2.02010250866155,1.0,0.5625,0.6458333333333333,0.011764705882352941,2.772588722239781,0.0625,1.0
smoke,22,0,32,min_energy,1,32,32.0,-2.055333333333334,0.16666666666666663,0.0,1.3500000000000003,2.1588198050235414,1.0,0.4375,0.5364583333333333,0.43841642228739003,3.4657359027997265,0.03125,1.0
smoke,22,0,32,calibrated_clipped,12,32,32.0,-0.2883425934222351,1.0,1.0,0.257336183299697,0.39182906511244264,1.0,0.4375,0.5364583333333333,0.43841642228739003,3.4657359027997265,0.03125,0.0
smoke,22,0,32,diversity_constrained,13,32,32.0,-1.9285449866828719,0.16666666666666663,0.0,1.1976608880281543,2.0320314583730794,1.0,0.4375,0.5364583333333333,0.43841642228739003,3.4657359027997265,0.03125,1.0
smoke,22,0,64,min_energy,1,64,64.0,-2.055333333333334,0.16666666666666663,0.0,1.3500000000000003,2.2111530847839975,1.0,0.390625,0.5234375,0.4848901098901099,4.1588830833596715,0.015625,1.0
smoke,22,0,64,calibrated_clipped,54,64,64.0,0.0010812408380274632,1.0,1.0,0.14423686721714252,0.15473851061263635,1.0,0.390625,0.5234375,0.4848901098901099,4.1588830833596715,0.015625,0.0
smoke,22,0,64,diversity_constrained,13,64,64.0,-1.9285449866828719,0.16666666666666663,0.0,1.1976608880281543,2.0843647381335355,1.0,0.390625,0.5234375,0.4848901098901099,4.1588830833596715,0.015625,1.0
smoke,22,0,128,min_energy,1,128,128.0,-2.055333333333334,0.16666666666666663,0.0,1.3500000000000003,2.225785456468889,1.0,0.359375,0.5104166666666666,0.4728300677531588,4.852030263919617,0.0078125,1.0
smoke,22,0,128,calibrated_clipped,54,128,128.0,0.0010812408380274632,1.0,1.0,0.14423686721714252,0.1693708822975277,1.0,0.359375,0.5104166666666666,0.4728300677531588,4.852030263919617,0.0078125,0.0
smoke,22,0,128,diversity_constrained,13,128,128.0,-1.9285449866828719,0.16666666666666663,0.0,1.1976608880281543,2.098997109818427,1.0,0.359375,0.5104166666666666,0.4728300677531588,4.852030263919617,0.0078125,1.0
smoke,22,1,1,min_energy,0,1,1.0,0.10781949170426444,0.8333333333333334,0.0,0.133092187147721,0.0,1.0,0.0,0.8333333333333334,0.0,-0.0,1.0,0.0
smoke,22,1,1,calibrated_clipped,0,1,1.0,0.10781949170426444,0.8333333333333334,0.0,0.133092187147721,0.0,1.0,0.0,0.8333333333333334,0.0,-0.0,1.0,0.0
smoke,22,1,1,diversity_constrained,0,1,1.0,0.10781949170426444,0.8333333333333334,0.0,0.133092187147721,0.0,1.0,0.0,0.8333333333333334,0.0,-0.0,1.0,0.0
smoke,22,1,2,min_energy,1,2,2.0,-0.15272733801553207,0.6666666666666667,0.0,0.3019563561543517,0.13027341485989824,1.0,0.0,0.75,-1.0,0.6931471805599453,0.5,0.0
smoke,22,1,2,calibrated_clipped,1,2,2.0,-0.15272733801553207,0.6666666666666667,0.0,0.3019563561543517,0.13027341485989824,1.0,0.0,0.75,-1.0,0.6931471805599453,0.5,0.0
smoke,22,1,2,diversity_constrained,1,2,2.0,-0.15272733801553207,0.6666666666666667,0.0,0.3019563561543517,0.13027341485989824,1.0,0.0,0.75,-1.0,0.6931471805599453,0.5,0.0
smoke,22,1,4,min_energy,2,4,4.0,-1.7833209664599543,0.0,0.0,1.1557836591956023,1.7608670433043205,1.0,0.25,0.625,-1.0,1.3862943611198906,0.25,1.0
smoke,22,1,4,calibrated_clipped,1,4,4.0,-0.15272733801553207,0.6666666666666667,0.0,0.3019563561543517,0.13027341485989824,1.0,0.25,0.625,-1.0,1.3862943611198906,0.25,0.0
smoke,22,1,4,diversity_constrained,2,4,4.0,-1.7833209664599543,0.0,0.0,1.1557836591956023,1.7608670433043205,1.0,0.25,0.625,-1.0,1.3862943611198906,0.25,1.0
smoke,22,1,8,min_energy,2,8,8.0,-1.7833209664599543,0.0,0.0,1.1557836591956023,1.8142439855381751,1.0,0.375,0.5625,-0.2857142857142857,1.9061547465398496,0.25,1.0
smoke,22,1,8,calibrated_clipped,6,8,8.0,-1.2221671774236236,0.0,0.0,0.9358494256039985,1.2530901965018444,1.0,0.375,0.5625,-0.2857142857142857,1.9061547465398496,0.25,1.0
smoke,22,1,8,diversity_constrained,2,8,8.0,-1.7833209664599543,0.0,0.0,1.1557836591956023,1.8142439855381751,1.0,0.375,0.5625,-0.2857142857142857,1.9061547465398496,0.25,1.0
smoke,22,1,16,min_energy,2,16,16.0,-1.7833209664599543,0.0,0.0,1.1557836591956023,1.9098995344520877,1.0,0.375,0.5729166666666667,0.1323529411764706,2.685945324669788,0.125,1.0
smoke,22,1,16,calibrated_clipped,8,16,16.0,0.017923229711518475,1.0,1.0,0.12448099679544995,0.10865533828061488,1.0,0.375,0.5729166666666667,0.1323529411764706,2.685945324669788,0.0625,0.0
smoke,22,1,16,diversity_constrained,2,16,16.0,-1.7833209664599543,0.0,0.0,1.1557836591956023,1.9098995344520877,1.0,0.375,0.5729166666666667,0.1323529411764706,2.685945324669788,0.125,1.0
smoke,22,1,32,min_energy,31,32,32.0,-1.952,0.0,0.0,1.3499999999999999,2.078578567992133,1.0,0.34375,0.5,0.24780058651026393,3.2924491076597393,0.03125,1.0
smoke,22,1,32,calibrated_clipped,18,32,32.0,-0.13389098950289818,1.0,1.0,0.20072529404129194,0.26046955749503153,1.0,0.34375,0.5,0.24780058651026393,3.2924491076597393,0.03125,0.0
smoke,22,1,32,diversity_constrained,31,32,32.0,-1.952,0.0,0.0,1.3499999999999999,2.078578567992133,1.0,0.34375,0.5,0.24780058651026393,3.2924491076597393,0.03125,1.0
smoke,22,1,64,min_energy,31,64,64.0,-1.952,0.0,0.0,1.3499999999999999,2.104185376676844,1.0,0.3125,0.47135416666666674,0.28163919413919414,4.07223968578968,0.015625,1.0
smoke,22,1,64,calibrated_clipped,19,64,64.0,-0.08281976878500033,1.0,1.0,0.18117219641410173,0.23500514546184437,1.0,0.3125,0.47135416666666674,0.28163919413919414,4.07223968578968,0.015625,0.0
smoke,22,1,64,diversity_constrained,31,64,64.0,-1.952,0.0,0.0,1.3499999999999999,2.104185376676844,1.0,0.3125,0.47135416666666674,0.28163919413919414,4.07223968578968,0.015625,1.0
smoke,22,1,128,min_energy,76,128,128.0,-1.9520000000000008,0.0,0.0,1.3500000000000003,2.0983878915686103,1.0,0.375,0.5,0.377866919978026,4.787047715742121,0.0078125,1.0
smoke,22,1,128,calibrated_clipped,87,128,128.0,-0.04057272393977893,1.0,1.0,0.14093645043953074,0.18696061550838836,1.0,0.375,0.5,0.377866919978026,4.787047715742121,0.0078125,0.0
smoke,22,1,128,diversity_constrained,81,128,128.0,-1.872950838058473,0.16666666666666663,0.0,1.1408885920925431,2.0193387296270826,1.0,0.375,0.5,0.377866919978026,4.787047715742121,0.0078125,1.0
smoke,22,2,1,min_energy,0,1,1.0,-1.7846305920127408,0.0,0.0,1.1567130940849946,0.0,1.0,0.0,0.0,0.0,-0.0,1.0,1.0
smoke,22,2,1,calibrated_clipped,0,1,1.0,-1.7846305920127408,0.0,0.0,1.1567130940849946,0.0,1.0,0.0,0.0,0.0,-0.0,1.0,1.0
smoke,22,2,1,diversity_constrained,0,1,1.0,-1.7846305920127408,0.0,0.0,1.1567130940849946,0.0,1.0,0.0,0.0,0.0,-0.0,1.0,1.0
smoke,22,2,2,min_energy,0,2,2.0,-1.7846305920127408,0.0,0.0,1.1567130940849946,1.2067901444747196,1.0,0.0,0.0,-1.0,0.6931471805599453,0.5,1.0
smoke,22,2,2,calibrated_clipped,0,2,2.0,-1.7846305920127408,0.0,0.0,1.1567130940849946,1.2067901444747196,1.0,0.0,0.0,-1.0,0.6931471805599453,0.5,1.0
smoke,22,2,2,diversity_constrained,0,2,2.0,-1.7846305920127408,0.0,0.0,1.1567130940849946,1.2067901444747196,1.0,0.0,0.0,-1.0,0.6931471805599453,0.5,1.0
smoke,22,2,4,min_energy,0,4,4.0,-1.7846305920127408,0.0,0.0,1.1567130940849946,2.4032461748973057,1.0,0.0,0.04166666666666666,-0.8,1.3862943611198906,0.25,1.0
smoke,22,2,4,calibrated_clipped,2,4,4.0,0.6082814688324324,0.0,0.0,0.14807019379426453,0.010334114052132803,1.0,0.0,0.04166666666666666,-0.8,1.3862943611198906,0.25,0.0
smoke,22,2,4,diversity_constrained,0,4,4.0,-1.7846305920127408,0.0,0.0,1.1567130940849946,2.4032461748973057,1.0,0.0,0.04166666666666666,-0.8,1.3862943611198906,0.25,1.0
smoke,22,2,8,min_energy,4,8,8.0,-1.9104676494640307,0.16666666666666663,0.0,1.1794938218811923,2.0258758208183254,1.0,0.25,0.29166666666666663,0.07142857142857142,2.0794415416798357,0.125,1.0
smoke,22,2,8,calibrated_clipped,0,8,8.0,-1.7846305920127408,0.0,0.0,1.1567130940849946,1.9000387633670353,1.0,0.25,0.29166666666666663,0.07142857142857142,2.0794415416798357,0.125,1.0
smoke,22,2,8,diversity_constrained,4,8,8.0,-1.9104676494640307,0.16666666666666663,0.0,1.1794938218811923,2.0258758208183254,1.0,0.25,0.29166666666666663,0.07142857142857142,2.0794415416798357,0.125,1.0
smoke,22,2,16,min_energy,4,16,16.0,-1.9104676494640307,0.16666666666666663,0.0,1.1794938218811923,2.0679948347757313,1.0,0.3125,0.4375,0.22058823529411764,2.772588722239781,0.0625,1.0
smoke,22,2,16,calibrated_clipped,11,16,16.0,-0.07137423020167978,1.0,1.0,0.18984787976811957,0.2289014155133805,1.0,0.3125,0.4375,0.22058823529411764,2.772588722239781,0.0625,0.0
smoke,22,2,16,diversity_constrained,4,16,16.0,-1.9104676494640307,0.16666666666666663,0.0,1.1794938218811923,2.0679948347757313,1.0,0.3125,0.4375,0.22058823529411764,2.772588722239781,0.0625,1.0
smoke,22,2,32,min_energy,4,32,32.0,-1.9104676494640307,0.16666666666666663,0.0,1.1794938218811923,2.0362620493456927,1.0,0.34375,0.46875,0.03152492668621701,3.4657359027997265,0.03125,1.0
smoke,22,2,32,calibrated_clipped,27,32,32.0,-1.5095282931495193,0.16666666666666663,0.0,1.0222719425615574,1.6353226930311813,1.0,0.34375,0.46875,0.03152492668621701,3.4657359027997265,0.03125,1.0
smoke,22,2,32,diversity_constrained,4,32,32.0,-1.9104676494640307,0.16666666666666663,0.0,1.1794938218811923,2.0362620493456927,1.0,0.34375,0.46875,0.03152492668621701,3.4657359027997265,0.03125,1.0
smoke,22,2,64,min_energy,4,64,64.0,-1.9104676494640307,0.16666666666666663,0.0,1.1794938218811923,2.066392268811296,1.0,0.328125,0.4921875,0.33974358974358976,4.137222233967175,0.015625,1.0
smoke,22,2,64,calibrated_clipped,44,64,64.0,-0.03585192331414704,1.0,1.0,0.14338260042677217,0.19177654266141242,1.0,0.328125,0.4921875,0.33974358974358976,4.137222233967175,0.015625,0.0
smoke,22,2,64,diversity_constrained,4,64,64.0,-1.9104676494640307,0.16666666666666663,0.0,1.1794938218811923,2.066392268811296,1.0,0.328125,0.4921875,0.33974358974358976,4.137222233967175,0.015625,1.0
smoke,22,2,128,min_energy,69,128,128.0,-2.055333333333334,0.16666666666666663,0.0,1.3500000000000003,2.224358438407152,1.0,0.328125,0.46223958333333337,0.40488234755539276,4.815451113707707,0.0078125,1.0
smoke,22,2,128,calibrated_clipped,44,128,128.0,-0.03585192331414704,1.0,1.0,0.14338260042677217,0.20487702838796498,1.0,0.328125,0.46223958333333337,0.40488234755539276,4.815451113707707,0.0078125,0.0
smoke,22,2,128,diversity_constrained,69,128,128.0,-2.055333333333334,0.16666666666666663,0.0,1.3500000000000003,2.224358438407152,1.0,0.328125,0.46223958333333337,0.40488234755539276,4.815451113707707,0.0078125,1.0
smoke,22,3,1,min_energy,0,1,1.0,0.7013198963644786,0.0,0.0,0.12305603141324796,0.0,1.0,0.0,0.0,0.0,-0.0,1.0,0.0
smoke,22,3,1,calibrated_clipped,0,1,1.0,0.7013198963644786,0.0,0.0,0.12305603141324796,0.0,1.0,0.0,0.0,0.0,-0.0,1.0,0.0
smoke,22,3,1,diversity_constrained,0,1,1.0,0.7013198963644786,0.0,0.0,0.12305603141324796,0.0,1.0,0.0,0.0,0.0,-0.0,1.0,0.0
smoke,22,3,2,min_energy,1,2,2.0,0.18039713714155534,0.6666666666666667,0.0,0.16709454584848324,0.26046137961146165,1.0,0.0,0.33333333333333337,1.0,0.6931471805599453,0.5,0.0
smoke,22,3,2,calibrated_clipped,1,2,2.0,0.18039713714155534,0.6666666666666667,0.0,0.16709454584848324,0.26046137961146165,1.0,0.0,0.33333333333333337,1.0,0.6931471805599453,0.5,0.0
smoke,22,3,2,diversity_constrained,1,2,2.0,0.18039713714155534,0.6666666666666667,0.0,0.16709454584848324,0.26046137961146165,1.0,0.0,0.33333333333333337,1.0,0.6931471805599453,0.5,0.0
smoke,22,3,4,min_energy,3,4,4.0,0.11542596925024717,1.0,1.0,0.10484567986143971,0.11600891781636169,0.0,0.25,0.5833333333333334,0.8,1.3862943611198906,0.25,0.0
smoke,22,3,4,calibrated_clipped,3,4,4.0,0.11542596925024717,1.0,1.0,0.10484567986143971,0.11600891781636169,0.0,0.25,0.5833333333333334,0.8,1.3862943611198906,0.25,0.0
smoke,22,3,4,diversity_constrained,3,4,4.0,0.11542596925024717,1.0,1.0,0.10484567986143971,0.11600891781636169,0.0,0.25,0.5833333333333334,0.8,1.3862943611198906,0.25,0.0
smoke,22,3,8,min_energy,4,8,8.0,-0.11007601629428414,1.0,1.0,0.1897437479239685,0.341510903360893,0.0,0.375,0.5625,0.9047619047619048,2.0794415416798357,0.125,0.0
smoke,22,3,8,calibrated_clipped,3,8,8.0,0.11542596925024717,1.0,1.0,0.10484567986143971,0.11600891781636169,0.0,0.375,0.5625,0.9047619047619048,2.0794415416798357,0.125,0.0
smoke,22,3,8,diversity_constrained,4,8,8.0,-0.11007601629428414,1.0,1.0,0.1897437479239685,0.341510903360893,0.0,0.375,0.5625,0.9047619047619048,2.0794415416798357,0.125,0.0
smoke,22,3,16,min_energy,8,16,16.0,-1.2874736113165663,0.0,0.0,1.0494041136445225,1.414264629697149,0.5,0.4375,0.59375,0.5088235294117647,2.772588722239781,0.0625,1.0
smoke,22,3,16,calibrated_clipped,12,16,16.0,0.028991405783591766,1.0,1.0,0.13657778992570432,0.09779961259699088,0.5,0.4375,0.59375,0.5088235294117647,2.772588722239781,0.0625,0.0
smoke,22,3,16,diversity_constrained,8,16,16.0,-1.2874736113165663,0.0,0.0,1.0494041136445225,1.414264629697149,0.5,0.4375,0.59375,0.5088235294117647,2.772588722239781,0.0625,1.0
smoke,22,3,32,min_energy,29,32,32.0,-1.9910245605174437,0.33333333333333337,0.0,1.156910754185627,2.103602294770977,1.0,0.40625,0.578125,0.16019061583577712,3.422414204014729,0.03125,1.0
smoke,22,3,32,calibrated_clipped,4,32,32.0,-0.11007601629428414,1.0,1.0,0.1897437479239685,0.2226537505478175,1.0,0.40625,0.578125,0.16019061583577712,3.422414204014729,0.03125,0.0
smoke,22,3,32,diversity_constrained,29,32,32.0,-1.9910245605174437,0.33333333333333337,0.0,1.156910754185627,2.103602294770977,1.0,0.40625,0.578125,0.16019061583577712,3.422414204014729,0.03125,1.0
smoke,22,3,64,min_energy,29,64,64.0,-1.9910245605174437,0.33333333333333337,0.0,1.156910754185627,2.111830463806914,1.0,0.46875,0.65625,0.3692765567765568,4.137222233967175,0.015625,1.0
smoke,22,3,64,calibrated_clipped,40,64,64.0,-0.028200232636228367,1.0,1.0,0.15811988420737258,0.1490061359256987,1.0,0.46875,0.65625,0.3692765567765568,4.137222233967175,0.015625,0.0
smoke,22,3,64,diversity_constrained,29,64,64.0,-1.9910245605174437,0.33333333333333337,0.0,1.156910754185627,2.111830463806914,1.0,0.46875,0.65625,0.3692765567765568,4.137222233967175,0.015625,1.0
smoke,22,3,128,min_energy,29,128,128.0,-1.9910245605174437,0.33333333333333337,0.0,1.156910754185627,2.1134379034481032,1.0,0.453125,0.6106770833333334,0.34729216260758106,4.841199839223365,0.0078125,1.0
smoke,22,3,128,calibrated_clipped,91,128,128.0,0.008410269699175974,1.0,1.0,0.1262633666834004,0.11400307323148363,1.0,0.453125,0.6106770833333334,0.34729216260758106,4.841199839223365,0.0078125,0.0
smoke,22,3,128,diversity_constrained,29,128,128.0,-1.9910245605174437,0.33333333333333337,0.0,1.156910754185627,2.1134379034481032,1.0,0.453125,0.6106770833333334,0.34729216260758106,4.841199839223365,0.0078125,1.0
smoke,23,0,1,min_energy,0,1,1.0,0.016720224401097404,1.0,1.0,0.14321821720275155,0.0,0.0,1.0,1.0,0.0,-0.0,1.0,0.0
smoke,23,0,1,calibrated_clipped,0,1,1.0,0.016720224401097404,1.0,1.0,0.14321821720275155,0.0,0.0,1.0,1.0,0.0,-0.0,1.0,0.0
smoke,23,0,1,diversity_constrained,0,1,1.0,0.016720224401097404,1.0,1.0,0.14321821720275155,0.0,0.0,1.0,1.0,0.0,-0.0,1.0,0.0
smoke,23,0,2,min_energy,0,2,2.0,0.016720224401097404,1.0,1.0,0.14321821720275155,0.2873560176287929,0.0,0.5,0.5,1.0,0.6931471805599453,0.5,0.0
smoke,23,0,2,calibrated_clipped,0,2,2.0,0.016720224401097404,1.0,1.0,0.14321821720275155,0.2873560176287929,0.0,0.5,0.5,1.0,0.6931471805599453,0.5,0.0
smoke,23,0,2,diversity_constrained,0,2,2.0,0.016720224401097404,1.0,1.0,0.14321821720275155,0.2873560176287929,0.0,0.5,0.5,1.0,0.6931471805599453,0.5,0.0
smoke,23,0,4,min_energy,2,4,4.0,-1.4668922016983366,0.0,0.0,1.1251974633623474,1.770968443728227,1.0,0.25,0.25,0.0,1.3862943611198906,0.25,1.0
smoke,23,0,4,calibrated_clipped,0,4,4.0,0.016720224401097404,1.0,1.0,0.14321821720275155,0.2873560176287929,1.0,0.25,0.25,0.0,1.3862943611198906,0.25,0.0
smoke,23,0,4,diversity_constrained,2,4,4.0,-1.4668922016983366,0.0,0.0,1.1251974633623474,1.770968443728227,1.0,0.25,0.25,0.0,1.3862943611198906,0.25,1.0
smoke,23,0,8,min_energy,2,8,8.0,-1.4668922016983366,0.0,0.0,1.1251974633623474,1.6402115472343732,1.0,0.375,0.4791666666666667,0.30952380952380953,2.0794415416798357,0.125,1.0
smoke,23,0,8,calibrated_clipped,0,8,8.0,0.016720224401097404,1.0,1.0,0.14321821720275155,0.15659912113493932,1.0,0.375,0.4791666666666667,0.30952380952380953,2.0794415416798357,0.125,0.0
smoke,23,0,8,diversity_constrained,2,8,8.0,-1.4668922016983366,0.0,0.0,1.1251974633623474,1.6402115472343732,1.0,0.375,0.4791666666666667,0.30952380952380953,2.0794415416798357,0.125,1.0
smoke,23,0,16,min_energy,14,16,16.0,-1.77302408677078,0.0,0.0,1.1445913986638911,1.9403857390061388,1.0,0.4375,0.5,0.42058823529411765,2.772588722239781,0.0625,1.0
smoke,23,0,16,calibrated_clipped,0,16,16.0,0.016720224401097404,1.0,1.0,0.14321821720275155,0.1506414278342613,1.0,0.4375,0.5,0.42058823529411765,2.772588722239781,0.0625,0.0
smoke,23,0,16,diversity_constrained,14,16,16.0,-1.77302408677078,0.0,0.0,1.1445913986638911,1.9403857390061388,1.0,0.4375,0.5,0.42058823529411765,2.772588722239781,0.0625,1.0
smoke,23,0,32,min_energy,27,32,32.0,-1.8876912271841102,0.16666666666666663,0.0,1.156910754185627,2.066220423678007,1.0,0.34375,0.40625,0.3258797653958944,3.4657359027997265,0.03125,1.0
smoke,23,0,32,calibrated_clipped,24,32,32.0,-0.11253036892036065,1.0,1.0,0.19496669020690624,0.2910595654142573,1.0,0.34375,0.40625,0.3258797653958944,3.4657359027997265,0.03125,0.0
smoke,23,0,32,diversity_constrained,27,32,32.0,-1.8876912271841102,0.16666666666666663,0.0,1.156910754185627,2.066220423678007,1.0,0.34375,0.40625,0.3258797653958944,3.4657359027997265,0.03125,1.0
smoke,23,0,64,min_energy,35,64,64.0,-2.055333333333333,0.16666666666666663,0.0,1.3499999999999999,2.2285267245430984,1.0,0.328125,0.4140625,0.3294871794871795,4.137222233967175,0.015625,1.0
smoke,23,0,64,calibrated_clipped,24,64,64.0,-0.11253036892036065,1.0,1.0,0.19496669020690624,0.28572376013012607,1.0,0.328125,0.4140625,0.3294871794871795,4.137222233967175,0.015625,0.0
smoke,23,0,64,diversity_constrained,35,64,64.0,-2.055333333333333,0.16666666666666663,0.0,1.3499999999999999,2.2285267245430984,1.0,0.328125,0.4140625,0.3294871794871795,4.137222233967175,0.015625,1.0
smoke,23,0,128,min_energy,81,128,128.0,-2.055333333333334,0.16666666666666663,0.0,1.3500000000000003,2.215329915198093,1.0,0.3359375,0.4778645833333333,0.33798754806811937,4.8046206890114584,0.0078125,1.0
smoke,23,0,128,calibrated_clipped,126,128,128.0,-0.11297402326199173,1.0,1.0,0.1944015535070813,0.2729706051267507,1.0,0.3359375,0.4778645833333333,0.33798754806811937,4.8046206890114584,0.0078125,0.0
smoke,23,0,128,diversity_constrained,125,128,128.0,-1.9839798413493983,0.33333333333333337,0.0,1.1492534507420993,2.1439764232141574,1.0,0.3359375,0.4778645833333333,0.33798754806811937,4.8046206890114584,0.0078125,1.0
smoke,23,1,1,min_energy,0,1,1.0,0.6251546884244161,0.0,0.0,0.14327913910283588,0.0,1.0,0.0,0.0,0.0,-0.0,1.0,0.0
smoke,23,1,1,calibrated_clipped,0,1,1.0,0.6251546884244161,0.0,0.0,0.14327913910283588,0.0,1.0,0.0,0.0,0.0,-0.0,1.0,0.0
smoke,23,1,1,diversity_constrained,0,1,1.0,0.6251546884244161,0.0,0.0,0.14327913910283588,0.0,1.0,0.0,0.0,0.0,-0.0,1.0,0.0
smoke,23,1,2,min_energy,1,2,2.0,0.219402792247119,0.8333333333333334,0.0,0.09813253769949899,0.20287594808864856,1.0,0.0,0.4166666666666667,1.0,0.6931471805599453,0.5,0.0
smoke,23,1,2,calibrated_clipped,1,2,2.0,0.219402792247119,0.8333333333333334,0.0,0.09813253769949899,0.20287594808864856,1.0,0.0,0.4166666666666667,1.0,0.6931471805599453,0.5,0.0
smoke,23,1,2,diversity_constrained,1,2,2.0,0.219402792247119,0.8333333333333334,0.0,0.09813253769949899,0.20287594808864856,1.0,0.0,0.4166666666666667,1.0,0.6931471805599453,0.5,0.0
smoke,23,1,4,min_energy,1,4,4.0,0.219402792247119,0.8333333333333334,0.0,0.09813253769949899,0.4364304039645923,1.0,0.0,0.20833333333333334,0.4,1.3862943611198906,0.25,0.0
smoke,23,1,4,calibrated_clipped,1,4,4.0,0.219402792247119,0.8333333333333334,0.0,0.09813253769949899,0.4364304039645923,1.0,0.0,0.20833333333333334,0.4,1.3862943611198906,0.25,0.0
smoke,23,1,4,diversity_constrained,1,4,4.0,0.219402792247119,0.8333333333333334,0.0,0.09813253769949899,0.4364304039645923,1.0,0.0,0.20833333333333334,0.4,1.3862943611198906,0.25,0.0
smoke,23,1,8,min_energy,7,8,8.0,0.1532512949586721,0.8333333333333334,0.0,0.13685018900278043,0.49058395473000627,1.0,0.0,0.20833333333333334,0.6904761904761905,2.0794415416798357,0.125,0.0
smoke,23,1,8,calibrated_clipped,1,8,8.0,0.219402792247119,0.8333333333333334,0.0,0.09813253769949899,0.42443245744155933,1.0,0.0,0.20833333333333334,0.6904761904761905,2.0794415416798357,0.125,0.0
smoke,23,1,8,diversity_constrained,7,8,8.0,0.1532512949586721,0.8333333333333334,0.0,0.13685018900278043,0.49058395473000627,1.0,0.0,0.20833333333333334,0.6904761904761905,2.0794415416798357,0.125,0.0
smoke,23,1,16,min_energy,12,16,16.0,-0.20695674620954665,1.0,1.0,0.23478365287464567,0.49298255232735955,0.0,0.25,0.5104166666666667,0.9,2.772588722239781,0.0625,0.0
smoke,23,1,16,calibrated_clipped,13,16,16.0,-0.0052797412066561186,1.0,1.0,0.13033472691368433,0.29130554732446906,0.0,0.25,0.5104166666666667,0.9,2.772588722239781,0.0625,0.0
smoke,23,1,16,diversity_constrained,12,16,16.0,-0.20695674620954665,1.0,1.0,0.23478365287464567,0.49298255232735955,0.0,0.25,0.5104166666666667,0.9,2.772588722239781,0.0625,0.0
smoke,23,1,32,min_energy,24,32,32.0,-1.9278008136356737,0.16666666666666663,0.0,1.200508130763413,2.0894560430248355,0.75,0.34375,0.5989583333333334,0.531524926686217,3.4657359027997265,0.03125,1.0
smoke,23,1,32,calibrated_clipped,13,32,32.0,-0.0052797412066561186,1.0,1.0,0.13033472691368433,0.16693497059581788,0.75,0.34375,0.5989583333333334,0.531524926686217,3.4657359027997265,0.03125,0.0
smoke,23,1,32,diversity_constrained,24,32,32.0,-1.9278008136356737,0.16666666666666663,0.0,1.200508130763413,2.0894560430248355,0.75,0.34375,0.5989583333333334,0.531524926686217,3.4657359027997265,0.03125,1.0
smoke,23,1,64,min_energy,44,64,64.0,-1.952,0.0,0.0,1.3499999999999999,2.11777558591477,0.8571428571428571,0.390625,0.5729166666666667,0.4717948717948718,4.1588830833596715,0.015625,1.0
smoke,23,1,64,calibrated_clipped,13,64,64.0,-0.0052797412066561186,1.0,1.0,0.13033472691368433,0.171055327121426,0.8571428571428571,0.390625,0.5729166666666667,0.4717948717948718,4.1588830833596715,0.015625,0.0
smoke,23,1,64,diversity_constrained,24,64,64.0,-1.9278008136356737,0.16666666666666663,0.0,1.200508130763413,2.0935763995504435,0.8571428571428571,0.390625,0.5729166666666667,0.4717948717948718,4.1588830833596715,0.015625,1.0
smoke,23,1,128,min_energy,68,128,128.0,-1.9520000000000008,0.0,0.0,1.3500000000000003,2.1049026580096024,1.0,0.421875,0.578125,0.45757988463651345,4.852030263919617,0.0078125,1.0
smoke,23,1,128,calibrated_clipped,13,128,128.0,-0.0052797412066561186,1.0,1.0,0.13033472691368433,0.15818239921625768,1.0,0.421875,0.578125,0.45757988463651345,4.852030263919617,0.0078125,0.0
smoke,23,1,128,diversity_constrained,96,128,128.0,-1.8781937058169629,0.16666666666666663,0.0,1.1406585076403084,2.031096363826564,1.0,0.421875,0.578125,0.45757988463651345,4.852030263919617,0.0078125,1.0
smoke,23,2,1,min_energy,0,1,1.0,0.02445905319280025,1.0,1.0,0.15487562536844415,0.0,0.0,1.0,1.0,0.0,-0.0,1.0,0.0
smoke,23,2,1,calibrated_clipped,0,1,1.0,0.02445905319280025,1.0,1.0,0.15487562536844415,0.0,0.0,1.0,1.0,0.0,-0.0,1.0,0.0
smoke,23,2,1,diversity_constrained,0,1,1.0,0.02445905319280025,1.0,1.0,0.15487562536844415,0.0,0.0,1.0,1.0,0.0,-0.0,1.0,0.0
smoke,23,2,2,min_energy,0,2,2.0,0.02445905319280025,1.0,1.0,0.15487562536844415,0.06910396767255922,0.0,0.5,0.9166666666666667,1.0,0.6931471805599453,0.5,0.0
smoke,23,2,2,calibrated_clipped,0,2,2.0,0.02445905319280025,1.0,1.0,0.15487562536844415,0.06910396767255922,0.0,0.5,0.9166666666666667,1.0,0.6931471805599453,0.5,0.0
smoke,23,2,2,diversity_constrained,0,2,2.0,0.02445905319280025,1.0,1.0,0.15487562536844415,0.06910396767255922,0.0,0.5,0.9166666666666667,1.0,0.6931471805599453,0.5,0.0
smoke,23,2,4,min_energy,2,4,4.0,-1.3322641794227141,0.0,0.0,0.9393256183777048,1.3884817285079765,1.0,0.5,0.7083333333333334,-0.4,1.3862943611198906,0.25,1.0
smoke,23,2,4,calibrated_clipped,0,4,4.0,0.02445905319280025,1.0,1.0,0.15487562536844415,0.03175849589246204,1.0,0.5,0.7083333333333334,-0.4,1.3862943611198906,0.25,0.0
smoke,23,2,4,diversity_constrained,2,4,4.0,-1.3322641794227141,0.0,0.0,0.9393256183777048,1.3884817285079765,1.0,0.5,0.7083333333333334,-0.4,1.3862943611198906,0.25,1.0
smoke,23,2,8,min_energy,5,8,8.0,-1.783366991407355,0.0,0.0,1.1522763740593776,1.9086885081651765,1.0,0.25,0.3541666666666667,-0.11904761904761904,2.0794415416798357,0.125,1.0
smoke,23,2,8,calibrated_clipped,2,8,8.0,-1.3322641794227141,0.0,0.0,0.9393256183777048,1.4575856961805356,1.0,0.25,0.3541666666666667,-0.11904761904761904,2.0794415416798357,0.125,1.0
smoke,23,2,8,diversity_constrained,5,8,8.0,-1.783366991407355,0.0,0.0,1.1522763740593776,1.9086885081651765,1.0,0.25,0.3541666666666667,-0.11904761904761904,2.0794415416798357,0.125,1.0
smoke,23,2,16,min_energy,9,16,16.0,-1.9520000000000008,0.0,0.0,1.3500000000000003,2.0516516920884476,1.0,0.25,0.375,0.15588235294117647,2.772588722239781,0.0625,1.0
smoke,23,2,16,calibrated_clipped,12,16,16.0,-1.8685548252713766,0.16666666666666663,0.0,1.127315850920798,1.968206517359823,1.0,0.25,0.375,0.15588235294117647,2.772588722239781,0.0625,1.0
smoke,23,2,16,diversity_constrained,12,16,16.0,-1.8685548252713766,0.16666666666666663,0.0,1.127315850920798,1.968206517359823,1.0,0.25,0.375,0.15588235294117647,2.772588722239781,0.0625,1.0
smoke,23,2,32,min_energy,9,32,32.0,-1.9520000000000008,0.0,0.0,1.3500000000000003,2.115840075960771,1.0,0.3125,0.4010416666666667,0.3914956011730205,3.4657359027997265,0.03125,1.0
smoke,23,2,32,calibrated_clipped,2,32,32.0,-1.3322641794227141,0.0,0.0,0.9393256183777048,1.496104255383484,1.0,0.3125,0.4010416666666667,0.3914956011730205,3.4657359027997265,0.03125,1.0
smoke,23,2,32,diversity_constrained,12,32,32.0,-1.8685548252713766,0.16666666666666663,0.0,1.127315850920798,2.0323949012321467,1.0,0.3125,0.4010416666666667,0.3914956011730205,3.4657359027997265,0.03125,1.0
smoke,23,2,64,min_energy,9,64,64.0,-1.9520000000000008,0.0,0.0,1.3500000000000003,2.118625860141036,1.0,0.328125,0.4348958333333333,0.37646520146520146,4.1588830833596715,0.015625,1.0
smoke,23,2,64,calibrated_clipped,58,64,64.0,-0.021995259603683197,1.0,1.0,0.14002057564378387,0.18862111974471835,1.0,0.328125,0.4348958333333333,0.37646520146520146,4.1588830833596715,0.015625,0.0
smoke,23,2,64,diversity_constrained,12,64,64.0,-1.8685548252713766,0.16666666666666663,0.0,1.127315850920798,2.0351806854124117,1.0,0.328125,0.4348958333333333,0.37646520146520146,4.1588830833596715,0.015625,1.0
smoke,23,2,128,min_energy,9,128,128.0,-1.9520000000000008,0.0,0.0,1.3500000000000003,2.1170921647639886,1.0,0.3671875,0.49348958333333337,0.4843893059879143,4.808708565134619,0.015625,1.0
smoke,23,2,128,calibrated_clipped,58,128,128.0,-0.021995259603683197,1.0,1.0,0.14002057564378387,0.18708742436767117,1.0,0.3671875,0.49348958333333337,0.4843893059879143,4.808708565134619,0.0078125,0.0
smoke,23,2,128,diversity_constrained,111,128,128.0,-1.852280189640633,0.16666666666666663,0.0,1.1075509307688034,2.0173723544046207,1.0,0.3671875,0.49348958333333337,0.4843893059879143,4.808708565134619,0.0078125,1.0
smoke,23,3,1,min_energy,0,1,1.0,-0.16284695617092124,1.0,1.0,0.2130199489648679,0.0,0.0,1.0,1.0,0.0,-0.0,1.0,0.0
smoke,23,3,1,calibrated_clipped,0,1,1.0,-0.16284695617092124,1.0,1.0,0.2130199489648679,0.0,0.0,1.0,1.0,0.0,-0.0,1.0,0.0
smoke,23,3,1,diversity_constrained,0,1,1.0,-0.16284695617092124,1.0,1.0,0.2130199489648679,0.0,0.0,1.0,1.0,0.0,-0.0,1.0,0.0
smoke,23,3,2,min_energy,0,2,2.0,-0.16284695617092124,1.0,1.0,0.2130199489648679,0.4586442160360512,0.0,0.5,0.5,1.0,0.6931471805599453,0.5,0.0
smoke,23,3,2,calibrated_clipped,0,2,2.0,-0.16284695617092124,1.0,1.0,0.2130199489648679,0.4586442160360512,0.0,0.5,0.5,1.0,0.6931471805599453,0.5,0.0
smoke,23,3,2,diversity_constrained,0,2,2.0,-0.16284695617092124,1.0,1.0,0.2130199489648679,0.4586442160360512,0.0,0.5,0.5,1.0,0.6931471805599453,0.5,0.0
smoke,23,3,4,min_energy,0,4,4.0,-0.16284695617092124,1.0,1.0,0.2130199489648679,0.5162102743282774,0.0,0.5,0.5,0.8,1.3862943611198906,0.25,0.0
smoke,23,3,4,calibrated_clipped,0,4,4.0,-0.16284695617092124,1.0,1.0,0.2130199489648679,0.5162102743282774,0.0,0.5,0.5,0.8,1.3862943611198906,0.25,0.0
smoke,23,3,4,diversity_constrained,0,4,4.0,-0.16284695617092124,1.0,1.0,0.2130199489648679,0.5162102743282774,0.0,0.5,0.5,0.8,1.3862943611198906,0.25,0.0
smoke,23,3,8,min_energy,0,8,8.0,-0.16284695617092124,1.0,1.0,0.2130199489648679,0.7425400929405319,0.0,0.375,0.375,0.7142857142857143,2.0794415416798357,0.125,0.0
smoke,23,3,8,calibrated_clipped,6,8,8.0,0.056088620442566954,1.0,1.0,0.10995425489181483,0.5236045163270437,0.0,0.375,0.375,0.7142857142857143,2.0794415416798357,0.125,0.0
smoke,23,3,8,diversity_constrained,0,8,8.0,-0.16284695617092124,1.0,1.0,0.2130199489648679,0.7425400929405319,0.0,0.375,0.375,0.7142857142857143,2.0794415416798357,0.125,0.0
smoke,23,3,16,min_energy,0,16,16.0,-0.16284695617092124,1.0,1.0,0.2130199489648679,0.24346458840590804,0.0,0.625,0.625,0.6441176470588236,2.772588722239781,0.0625,0.0
smoke,23,3,16,calibrated_clipped,8,16,16.0,-0.0433216054044699,1.0,1.0,0.17113660653921492,0.1239392376394567,0.0,0.625,0.625,0.6441176470588236,2.772588722239781,0.0625,0.0
smoke,23,3,16,diversity_constrained,0,16,16.0,-0.16284695617092124,1.0,1.0,0.2130199489648679,0.24346458840590804,0.0,0.625,0.625,0.6441176470588236,2.772588722239781,0.0625,0.0
smoke,23,3,32,min_energy,21,32,32.0,-2.055333333333334,0.16666666666666663,0.0,1.3500000000000003,2.212499889291385,0.75,0.46875,0.5520833333333334,0.5476539589442815,3.4657359027997265,0.03125,1.0
smoke,23,3,32,calibrated_clipped,31,32,32.0,-0.12916021679875792,1.0,1.0,0.18988109758169994,0.2863267727568093,0.75,0.46875,0.5520833333333334,0.5476539589442815,3.4657359027997265,0.03125,0.0
smoke,23,3,32,diversity_constrained,21,32,32.0,-2.055333333333334,0.16666666666666663,0.0,1.3500000000000003,2.212499889291385,0.75,0.46875,0.5520833333333334,0.5476539589442815,3.4657359027997265,0.03125,1.0
smoke,23,3,64,min_energy,21,64,64.0,-2.055333333333334,0.16666666666666663,0.0,1.3500000000000003,2.1775895724096657,1.0,0.421875,0.5338541666666666,0.4297619047619048,4.1588830833596715,0.015625,1.0
smoke,23,3,64,calibrated_clipped,31,64,64.0,-0.12916021679875792,1.0,1.0,0.18988109758169994,0.25141645587508965,1.0,0.421875,0.5338541666666666,0.4297619047619048,4.1588830833596715,0.015625,0.0
smoke,23,3,64,diversity_constrained,41,64,64.0,-1.9268268006942886,0.16666666666666663,0.0,1.1958921087915517,2.04908303977062,1.0,0.421875,0.5338541666666666,0.4297619047619048,4.1588830833596715,0.015625,1.0
smoke,23,3,128,min_energy,21,128,128.0,-2.055333333333334,0.16666666666666663,0.0,1.3500000000000003,2.189649115648151,1.0,0.3984375,0.54296875,0.3520188610144662,4.830369414527117,0.015625,1.0
smoke,23,3,128,calibrated_clipped,31,128,128.0,-0.12916021679875792,1.0,1.0,0.18988109758169994,0.2634759991135748,1.0,0.3984375,0.54296875,0.3520188610144662,4.830369414527117,0.0078125,0.0
smoke,23,3,128,diversity_constrained,123,128,128.0,-1.9208537032677913,0.33333333333333337,0.0,1.0752033006533956,2.055169485582608,1.0,0.3984375,0.54296875,0.3520188610144662,4.830369414527117,0.0078125,1.0
